date,open,close,high,low,volume,turnover,amount
2020-12-31,1698.77,1755.77,1756.75,1696.77,3886007.0,0.0031,7682300699.999999
2021-01-04,1757.75,1754.77,1762.76,1741.58,4351400.0,0.0034999999999999996,8686920300.0
2021-01-05,1747.77,1817.22,1817.22,1740.23,5211605.0,0.0040999999999999995,10592557400.0
2021-01-06,1822.57,1857.77,1882.77,1793.8,4741020.0,0.0038,9882593900.0
2021-01-07,1854.77,1897.77,1897.77,1832.77,3793139.0,0.003,7991178800.0
2021-01-08,1899.77,1847.77,1908.65,1820.79,5386164.0,0.0043,11345202900.0
2021-01-11,1847.77,1857.5,1908.27,1816.37,5107990.0,0.0040999999999999995,10768565400.0
2021-01-12,1845.77,1918.67,1918.67,1842.77,4105858.9999999995,0.0033,8800558300.0
2021-01-13,1921.77,1921.77,1931.1,1892.77,3438993.0,0.0027,7418330900.0
2021-01-14,1913.77,1891.77,1920.77,1873.88,3615219.9999999995,0.0029,7722089700.0
2021-01-15,1872.77,1839.77,1892.12,1786.77,5950939.0,0.004699999999999999,12372103200.0
2021-01-18,1818.83,1820.77,1849.25,1798.04,3914404.0,0.0031,8076715800.0
2021-01-19,1830.88,1767.18,1854.07,1764.62,4634519.0,0.0037,9479278500.0
2021-01-20,1765.77,1798.4,1813.26,1740.27,4508242.0,0.0036,9126453300.0
2021-01-21,1805.77,1827.77,1847.79,1798.77,3831017.0,0.0031,7953456000.0
2021-01-22,1826.77,1837.72,1857.77,1817.87,2924761.0,0.0023,6090260400.0
2021-01-25,1840.77,1932.77,1937.27,1840.77,5595716.0,0.0045000000000000005,12029474600.0
2021-01-26,1942.77,1899.66,1944.77,1882.88,3174746.0,0.0025,6820173400.0
2021-01-27,1899.66,1846.77,1899.66,1842.77,3712017.0,0.003,7809446400.0
2021-01-28,1837.77,1845.77,1867.43,1817.79,3512864.0,0.0028000000000000004,7337084500.0
2021-01-29,1858.96,1873.95,1907.25,1847.99,3370133.0,0.0027,7166179300.000001
2021-02-01,1887.77,1867.09,1917.77,1852.77,2934059.0,0.0023,6219639100.0
2021-02-02,1869.99,1902.77,1907.76,1859.87,3458225.0,0.0028000000000000004,7372233600.0
2021-02-03,1907.77,1947.68,1956.04,1897.77,3871415.0,0.0031,8384049300.000001
2021-02-04,1948.77,2078.62,2087.77,1948.77,6385101.0,0.0051,14596930200.0
2021-02-05,2082.77,2070.77,2122.37,2048.77,3972906.0,0.0032,9253566200.0
2021-02-08,2094.77,2126.57,2136.65,2070.77,3578573.0000000005,0.0028000000000000004,8420758600.0
2021-02-09,2126.57,2214.2,2214.2,2107.77,3329655.0000000005,0.0027,7972930000.0
2021-02-10,2242.77,2358.77,2358.97,2242.77,6137057.0,0.0049,15675929700.0
2021-02-18,2345.75,2228.77,2385.65,2222.77,6591232.000000001,0.0052,16704135300.0
2021-02-19,2208.93,2217.77,2254.43,2139.37,5938546.0,0.004699999999999999,14525164500.0
2021-02-22,2212.77,2045.79,2212.77,2035.99,7893547.0,0.0063,18498777200.0
2021-02-23,2022.91,2064.77,2102.66,2022.77,5745460.0,0.0046,13316110800.0
2021-02-24,2065.76,1946.77,2075.77,1918.27,8211578.0,0.006500000000000001,18195034400.0
2021-02-25,1966.77,1907.77,1982.27,1878.98,5972643.0,0.0048,12982145800.0
2021-02-26,1857.77,1880.55,1937.72,1825.07,6652506.0,0.0053,14097015500.0
2021-03-01,1936.77,1915.77,1936.77,1877.77,4491626.0,0.0036,9686945500.0
2021-03-02,1937.77,1815.77,1937.77,1790.77,7076450.0,0.005600000000000001,14796698600.000002
2021-03-03,1797.77,1897.77,1907.54,1790.77,5421546.0,0.0043,11366685400.0
2021-03-04,1852.77,1790.77,1853.77,1767.87,6508829.0,0.0052,13297304300.0
2021-03-05,1757.77,1817.88,1852.77,1745.77,6377920.0,0.0051,13100316000.0
2021-03-08,1832.73,1717.77,1842.77,1717.77,6309959.0,0.005,12724246000.0
2021-03-09,1712.77,1694.76,1757.77,1657.95,8226581.0,0.006500000000000001,16100769600.0
2021-03-10,1734.77,1727.78,1757.64,1724.77,5117174.0,0.0040999999999999995,10136910300.0
2021-03-11,1732.77,1805.77,1837.76,1719.25,5676897.0,0.0045000000000000005,11521736399.999998
2021-03-12,1827.77,1783.77,1834.77,1759.78,4032251.0,0.0032,8181594600.0
2021-03-15,1807.77,1733.22,1827.57,1708.92,6248487.0,0.005,12459955700.0
2021-03-16,1732.7,1768.27,1777.76,1722.77,3464850.0,0.0028000000000000004,6918600699.999999
2021-03-17,1757.77,1788.13,1807.77,1733.78,3137491.0,0.0025,6352656500.0
2021-03-18,1792.77,1827.47,1844.13,1792.77,3386487.9999999995,0.0027,6997030300.0
2021-03-19,1792.77,1767.77,1800.77,1750.0,3578076.9999999995,0.0028000000000000004,7211521800.000001
2021-03-22,1757.87,1747.76,1783.86,1713.32,3691407.0,0.0029,7323391300.0
2021-03-23,1756.65,1753.77,1766.57,1727.77,2744619.0,0.0022,5459520699.999999
2021-03-24,1738.77,1746.77,1770.77,1738.77,2935739.0,0.0023,5857848199.999999
2021-03-25,1727.78,1728.77,1746.65,1704.57,3157523.0,0.0025,6216733199.999999
2021-03-26,1742.77,1770.77,1779.77,1715.77,5001642.0,0.004,9987629400.0
2021-03-29,1800.97,1791.87,1854.12,1783.92,5699220.0,0.0045000000000000005,11740129400.0
2021-03-30,1797.77,1813.82,1843.77,1792.85,3262697.0,0.0026,6717493400.0
2021-03-31,1802.87,1766.77,1803.79,1757.77,3715441.0000000005,0.003,7489086200.0
2021-04-01,1778.77,1802.27,1804.57,1758.99,2658763.0,0.0021,5379775900.0
2021-04-02,1813.77,1919.77,1922.77,1813.77,5202757.0,0.0040999999999999995,10981752700.0
2021-04-06,1918.77,1883.8,1919.75,1860.07,3274177.0,0.0026,6967525000.0
2021-04-07,1861.83,1818.77,1875.07,1807.77,4020097.0,0.0032,8317799900.0
2021-04-08,1804.8,1827.77,1836.77,1801.77,2854762.0,0.0023,5893307500.0
2021-04-09,1799.77,1777.77,1811.77,1762.78,2880886.0,0.0023,5832453800.0
2021-04-12,1768.77,1766.66,1787.77,1749.47,3194307.0,0.0025,6409917300.0
2021-04-13,1777.77,1778.77,1807.57,1766.77,2899215.0,0.0023,5883787300.0
2021-04-14,1792.77,1804.77,1805.77,1773.77,2411465.0,0.0019,4908790000.0
2021-04-15,1788.67,1773.37,1804.67,1747.77,3436621.0,0.0027,6903769500.0
2021-04-16,1782.85,1812.75,1825.77,1769.77,3029370.0,0.0024,6183895100.0
2021-04-19,1812.77,1845.77,1856.13,1790.77,3175391.0,0.0025,6610577900.0
2021-04-20,1828.87,1852.57,1886.77,1827.77,2829037.0,0.0023,5949670000.0
2021-04-21,1833.77,1837.77,1855.57,1822.87,2614975.0,0.0021,5446146000.0
2021-04-22,1847.67,1813.27,1856.77,1809.27,2685002.0,0.0021,5539295699.999999
2021-04-23,1813.74,1866.71,1877.65,1810.27,3346276.9999999995,0.0027,7002695300.0
2021-04-26,1889.77,1835.59,1892.77,1831.37,3404511.0,0.0027,7160836899.999999
2021-04-27,1844.85,1852.21,1853.02,1822.86,2210785.0,0.0018,4607779000.0
2021-04-28,1767.77,1799.77,1805.27,1760.77,8134295.0,0.006500000000000001,16463574600.0
2021-04-29,1804.81,1784.13,1807.71,1771.77,4128378.0,0.0033,8370431200.0
2021-04-30,1783.77,1764.55,1793.77,1761.48,3840137.0000000005,0.0031,7723747000.0
2021-05-06,1757.77,1716.77,1764.61,1710.77,5354614.0,0.0043,10584968899.999998
2021-05-07,1722.77,1660.77,1725.75,1658.77,5249339.0,0.0042,10101703400.0
2021-05-10,1657.77,1636.8,1666.77,1623.78,4600318.0,0.0037,8677753600.0
2021-05-11,1633.77,1716.77,1723.77,1631.07,4249412.0,0.0034000000000000002,8209251899.999999
2021-05-12,1706.85,1741.77,1756.77,1706.77,3269887.0,0.0026,6473203300.0
2021-05-13,1723.52,1729.27,1742.82,1710.77,2507751.0,0.002,4934955000.0
2021-05-14,1739.77,1767.62,1788.27,1733.77,3561129.0,0.0028000000000000004,7150302000.0
2021-05-17,1782.87,1815.73,1842.97,1782.87,4452400.0,0.0034999999999999996,9178510000.0
2021-05-18,1822.77,1817.08,1834.77,1802.83,1750428.0,0.0014000000000000002,3595891700.0
2021-05-19,1816.77,1806.77,1832.58,1797.77,2240972.0,0.0018,4606452400.0
2021-05-20,1831.77,1816.65,1831.87,1803.13,2185716.0,0.0017000000000000001,4500663200.0
2021-05-21,1812.85,1799.87,1837.65,1794.79,2424823.0,0.0019,4976601500.0
2021-05-24,1808.77,1829.06,1837.83,1788.77,3254808.0,0.0026,6705879399.999999
2021-05-25,1842.77,1952.27,1957.87,1842.77,6775695.0,0.0054,14636718799.999998
2021-05-26,1965.75,1977.77,1999.57,1950.85,3860419.9999999995,0.0031,8558038199.999999
2021-05-27,1968.79,2002.77,2077.77,1958.87,4537338.0,0.0036,10240369000.0
2021-05-28,1998.74,1987.77,2007.77,1963.28,2580731.0,0.0021,5741332000.0
2021-05-31,1973.27,1975.77,1976.12,1929.77,3173900.0,0.0025,6960864300.000001
2021-06-01,1979.77,1998.72,2006.72,1963.77,3061634.0,0.0024,6832594500.0
2021-06-02,2007.77,1979.77,2021.77,1965.95,2286277.0,0.0018,5088908400.0
2021-06-03,1977.77,1979.99,2018.11,1967.85,2345031.0,0.0019,5242453000.0
2021-06-04,1972.77,2009.27,2045.77,1971.81,3142219.0,0.0025,7058715100.0
2021-06-07,2022.77,2028.77,2036.77,1997.78,2546627.0,0.002,5756592700.0
2021-06-08,2017.77,1948.77,2037.76,1918.92,4731363.0,0.0038,10479943200.0
2021-06-09,1949.77,1957.27,1971.77,1917.88,2550235.0,0.002,5591378800.0
2021-06-10,1952.77,1996.25,2009.14,1947.85,2556663.0,0.002,5707338400.0
2021-06-11,1996.77,1936.58,2001.77,1936.58,3397066.0000000005,0.0027,7513797000.0
2021-06-15,1952.87,1950.77,1966.65,1905.77,2936130.0,0.0023,6412821600.0
2021-06-16,1949.77,1915.77,1952.77,1905.77,2759315.0,0.0022,5978924500.0
2021-06-17,1913.42,1914.68,1945.77,1902.13,2106753.0,0.0017000000000000001,4558702600.0
2021-06-18,1904.77,1848.71,1914.27,1822.77,5402821.0,0.0043,11329180800.0
2021-06-21,1842.77,1839.41,1857.46,1807.77,3548826.0,0.0028000000000000004,7367986500.0
2021-06-22,1849.77,1832.74,1855.77,1811.66,3322818.0,0.0026,6900830600.000001
2021-06-23,1837.77,1795.77,1840.77,1791.92,3707901.0,0.003,7596735699.999999
2021-06-24,1797.78,1825.82,1837.77,1778.77,3147370.0,0.0025,6452557100.0
2021-06-25,1827.02,1869.06,1886.06,1819.66,3587543.0,0.0029,7459680500.0
2021-06-28,1877.06,1880.07,1895.06,1850.06,2745242.0,0.0022,5750241200.0
2021-06-29,1885.06,1839.06,1892.06,1828.06,3303062.9999999995,0.0026,6835635200.0
2021-06-30,1842.06,1833.76,1851.06,1823.36,2191566.0,0.0017000000000000001,4511484200.0
2021-07-01,1837.03,1882.06,1887.06,1808.66,3370124.0,0.0027,6970730900.0
2021-07-02,1852.06,1790.06,1852.06,1788.56,4627531.0,0.0037,9388640200.0
2021-07-05,1777.06,1771.06,1796.94,1762.06,3442094.9999999995,0.0027,6872797800.0
2021-07-06,1772.06,1789.96,1791.06,1737.07,3528251.0,0.0028000000000000004,7015883100.000001
2021-07-07,1787.06,1781.06,1805.94,1776.07,2812212.0,0.0022,5658210699.999999
2021-07-08,1777.16,1762.06,1781.06,1745.06,3551669.0,0.0028000000000000004,7027713800.0
2021-07-09,1741.58,1749.17,1762.97,1722.06,3090790.0,0.0025,6072341000.0
2021-07-12,1752.61,1738.06,1775.84,1717.56,3901024.0,0.0031,7658786200.0
2021-07-13,1745.06,1759.96,1782.56,1742.06,2992471.0,0.0024,5946287300.0
2021-07-14,1751.06,1739.06,1751.56,1722.06,3077069.0,0.0025,6011814900.0
2021-07-15,1732.08,1775.05,1790.06,1727.66,4219005.0,0.0034000000000000002,8391506200.0
2021-07-16,1757.06,1732.96,1773.66,1727.06,3540764.0,0.0028000000000000004,6958296899.999999
2021-07-19,1732.95,1752.06,1763.06,1718.06,3005234.0,0.0024,5900348199.999999
2021-07-20,1752.06,1757.06,1765.99,1738.47,2347521.0,0.0019,4639301000.0
2021-07-21,1766.06,1746.06,1783.06,1739.07,2978013.0,0.0024,5902656200.0
2021-07-22,1737.06,1717.07,1750.96,1716.02,3909047.0,0.0031,7619076899.999999
2021-07-23,1714.88,1677.06,1714.88,1672.15,4758547.0,0.0038,9057761900.0
2021-07-26,1656.06,1581.17,1656.06,1557.06,9861948.0,0.0079,17894360800.0
2021-07-27,1580.06,1489.95,1587.06,1480.06,8657699.0,0.0069,15230805700.0
2021-07-28,1480.06,1545.96,1565.26,1459.18,8536884.0,0.0068000000000000005,14792470900.0
2021-07-29,1587.07,1526.85,1600.06,1511.4,6386385.0,0.0051,11299569900.0
2021-07-30,1502.06,1456.05,1502.06,1434.82,7773589.0,0.0062,13109725000.0
2021-08-02,1441.06,1532.06,1533.04,1397.78,9740065.0,0.0078000000000000005,16515259100.0
2021-08-03,1507.06,1526.36,1546.05,1465.86,5437475.0,0.0043,9447823200.0
2021-08-04,1511.12,1501.06,1537.06,1495.06,3817549.0,0.003,6614683400.0
2021-08-05,1469.94,1476.06,1522.06,1453.42,4805969.0,0.0038,8177369900.0
2021-08-06,1466.06,1448.06,1471.07,1423.66,4568610.0,0.0036,7616109600.0
2021-08-09,1428.06,1470.86,1486.06,1427.06,4769775.0,0.0038,8028155500.0
2021-08-10,1477.06,1576.06,1579.94,1452.06,8328505.0,0.0066,14549496500.0
2021-08-11,1557.07,1527.56,1562.07,1527.07,3866258.9999999995,0.0031,6821292800.0
2021-08-12,1509.06,1467.06,1526.06,1463.25,4755097.0,0.0038,8130692600.0
2021-08-13,1467.06,1477.1,1490.06,1456.06,3790451.9999999995,0.003,6418412500.0
2021-08-16,1473.06,1476.26,1490.66,1462.14,2805697.0,0.0022,4773049800.0
2021-08-17,1477.06,1412.06,1477.06,1405.94,6120077.0,0.0049,10140292000.0
2021-08-18,1401.72,1397.06,1420.05,1377.06,5997026.0,0.0048,9701556300.0
2021-08-19,1399.28,1397.03,1420.26,1377.06,4129194.9999999995,0.0033,6682355699.999999
2021-08-20,1332.23,1325.06,1374.61,1302.56,11454454.0,0.0091,17825198300.0
2021-08-23,1314.94,1347.25,1376.06,1313.83,7159720.0,0.005699999999999999,11218832900.0
2021-08-24,1352.06,1402.24,1419.61,1342.83,7259447.0,0.0058,11703813799.999998
2021-08-25,1424.7,1442.08,1457.93,1420.06,5423890.0,0.0043,9037626400.0
2021-08-26,1442.05,1372.06,1442.05,1371.78,5402037.0,0.0043,8722233200.0
2021-08-27,1366.06,1373.09,1402.06,1361.16,3609544.9999999995,0.0029,5791426200.0
2021-08-30,1382.06,1363.06,1390.06,1323.01,5158770.0,0.0040999999999999995,8098190300.0
2021-08-31,1366.86,1335.06,1393.41,1332.16,4367709.0,0.0034999999999999996,6888080900.0
2021-09-01,1336.06,1399.07,1412.05,1308.16,7731610.000000001,0.0062,12370243400.0
2021-09-02,1410.05,1395.86,1420.06,1377.95,4283679.0,0.0034000000000000002,6939707300.0
2021-09-03,1387.08,1435.28,1436.85,1359.06,5283518.0,0.0042,8631165700.0
2021-09-06,1426.06,1447.73,1485.22,1403.21,5533806.0,0.0044,9306030700.0
2021-09-07,1438.09,1446.06,1461.54,1428.06,3121122.0,0.0025,5204051700.0
2021-09-08,1437.06,1410.16,1448.24,1405.14,3306367.0,0.0026,5428265600.000001
2021-09-09,1403.06,1411.14,1422.06,1401.07,1995013.0,0.0016,3257785800.0
2021-09-10,1411.14,1439.64,1445.86,1410.06,3338811.0,0.0027,5528034100.0
2021-09-13,1442.06,1431.06,1461.06,1417.16,2772002.0,0.0022,4605031700.0
2021-09-14,1436.06,1434.06,1460.06,1430.06,3376061.0,0.0027,5638962700.0
2021-09-15,1427.06,1392.8,1437.06,1387.06,4157005.0000000005,0.0033,6781755400.0
2021-09-16,1380.06,1415.13,1421.06,1362.06,4596802.0,0.0037,7458455100.0
2021-09-17,1397.06,1463.06,1482.66,1397.06,5513025.0,0.0044,9242101600.0
2021-09-22,1435.89,1414.75,1465.06,1412.06,3174300.0,0.0025,5227723000.0
2021-09-23,1415.06,1412.06,1432.94,1402.14,3034181.0,0.0024,4964210100.0
2021-09-24,1405.06,1471.06,1497.04,1405.06,6953660.000000001,0.0055000000000000005,11756596100.000002
2021-09-27,1527.06,1632.06,1640.46,1527.06,12686892.0,0.0101,23270689700.000004
2021-09-28,1625.06,1599.12,1637.06,1572.06,4922105.0,0.0039000000000000003,8973408800.0
2021-09-29,1586.06,1597.06,1622.07,1562.96,4329065.0,0.0034000000000000002,7870151800.000001
2021-09-30,1595.24,1607.06,1627.28,1580.46,4053929.0,0.0032,7411735800.0
2021-10-08,1599.48,1616.66,1655.06,1584.29,4745196.0,0.0038,8780381100.0
2021-10-11,1616.57,1644.18,1666.96,1608.07,3767557.0,0.003,7040475300.0
2021-10-12,1643.06,1648.05,1654.06,1619.48,3060642.0,0.0024,5688160800.0
2021-10-13,1647.06,1706.96,1727.01,1639.06,5014261.0,0.004,9625769100.0
2021-10-14,1705.99,1688.06,1718.86,1673.06,2662255.0,0.0021,5097602200.0
2021-10-15,1667.16,1694.03,1707.05,1667.16,2856078.0,0.0023,5452953900.0
2021-10-18,1665.06,1577.06,1665.06,1564.06,6965202.0,0.0055000000000000005,12651498600.000002
2021-10-19,1577.06,1589.24,1615.86,1576.94,4031456.0,0.0032,7330114100.0
2021-10-20,1610.06,1618.06,1626.86,1583.07,2866339.0,0.0023,5246404600.0
2021-10-21,1618.16,1621.06,1637.06,1606.06,2301870.0,0.0018,4238584300.0
2021-10-22,1632.06,1678.06,1698.07,1631.06,3596260.0,0.0029,6794850100.0
2021-10-25,1657.06,1650.09,1662.07,1635.06,3246133.0,0.0026,6076219900.0
2021-10-26,1641.09,1638.11,1656.05,1621.06,2113026.0,0.0017000000000000001,3934223700.0
2021-10-27,1629.36,1596.06,1635.36,1577.16,3464729.0,0.0028000000000000004,6302270900.0
2021-10-28,1602.26,1602.55,1620.84,1579.06,2949093.0,0.0023,5383196100.0
2021-10-29,1602.06,1603.14,1625.06,1590.06,2877586.0,0.0023,5266899000.0
2021-11-01,1557.06,1580.06,1603.36,1537.06,4168998.0000000005,0.0033,7486936400.0
2021-11-02,1573.76,1581.7,1621.28,1565.06,3250024.0,0.0026,5875341400.0
2021-11-03,1577.06,1542.06,1587.04,1538.25,2782931.0,0.0022,4958314500.0
2021-11-04,1555.0,1581.26,1593.06,1546.48,3113043.0,0.0025,5592211700.0
2021-11-05,1581.27,1597.0,1622.05,1581.27,2707723.0,0.0022,4956331400.0
2021-11-08,1597.06,1597.16,1607.86,1579.11,1770572.0,0.0014000000000000002,3220439300.0
2021-11-09,1597.04,1567.07,1604.93,1559.06,2735192.0,0.0022,4915170000.0
2021-11-10,1567.07,1531.05,1572.06,1512.06,3534876.9999999995,0.0028000000000000004,6204803300.0
2021-11-11,1529.99,1546.66,1546.66,1518.56,2265187.0,0.0018,3987243300.0
2021-11-12,1555.06,1550.84,1562.11,1543.72,1760663.0,0.0014000000000000002,3124401000.0
2021-11-15,1550.74,1538.2,1561.06,1527.06,2494735.0,0.002,4410975400.0
2021-11-16,1545.06,1585.06,1595.06,1542.06,3352624.0,0.0027,6033536300.0
2021-11-17,1582.06,1572.06,1597.56,1567.07,2450546.0,0.002,4411450900.0
2021-11-18,1558.28,1569.06,1584.06,1547.06,1952089.0,0.0016,3485675000.0
2021-11-19,1571.25,1605.47,1626.06,1565.26,3115559.0,0.0025,5699883800.0
2021-11-22,1626.06,1631.33,1686.06,1625.06,4257268.0,0.0034000000000000002,7994018400.0
2021-11-23,1629.06,1673.49,1694.06,1629.06,4578220.0,0.0036,8676297600.0
2021-11-24,1677.06,1718.06,1743.06,1674.06,5451235.0,0.0043,10555736800.0
2021-11-25,1730.06,1733.09,1763.26,1723.31,3975287.9999999995,0.0032,7803035300.0
2021-11-26,1741.89,1718.07,1744.06,1702.06,3265557.0,0.0026,6337346200.0
2021-11-29,1737.06,1762.06,1767.06,1728.14,4239934.0,0.0034000000000000002,8372476100.0
2021-11-30,1762.46,1707.83,1766.96,1704.56,3692487.0000000005,0.0029,7192172500.0
2021-12-01,1727.06,1710.05,1737.01,1696.08,2625440.0,0.0021,5071457100.0
2021-12-02,1717.06,1711.06,1719.21,1696.66,2042182.0,0.0016,3939731500.0
2021-12-03,1709.06,1748.94,1765.68,1708.11,3581839.0,0.0029,7045848199.999999
2021-12-06,1760.06,1744.36,1767.06,1727.06,3106388.0,0.0025,6122543800.0
2021-12-07,1757.8,1732.93,1764.93,1723.79,3697989.0,0.0029,7286659600.0
2021-12-08,1741.94,1820.06,1822.06,1727.06,6104807.0,0.0049,12285102000.0
2021-12-09,1832.0,1863.61,1893.98,1822.06,6423918.0,0.0051,13404724500.0
2021-12-10,1837.06,1867.06,1872.84,1833.06,4314822.0,0.0034000000000000002,8944582300.0
2021-12-13,1931.06,1895.26,1957.06,1895.06,6580656.0,0.0052,14139012300.0
2021-12-14,1895.26,1927.06,1944.96,1877.06,4044941.0000000005,0.0032,8673733700.0
2021-12-15,1919.21,1912.06,1942.01,1902.08,3007827.0,0.0024,6444715100.0
2021-12-16,1892.06,1896.05,1921.11,1863.29,3721136.0,0.003,7865499300.000001
2021-12-17,1877.56,1827.76,1885.06,1813.06,4840318.0,0.0039000000000000003,9988869800.0
2021-12-20,1827.76,1836.02,1862.72,1818.06,3225769.0,0.0026,6654596500.0
2021-12-21,1822.06,1815.26,1846.19,1789.89,2628589.0,0.0021,5354186600.0
2021-12-22,1817.06,1825.06,1840.06,1817.06,1743079.0,0.0014000000000000002,3570928400.0000005
2021-12-23,1830.06,1897.06,1897.06,1802.06,3909854.0,0.0031,8126298000.0
2021-12-24,1925.94,1971.15,1994.02,1925.94,5612959.0,0.0045000000000000005,12295953400.0
2021-12-27,1945.06,1908.88,1945.06,1889.06,3755590.0,0.003,8020677700.0
2021-12-28,1910.06,1915.24,1932.56,1893.66,2765070.0,0.0022,5901940600.000001
2021-12-29,1927.06,1818.06,1931.31,1818.06,5404902.0,0.0043,11195625200.0
2021-12-30,1818.06,1852.06,1866.04,1805.06,3526136.0,0.0028000000000000004,7272866700.0
2021-12-31,1847.06,1827.06,1850.04,1805.06,2966491.0,0.0024,6061415300.0
2022-01-04,1832.06,1828.29,1846.01,1791.06,3384262.0000000005,0.0027,6913653100.000001
2022-01-05,1822.06,1801.06,1842.06,1795.06,2839551.0,0.0023,5774992100.0
2022-01-06,1799.07,1759.28,1813.06,1715.57,5179475.0,0.0040999999999999995,10226933800.0
2022-01-07,1752.06,1719.06,1765.94,1716.38,2981669.0,0.0024,5831695300.0
2022-01-10,1705.07,1743.06,1754.06,1694.61,2962670.0,0.0024,5792738100.000001
2022-01-11,1725.06,1717.61,1742.06,1708.23,2227664.0,0.0018,4332180600.0
2022-01-12,1725.06,1744.06,1755.86,1725.06,2747410.0,0.0022,5384359600.0
2022-01-13,1741.88,1654.45,1745.05,1642.62,5674735.0,0.0045000000000000005,10781720500.0
2022-01-14,1654.45,1644.06,1670.06,1640.06,2932164.0,0.0023,5506186000.0
2022-01-17,1645.06,1638.67,1655.36,1612.4,2735382.0,0.0022,5074077700.0
2022-01-18,1638.74,1669.33,1685.91,1629.06,3121577.0,0.0025,5906705900.0
2022-01-19,1696.06,1689.06,1696.06,1665.94,2637094.0,0.0021,5026993500.0
2022-01-20,1693.06,1746.58,1757.05,1693.06,3401391.0000000005,0.0027,6665295000.0
2022-01-21,1737.06,1762.05,1770.55,1728.07,3081258.0,0.0025,6091427700.0
2022-01-24,1732.06,1727.26,1761.06,1708.5,2398580.0,0.0019,4685441800.0
2022-01-25,1720.06,1720.06,1743.06,1708.06,2551012.0,0.002,4971078500.0
2022-01-26,1719.1,1732.06,1746.06,1696.06,2390513.0,0.0019,4655706500.0
2022-01-27,1778.07,1742.06,1787.88,1729.06,4266516.0,0.0034000000000000002,8450329100.0
2022-01-28,1732.06,1664.06,1745.06,1657.07,4102011.0,0.0033,7889492900.0
2022-02-07,1678.05,1645.02,1690.62,1627.06,3515042.0,0.0028000000000000004,6601799700.0
2022-02-08,1645.94,1616.06,1649.93,1567.06,4171306.0,0.0033,7585130500.0
2022-02-09,1616.15,1673.04,1685.06,1604.03,3388479.0,0.0027,6346699800.0
2022-02-10,1677.06,1650.06,1682.96,1634.45,2303183.0,0.0018,4315456900.0
2022-02-11,1634.06,1627.03,1677.85,1618.06,3374649.0,0.0027,6296909600.0
2022-02-14,1617.06,1645.73,1654.06,1614.37,2019587.0,0.0016,3762313300.0
2022-02-15,1645.86,1667.68,1688.06,1636.06,2710586.0,0.0022,5131842100.0
2022-02-16,1677.06,1669.61,1684.06,1665.06,1458685.0,0.0012,2769034300.0
2022-02-17,1677.67,1664.05,1688.54,1658.06,1821366.0,0.0015,3450265000.0
2022-02-18,1654.69,1684.06,1685.04,1642.72,1938549.0000000002,0.0015,3670339699.9999995
2022-02-21,1677.06,1654.05,1683.96,1646.01,2081573.0,0.0017000000000000001,3920377400.0
2022-02-22,1637.07,1584.93,1638.06,1577.08,5229881.0,0.0042,9473992600.0
2022-02-23,1588.47,1604.07,1611.06,1577.14,2811161.0,0.0022,5118197800.0
2022-02-24,1585.06,1541.17,1591.05,1525.16,6535925.0,0.0052,11578557100.0
2022-02-25,1552.06,1576.12,1585.34,1552.06,3897912.9999999995,0.0031,6999524200.0
2022-02-28,1564.12,1567.46,1574.06,1544.06,2892303.0,0.0023,5158148400.0
2022-03-01,1579.06,1635.54,1640.63,1579.06,4737930.0,0.0038,8721229300.0
2022-03-02,1617.06,1621.94,1628.05,1602.06,2007448.0,0.0016,3690612300.0
2022-03-03,1622.86,1577.06,1627.31,1571.06,3154693.0,0.0025,5703580600.000001
2022-03-04,1549.06,1557.56,1569.95,1532.16,3104703.0,0.0025,5509157700.0
2022-03-07,1537.26,1484.06,1545.06,1480.86,4915581.0,0.0039000000000000003,8487507400.0
2022-03-08,1537.04,1530.26,1563.72,1509.06,5721546.0,0.0046,10087484400.0
2022-03-09,1541.16,1556.24,1582.06,1498.17,5643442.0,0.0045000000000000005,10018590100.0
2022-03-10,1585.06,1571.49,1598.06,1568.06,3646178.0,0.0029,6587438900.0
2022-03-11,1543.06,1546.07,1554.06,1495.14,4772677.0,0.0038,8335618300.0
2022-03-14,1507.06,1477.06,1527.06,1477.06,4900661.0,0.0039000000000000003,8416841899.999999
2022-03-15,1427.06,1380.06,1462.06,1380.06,8905587.0,0.0070999999999999995,14567142600.0
2022-03-16,1411.06,1452.01,1460.96,1370.06,7759281.0,0.0062,12753010200.0
2022-03-17,1497.06,1497.21,1532.06,1488.72,6835196.000000001,0.0054,11843531800.0
2022-03-18,1495.06,1484.85,1522.06,1469.34,3834868.0,0.0031,6564085400.0
2022-03-21,1501.06,1481.36,1502.71,1472.07,2787716.0,0.0022,4763083300.0
2022-03-22,1500.94,1472.06,1500.94,1463.39,2105404.0,0.0017000000000000001,3578291200.0
2022-03-23,1482.06,1529.25,1547.06,1474.06,5806739.0,0.0046,10096341400.0
2022-03-24,1515.06,1497.99,1517.06,1494.41,2581532.0,0.0021,4457504400.0
2022-03-25,1489.06,1467.06,1511.06,1462.06,2970866.0,0.0024,5054831400.0
2022-03-28,1402.06,1437.86,1441.86,1381.06,5754164.0,0.0046,9392008000.0
2022-03-29,1438.56,1444.06,1468.56,1438.56,2593498.0,0.0021,4343365500.0
2022-03-30,1475.06,1507.16,1507.16,1472.06,4243343.0,0.0034000000000000002,7276379100.0
2022-03-31,1497.06,1496.06,1515.66,1485.86,2517386.0,0.002,4338022900.0
2022-04-01,1507.0,1557.07,1570.06,1498.75,4486200.0,0.0036,7936957300.0
2022-04-06,1530.06,1542.06,1565.79,1530.06,2782000.0,0.0022,4910792400.0
2022-04-07,1535.06,1542.06,1562.06,1527.16,2019600.0,0.0016,3568182300.0
2022-04-08,1545.06,1561.06,1565.76,1543.6,2294100.0,0.0018,4081618500.0
2022-04-11,1547.06,1497.06,1547.06,1483.09,4386400.0,0.0034999999999999996,7568782600.0
2022-04-12,1506.06,1559.06,1565.03,1485.06,4163000.0,0.0033,7284546300.0
2022-04-13,1544.06,1546.06,1572.06,1528.14,3114800.0,0.0025,5534915800.0
2022-04-14,1565.06,1586.06,1612.96,1557.26,3765000.0,0.003,6834657200.0
2022-04-15,1579.26,1583.05,1595.06,1572.95,2104100.0,0.0017000000000000001,3800797600.0
2022-04-18,1558.19,1567.88,1575.06,1545.06,1979300.0,0.0016,3525103000.0
2022-04-19,1577.06,1567.36,1610.05,1552.56,2420500.0,0.0019,4359852000.0
2022-04-20,1578.75,1574.06,1597.06,1545.74,2415600.0,0.0019,4342043300.0
2022-04-21,1567.26,1557.04,1583.06,1547.06,2895300.0,0.0023,5160788000.0
2022-04-22,1540.06,1550.06,1564.94,1537.24,2790000.0,0.0022,4955360800.0
2022-04-25,1527.06,1485.06,1553.56,1479.06,5365800.0,0.0043,9352986900.0
2022-04-26,1480.39,1509.54,1526.04,1477.06,4456400.0,0.0034999999999999996,7692845200.0
2022-04-27,1544.18,1571.98,1587.06,1544.18,5740200.0,0.0046,10289893000.0
2022-04-28,1570.06,1612.06,1622.06,1563.56,4401000.0,0.0034999999999999996,8038682000.0
2022-04-29,1613.06,1605.44,1626.06,1588.04,3488500.0,0.0028000000000000004,6384066500.0
2022-05-05,1607.06,1614.06,1647.06,1606.04,3366100.0,0.0027,6235017600.0
2022-05-06,1592.05,1570.06,1596.06,1558.06,2859600.0,0.0023,5138176700.0
2022-05-09,1557.06,1529.06,1557.06,1515.06,3035200.0,0.0024,5324616300.0
2022-05-10,1497.06,1543.25,1562.02,1482.07,4011900.0,0.0032,7018451100.0
2022-05-11,1532.06,1545.06,1565.54,1529.06,3031300.0,0.0024,5372950000.0
2022-05-12,1530.06,1539.73,1555.06,1527.06,2203800.0,0.0018,3888480100.0
2022-05-13,1557.06,1555.3,1575.0,1543.06,2073100.0,0.0017000000000000001,3690141200.0
2022-05-16,1574.06,1535.06,1574.06,1519.73,2776500.0,0.0022,4881208700.0
2022-05-17,1546.94,1545.06,1552.06,1532.06,2014500.0,0.0016,3557048800.0
2022-05-18,1550.72,1538.06,1550.98,1520.08,2485000.0,0.002,4362486900.0
2022-05-19,1522.06,1533.06,1534.06,1516.06,1977600.0,0.0016,3459059200.0
2022-05-20,1537.05,1577.07,1578.21,1529.06,4195000.0,0.0033,7493460300.0
2022-05-23,1577.06,1558.06,1580.95,1549.06,2215700.0,0.0018,3950856599.9999995
2022-05-24,1563.06,1537.06,1564.06,1532.56,2734200.0,0.0022,4824599900.0
2022-05-25,1542.33,1532.57,1549.06,1524.06,2238900.0,0.0018,3929477100.0
2022-05-26,1538.06,1519.86,1538.06,1507.06,2805300.0,0.0022,4888109200.0
2022-05-27,1537.05,1532.22,1557.06,1530.07,2512000.0,0.002,4436904900.0
2022-05-30,1543.06,1555.47,1567.61,1543.06,3446600.0,0.0027,6135631300.0
2022-05-31,1551.83,1581.09,1591.96,1544.04,4075100.0,0.0032,7329201100.0
2022-06-01,1579.06,1565.31,1591.84,1556.06,2176000.0,0.0017000000000000001,3897859000.0
2022-06-02,1565.03,1563.06,1572.86,1557.06,1691500.0,0.0013,3019718000.0
2022-06-06,1567.06,1565.06,1572.06,1535.06,3674100.0,0.0029,6535329399.999999
2022-06-07,1561.2,1594.96,1602.06,1547.37,3504900.0,0.0028000000000000004,6356031000.0
2022-06-08,1602.06,1642.66,1659.06,1602.06,4435400.0,0.0034999999999999996,8236953800.0
2022-06-09,1649.06,1630.06,1665.41,1626.06,2632900.0,0.0021,4897066600.0
2022-06-10,1622.07,1677.66,1684.06,1612.06,4734500.0,0.0038,8882462600.0
2022-06-13,1667.06,1633.06,1669.06,1625.14,3675500.0,0.0029,6847249000.0
2022-06-14,1611.06,1648.06,1652.48,1609.06,2941600.0,0.0023,5467949300.000001
2022-06-15,1647.06,1652.16,1682.06,1640.05,3366400.0,0.0027,6354869100.0
2022-06-16,1671.65,1654.06,1684.69,1652.39,2688700.0,0.0021,5087605400.0
2022-06-17,1655.15,1728.06,1729.06,1655.15,5054200.0,0.004,9749530900.0
2022-06-20,1727.06,1719.08,1747.06,1707.06,3497500.0,0.0028000000000000004,6802792500.0
2022-06-21,1726.06,1722.8,1744.05,1705.06,2371700.0,0.0019,4617805100.0
2022-06-22,1732.06,1713.06,1735.06,1709.06,1964700.0,0.0016,3813775300.0000005
2022-06-23,1719.76,1734.16,1742.1,1717.06,2684400.0,0.0021,5239860400.0
2022-06-24,1747.06,1786.07,1797.06,1742.06,3963500.0,0.0032,7921199800.0
2022-06-27,1797.0,1787.61,1827.0,1777.36,4011500.0,0.0032,8124448900.0
2022-06-28,1796.8,1813.06,1818.06,1778.06,2524600.0,0.002,5112298800.0
2022-06-29,1805.06,1807.06,1819.06,1788.07,3036000.0,0.0024,6142508400.0
2022-06-30,1798.73,1843.73,1875.73,1798.72,3898200.0,0.0031,7984019399.999999
2022-07-01,1853.73,1827.78,1866.5,1813.94,2159600.0,0.0017000000000000001,4385555300.0
2022-07-04,1818.74,1816.73,1823.02,1799.74,2507600.0,0.002,5042804300.0
2022-07-05,1824.01,1831.74,1853.18,1808.73,2632900.0,0.0021,5345189900.0
2022-07-06,1830.73,1800.73,1837.73,1784.73,3275200.0,0.0026,6566375000.0
2022-07-07,1803.73,1788.73,1808.08,1783.74,2093200.0,0.0017000000000000001,4179088200.0
2022-07-08,1803.73,1797.73,1813.62,1794.89,1564400.0,0.0012,3134903500.0
2022-07-11,1788.93,1762.33,1793.5,1749.23,2394900.0,0.0019,4709248300.0
2022-07-12,1763.73,1747.14,1771.53,1728.79,2344700.0,0.0019,4562731400.0
2022-07-13,1743.73,1757.62,1770.73,1739.4,1985400.0,0.0016,3893406000.0
2022-07-14,1758.73,1751.73,1775.53,1739.73,2052700.0,0.0016,4014985500.0
2022-07-15,1743.84,1748.23,1798.41,1743.24,3341600.0,0.0027,6588730699.999999
2022-07-18,1751.09,1750.39,1757.73,1720.73,2422100.0,0.0019,4701936900.0
2022-07-19,1743.73,1741.83,1750.38,1724.73,2195600.0,0.0017000000000000001,4250852900.0
2022-07-20,1757.48,1748.83,1768.73,1743.73,1870500.0,0.0015,3659971000.0
2022-07-21,1741.83,1737.73,1754.63,1733.24,1406100.0,0.0011,2735503100.0
2022-07-22,1747.95,1745.73,1760.73,1733.73,2511400.0,0.002,4894378600.0
2022-07-25,1748.24,1743.38,1751.03,1729.73,1691200.0,0.0013,3285451300.0
2022-07-26,1751.72,1748.94,1763.7,1745.75,2068500.0,0.0016,4041100100.0
2022-07-27,1740.73,1718.33,1746.73,1715.73,2149000.0,0.0017000000000000001,4149807199.9999995
2022-07-28,1719.83,1696.73,1736.73,1691.39,3487000.0,0.0028000000000000004,6669448400.0
2022-07-29,1693.83,1697.17,1717.72,1676.83,3703200.0,0.0029,7028415900.0
2022-08-01,1688.74,1689.03,1706.73,1679.91,2103700.0,0.0017000000000000001,3988198600.0
2022-08-02,1678.73,1678.71,1686.71,1656.74,2822100.0,0.0022,5284516600.0
2022-08-03,1688.72,1683.73,1702.73,1675.73,2459800.0,0.002,4642442200.0
2022-08-04,1688.73,1714.74,1721.83,1678.86,3035700.0,0.0024,5797110699.999999
2022-08-05,1726.53,1722.69,1733.73,1703.63,2008600.0,0.0016,3857406300.0
2022-08-08,1713.88,1710.26,1731.61,1706.24,1679900.0,0.0013,3220702900.0
2022-08-09,1710.26,1708.73,1717.72,1703.73,1387500.0,0.0011,2651800000.0
2022-08-10,1708.71,1674.73,1716.73,1663.31,2792700.0,0.0022,5259452700.0
2022-08-11,1684.73,1705.63,1705.73,1676.74,2606100.0,0.0021,4940834200.0
2022-08-12,1705.63,1726.73,1728.73,1698.73,2026000.0,0.0016,3882570600.0
2022-08-15,1719.19,1718.62,1738.23,1714.28,1932300.0,0.0015,3717178500.0
2022-08-16,1722.67,1716.57,1732.52,1714.73,1483600.0,0.0012,2854189600.0
2022-08-17,1728.73,1716.73,1728.73,1693.73,1836100.0,0.0015,3508295500.0
2022-08-18,1706.73,1694.23,1711.81,1679.8,2316800.0,0.0018,4384060200.0
2022-08-19,1696.73,1693.74,1707.08,1686.73,1354400.0,0.0011,2572000800.0
2022-08-22,1683.74,1692.71,1705.73,1680.11,1542700.0,0.0012,2925285500.0
2022-08-23,1697.33,1668.74,1697.33,1665.73,2375600.0,0.0019,4452539000.0
2022-08-24,1668.72,1652.93,1673.96,1649.73,1872800.0,0.0015,3486383000.0
2022-08-25,1657.73,1683.73,1686.73,1652.93,2192500.0,0.0017000000000000001,4107597900.0
2022-08-26,1698.73,1696.73,1710.73,1684.73,2314200.0,0.0018,4397161100.0
2022-08-29,1681.73,1677.55,1698.7,1672.73,1357000.0,0.0011,2555981200.0
2022-08-30,1681.08,1668.73,1683.73,1652.93,1823500.0,0.0015,3400091400.0
2022-08-31,1658.83,1722.73,1724.29,1658.74,4469200.0,0.0036,8518225300.0
2022-09-01,1710.88,1679.62,1714.73,1679.62,2684500.0,0.0021,5088659000.0
2022-09-02,1688.67,1673.73,1691.69,1664.9,1939100.0,0.0015,3635162800.0000005
2022-09-05,1661.37,1633.73,1667.73,1618.73,3682200.0,0.0029,6764549200.0
2022-09-06,1634.09,1643.73,1646.93,1623.73,2083000.0,0.0017000000000000001,3832086300.0
2022-09-07,1633.76,1616.74,1636.39,1609.74,2830600.0,0.0023,5151537300.0
2022-09-08,1618.73,1613.73,1630.73,1613.73,1659100.0,0.0013,3026766400.0
2022-09-09,1623.73,1643.52,1650.73,1614.73,2709000.0,0.0022,4991679500.0
2022-09-13,1678.73,1677.73,1687.11,1656.96,2869300.0,0.0023,5387987100.0
2022-09-14,1662.74,1667.73,1678.73,1661.73,1604200.0,0.0013,3002693200.0
2022-09-15,1668.73,1678.73,1691.85,1668.69,2081000.0,0.0017000000000000001,3917954300.0
2022-09-16,1670.53,1657.73,1684.33,1653.84,2412100.0,0.0019,4501527400.0
2022-09-19,1653.73,1670.37,1687.32,1651.61,1858400.0,0.0015,3479680800.0
2022-09-20,1668.71,1676.73,1683.33,1657.28,1411600.0,0.0011,2645281900.0
2022-09-21,1675.4,1646.73,1681.73,1646.73,2099500.0,0.0017000000000000001,3904096400.0
2022-09-22,1638.73,1619.54,1639.75,1615.58,2270400.0,0.0018,4147901000.0
2022-09-23,1619.54,1633.16,1653.73,1619.54,2828800.0,0.0023,5191904800.0
2022-09-26,1618.73,1661.73,1686.73,1618.71,3513500.0,0.0028000000000000004,6566771200.0
2022-09-27,1667.59,1686.73,1695.73,1649.84,2882000.0,0.0023,5422668100.000001
2022-09-28,1679.23,1681.73,1698.13,1672.74,2144600.0,0.0017000000000000001,4042506300.0
2022-09-29,1696.71,1679.08,1700.91,1669.86,2159000.0,0.0017000000000000001,4075515200.0
2022-09-30,1697.35,1671.23,1700.72,1664.73,2128900.0,0.0017000000000000001,4000918000.0
2022-10-10,1688.73,1584.73,1689.73,1578.93,4858400.0,0.0039000000000000003,8865386500.0
2022-10-11,1587.73,1578.72,1604.73,1558.73,3204700.0,0.0026,5712249500.0
2022-10-12,1572.39,1558.73,1577.73,1506.73,4819500.0,0.0038,8372252800.0
2022-10-13,1519.19,1498.72,1533.73,1495.73,6396900.0,0.0051,10919727500.0
2022-10-14,1508.73,1536.34,1553.73,1500.67,4652000.0,0.0037,8045032600.0
2022-10-17,1524.73,1517.23,1526.72,1496.53,3355000.0,0.0027,5740146600.0
2022-10-18,1523.73,1504.56,1528.73,1499.73,2808300.0,0.0022,4800689500.0
2022-10-19,1500.71,1446.73,1500.71,1446.73,6012100.0,0.0048,9997656300.0
2022-10-20,1419.73,1442.23,1467.16,1409.73,4277800.0,0.0034000000000000002,7020555500.0
2022-10-21,1438.73,1422.73,1446.53,1408.73,3890700.0,0.0031,6317945900.0
2022-10-24,1368.73,1300.01,1387.73,1286.74,13209800.0,0.0105,20217576200.0
2022-10-25,1278.15,1278.48,1313.73,1270.73,8136200.0,0.006500000000000001,12136909000.0
2022-10-26,1287.53,1262.81,1313.72,1258.73,8178100.0,0.006500000000000001,12120993899.999998
2022-10-27,1278.73,1199.73,1286.71,1182.58,10710600.0,0.0085,15258551299.999998
2022-10-28,1189.5,1158.73,1204.73,1157.44,9314300.0,0.0074,12823821800.0
2022-10-31,1148.73,1148.73,1180.74,1131.73,7184700.0,0.005699999999999999,9758303100.0
2022-11-01,1157.73,1260.74,1268.13,1157.73,11876600.0,0.0095,16859775300.0
2022-11-02,1258.73,1270.69,1304.73,1234.73,7977700.0,0.0064,11717204100.0
2022-11-03,1242.3,1238.23,1261.23,1226.83,4516000.0,0.0036,6509550800.0
2022-11-04,1236.69,1315.3,1326.5,1236.69,8000800.0,0.0064,11996968899.999998
2022-11-07,1292.78,1305.84,1317.21,1285.32,4269800.0,0.0034000000000000002,6414049100.0
2022-11-08,1306.73,1283.61,1316.72,1267.69,3932500.0,0.0031,5842321000.0
2022-11-09,1282.68,1258.63,1287.61,1248.73,3609000.0,0.0029,5276777500.0
2022-11-10,1242.73,1273.73,1283.73,1233.88,3772000.0,0.003,5518325800.0
2022-11-11,1326.73,1326.88,1343.18,1293.71,7394700.0,0.0059,11252112300.0
2022-11-14,1342.23,1331.73,1362.26,1326.73,5737000.0,0.0046,8858049600.0
2022-11-15,1330.73,1386.73,1397.7,1319.73,5631800.0,0.0045000000000000005,8858377900.0
2022-11-16,1379.73,1383.98,1396.73,1366.73,2684800.0,0.0021,4250886800.0
2022-11-17,1389.23,1365.73,1395.03,1351.61,3058000.0,0.0024,4793001200.0
2022-11-18,1374.73,1365.86,1382.73,1354.73,2360900.0,0.0019,3703793400.0000005
2022-11-21,1340.08,1318.71,1340.08,1297.26,3909600.0,0.0031,5917086100.0
2022-11-22,1316.17,1338.68,1358.47,1314.84,2990100.0,0.0024,4582790100.0
2022-11-23,1326.73,1347.73,1355.73,1319.77,2217700.0,0.0018,3428793100.0
2022-11-24,1357.73,1318.72,1367.61,1312.71,2768700.0,0.0022,4241974200.0
2022-11-25,1319.24,1320.74,1330.73,1308.73,1862100.0,0.0015,2833988400.0000005
2022-11-28,1283.51,1308.61,1313.73,1249.73,4772300.0,0.0038,7040991100.0
2022-11-29,1368.29,1397.73,1398.73,1349.73,7342000.0,0.0058,11587859200.0
2022-11-30,1385.85,1397.73,1402.73,1383.73,3149700.0,0.0025,5019450700.0
2022-12-01,1458.73,1429.53,1478.73,1429.52,5135800.0,0.0040999999999999995,8480772900.0
2022-12-02,1433.73,1432.61,1451.72,1419.93,2388400.0,0.0019,3910860600.0
2022-12-05,1466.73,1463.63,1477.73,1447.73,3612700.0,0.0029,6018521300.0
2022-12-06,1453.73,1486.73,1525.63,1450.73,4414700.0,0.0034999999999999996,7477917200.0
2022-12-07,1476.54,1482.73,1518.73,1468.76,3552600.0,0.0028000000000000004,6012253000.0
2022-12-08,1480.73,1485.75,1493.73,1463.73,1973000.0,0.0016,3323420900.0000005
2022-12-09,1490.73,1528.73,1528.73,1480.73,3921500.0,0.0031,6716944500.0
2022-12-12,1514.59,1537.75,1564.73,1513.73,3475500.0,0.0028000000000000004,6063957600.0
2022-12-13,1535.73,1548.73,1559.42,1528.73,2138500.0,0.0017000000000000001,3735089200.0
2022-12-14,1541.73,1569.6,1579.53,1541.73,2909800.0,0.0023,5141262400.0
2022-12-15,1603.73,1585.72,1614.73,1578.73,3063400.0,0.0024,5497063400.0
2022-12-16,1571.98,1585.6,1589.73,1541.73,3330300.0,0.0027,5901587100.0
2022-12-19,1597.53,1571.73,1597.53,1558.9,2498700.0,0.002,4447236400.0
2022-12-20,1564.06,1513.73,1564.06,1481.18,4619800.0,0.0037,7944120699.999999
2022-12-21,1522.73,1537.73,1537.73,1516.38,2281600.0,0.0018,3948926200.0
2022-12-22,1555.43,1566.73,1581.73,1543.73,2317500.0,0.0018,4093861599.9999995
2022-12-23,1551.13,1569.73,1580.73,1543.73,1731900.0,0.0014000000000000002,3063608400.0000005
2022-12-26,1569.73,1540.79,1569.73,1533.75,2138400.0,0.0017000000000000001,3749121000.0
2022-12-27,1558.64,1553.64,1567.79,1546.14,1790500.0,0.0014000000000000002,3109270200.0
2022-12-28,1566.52,1553.64,1567.64,1528.65,2143800.0,0.0017000000000000001,3699949000.0
2022-12-29,1537.64,1539.64,1547.63,1521.69,2241800.0,0.0018,3844499699.9999995
2022-12-30,1556.64,1547.64,1573.63,1547.64,2533300.0,0.002,4409544300.0
2023-01-03,1551.84,1550.65,1559.07,1526.65,2603400.0,0.0021,4487760200.0
2023-01-04,1550.64,1545.65,1559.34,1536.64,2041600.0,0.0016,3523582300.0
2023-01-05,1557.64,1621.64,1621.64,1553.64,4794300.0,0.0038,8541587100.0
2023-01-06,1626.76,1624.41,1632.54,1607.64,2490400.0,0.002,4480838900.0
2023-01-09,1655.64,1661.84,1670.62,1628.46,3097700.0,0.0025,5684181100.0
2023-01-10,1659.7,1675.09,1685.14,1651.14,2273200.0,0.0018,4204783700.0
2023-01-11,1676.64,1665.59,1680.64,1657.48,2272000.0,0.0018,4201487800.0000005
2023-01-12,1668.64,1654.64,1676.64,1653.64,1719300.0,0.0014000000000000002,3162637100.0
2023-01-13,1664.82,1707.64,1708.64,1660.64,3194000.0,0.0025,5969876200.0
2023-01-16,1706.64,1733.54,1755.64,1701.64,3684800.0,0.0029,7059982600.0
2023-01-17,1733.8,1728.64,1743.64,1715.64,2129900.0,0.0017000000000000001,4068321400.0
2023-01-18,1734.64,1713.64,1745.94,1710.64,2106300.0,0.0017000000000000001,4008665400.0
2023-01-19,1713.14,1700.85,1713.16,1686.64,2343900.0,0.0019,4401994400.0
2023-01-20,1709.83,1680.65,1718.89,1678.64,2560900.0,0.002,4807356100.0
2023-01-30,1729.64,1708.64,1729.64,1700.64,3592300.0,0.0029,6799756600.0
2023-01-31,1717.14,1666.4,1720.59,1653.71,3299100.0,0.0026,6128311500.0
2023-02-01,1675.62,1665.61,1679.64,1632.04,3397400.0,0.0027,6244678900.0
2023-02-02,1669.02,1656.75,1679.64,1646.64,2975900.0,0.0024,5465509500.0
2023-02-03,1640.64,1638.64,1646.64,1616.32,3494500.0,0.0028000000000000004,6324635000.0
2023-02-06,1600.64,1615.64,1615.64,1580.64,4266100.0,0.0034000000000000002,7595739000.0
2023-02-07,1628.72,1617.64,1629.44,1608.37,2432200.0,0.0019,4373671700.0
2023-02-08,1620.65,1604.64,1626.61,1595.64,1667600.0,0.0013,2980574800.0
2023-02-09,1598.64,1638.64,1650.39,1595.65,2975400.0,0.0024,5401399100.0
2023-02-10,1630.74,1630.64,1639.13,1621.69,1798500.0,0.0014000000000000002,3253859300.0
2023-02-13,1630.64,1676.99,1695.14,1630.64,3814700.0,0.003,7058382500.0
2023-02-14,1677.1,1664.43,1678.04,1655.64,1956600.0,0.0016,3601769600.0
2023-02-15,1664.42,1661.64,1675.94,1656.45,1817700.0,0.0014000000000000002,3351422199.9999995
2023-02-16,1661.98,1682.46,1707.64,1648.64,3324600.0,0.0026,6196915100.0
2023-02-17,1670.8,1641.42,1693.64,1640.69,2644300.0,0.0021,4880329000.0
2023-02-20,1641.64,1695.64,1699.44,1637.84,2966900.0,0.0024,5488800100.0
2023-02-21,1694.64,1687.64,1694.64,1671.64,1875100.0,0.0015,3491633500.0
2023-02-22,1675.65,1656.64,1684.54,1652.44,2186900.0,0.0017000000000000001,4031016000.0
2023-02-23,1660.64,1638.64,1669.44,1625.89,2188100.0,0.0017000000000000001,3983991200.0
2023-02-24,1630.75,1608.64,1630.83,1602.82,2463500.0,0.002,4415621500.0
2023-02-27,1599.14,1631.05,1635.64,1595.66,2206500.0,0.0018,3978128700.0
2023-02-28,1639.64,1634.38,1642.65,1603.94,2395200.0,0.0019,4314877100.0
2023-03-01,1633.64,1659.17,1668.64,1623.87,2445800.0,0.0019,4475592200.0
2023-03-02,1649.64,1648.64,1659.63,1641.74,1314400.0,0.001,2405292300.0
2023-03-03,1660.41,1638.68,1662.25,1623.12,1619800.0,0.0013,2946842700.0
2023-03-06,1638.82,1627.78,1639.14,1617.41,2064600.0,0.0016,3730079500.0
2023-03-07,1626.62,1608.94,1637.24,1608.64,2278500.0,0.0018,4101302500.0
2023-03-08,1600.66,1591.06,1606.58,1581.76,2276400.0,0.0018,4035787199.9999995
2023-03-09,1588.64,1590.66,1605.64,1560.64,2761200.0,0.0022,4881442700.0
2023-03-10,1572.21,1570.64,1601.64,1570.64,2116100.0,0.0017000000000000001,3725139099.9999995
2023-03-13,1571.64,1582.64,1595.64,1569.64,2056000.0,0.0016,3626476300.0
2023-03-14,1584.42,1586.64,1600.52,1559.14,2370500.0,0.0019,4177289000.0
2023-03-15,1599.01,1571.56,1605.52,1570.76,1921300.0,0.0015,3392698500.0
2023-03-16,1560.64,1572.63,1590.64,1559.65,1764600.0,0.0014000000000000002,3096791100.0
2023-03-17,1590.64,1562.64,1596.53,1556.64,2702300.0,0.0022,4744249400.0
2023-03-20,1571.64,1550.24,1575.64,1548.64,2049100.0,0.0016,3557872000.0
2023-03-21,1555.64,1595.64,1606.49,1544.61,3114200.0,0.0025,5491052300.0
2023-03-22,1600.64,1593.99,1613.64,1586.19,1533000.0,0.0012,2727648700.0
2023-03-23,1586.64,1595.5,1611.75,1585.65,1735600.0,0.0014000000000000002,3082821599.9999995
2023-03-24,1589.72,1599.26,1604.24,1586.64,1277000.0,0.001,2269649200.0
2023-03-27,1599.24,1588.43,1599.24,1576.64,1529600.0,0.0012,2700755900.0000005
2023-03-28,1590.64,1602.44,1610.64,1585.66,1726100.0,0.0014000000000000002,3073113100.0
2023-03-29,1619.64,1610.64,1620.64,1605.71,1539300.0,0.0012,2761909300.0
2023-03-30,1613.64,1620.64,1625.64,1599.64,1925700.0,0.0015,3453573100.0
2023-03-31,1645.64,1640.64,1668.64,1639.64,2744600.0,0.0022,5024790400.0
2023-04-03,1645.64,1622.71,1648.41,1620.72,2141700.0,0.0017000000000000001,3875811700.0
2023-04-04,1632.64,1635.23,1635.81,1607.64,2006600.0,0.0016,3614275300.0000005
2023-04-06,1625.64,1617.6,1636.54,1608.86,1487400.0,0.0012,2676252000.0
2023-04-07,1615.64,1611.63,1626.65,1608.98,1352500.0,0.0011,2428160600.0
2023-04-10,1611.52,1592.34,1611.52,1564.64,2941800.0,0.0023,5171150600.0
2023-04-11,1613.64,1566.14,1613.64,1564.64,2920900.0,0.0023,5138854600.0
2023-04-12,1567.9,1514.74,1570.64,1513.46,5110500.0,0.0040999999999999995,8732657400.0
2023-04-13,1510.64,1543.64,1544.23,1504.65,2954300.0,0.0024,5049310100.0
2023-04-14,1546.64,1534.06,1553.64,1525.44,2123200.0,0.0017000000000000001,3646526800.0
2023-04-17,1560.64,1573.64,1573.64,1548.64,3046700.0,0.0024,5303401400.0
2023-04-18,1573.64,1578.64,1589.64,1566.66,1831400.0,0.0015,3220107600.0
2023-04-19,1582.64,1579.64,1586.14,1570.64,1460100.0,0.0012,2568632800.0
2023-04-20,1580.75,1562.52,1585.64,1549.64,1988500.0,0.0016,3468366800.0
2023-04-21,1566.64,1546.11,1568.72,1541.92,1851800.0,0.0015,3210937199.9999995
2023-04-24,1541.64,1525.64,1542.64,1521.64,2023100.0,0.0016,3456728700.0
2023-04-25,1526.64,1551.02,1556.62,1522.64,2058300.0,0.0016,3534989900.0
2023-04-26,1564.64,1564.55,1581.64,1540.64,2789200.0,0.0022,4861477700.0
2023-04-27,1568.64,1578.56,1590.64,1550.64,2560500.0,0.002,4489906900.0
2023-04-28,1583.65,1581.16,1603.41,1574.61,2622500.0,0.0021,4636084200.0
2023-05-04,1589.64,1570.54,1598.31,1556.64,2746600.0,0.0022,4818999700.0
2023-05-05,1586.64,1570.64,1586.64,1557.03,2071400.0,0.0016,3621306000.0
2023-05-08,1588.96,1541.16,1589.64,1537.81,3317100.0,0.0026,5742916000.0
2023-05-09,1535.64,1542.64,1560.62,1527.71,2937800.0,0.0023,5057346600.0
2023-05-10,1535.83,1545.64,1556.64,1535.64,2077300.0,0.0017000000000000001,3588550900.0000005
2023-05-11,1551.64,1537.71,1555.64,1535.64,1524600.0,0.0012,2623835900.0000005
2023-05-12,1535.64,1527.04,1550.52,1525.65,1946000.0,0.0015,3335038600.0
2023-05-15,1522.64,1536.94,1537.64,1511.84,2574000.0,0.002,4384648000.0
2023-05-16,1534.63,1523.93,1540.63,1517.64,2222400.0,0.0018,3785811900.0
2023-05-17,1528.64,1521.64,1533.64,1519.65,1677700.0,0.0013,2858697900.0
2023-05-18,1525.63,1511.64,1526.04,1510.64,1921900.0,0.0015,3260170700.0
2023-05-19,1491.64,1520.14,1524.97,1476.19,2674100.0,0.0021,4504022500.0
2023-05-22,1510.65,1566.64,1572.64,1510.64,4128400.0,0.0033,7165754100.0
2023-05-23,1574.63,1545.19,1574.64,1545.19,1689400.0,0.0013,2934118400.0000005
2023-05-24,1552.97,1531.54,1554.19,1530.75,1847900.0,0.0015,3182416500.0
2023-05-25,1526.63,1521.64,1530.64,1510.64,2246600.0,0.0018,3814504099.9999995
2023-05-26,1522.64,1511.2,1525.64,1495.65,1829100.0,0.0015,3090691500.0
2023-05-29,1517.64,1509.64,1518.99,1498.64,1777100.0,0.0014000000000000002,2998147199.9999995
2023-05-30,1509.64,1488.93,1519.53,1479.2,2645300.0,0.0021,4424706700.0
2023-05-31,1481.65,1449.54,1486.36,1447.31,3695700.0,0.0029,6053737300.0
2023-06-01,1438.64,1456.56,1495.63,1438.64,2864500.0,0.0023,4708722900.0
2023-06-02,1465.64,1491.24,1493.79,1456.75,2505800.0,0.002,4163116200.0
2023-06-05,1486.8,1485.64,1503.52,1483.64,1620100.0,0.0013,2704294300.0
2023-06-06,1490.64,1487.63,1504.64,1472.19,1991400.0,0.0016,3326778200.0
2023-06-07,1493.63,1471.54,1499.44,1470.64,1789000.0,0.0014000000000000002,2971782100.0
2023-06-08,1476.47,1488.64,1495.64,1470.65,1470300.0,0.0012,2441569700.0
2023-06-09,1492.63,1486.64,1498.61,1486.64,1758000.0,0.0014000000000000002,2938014300.0
2023-06-12,1486.66,1516.64,1528.64,1482.16,2702900.0,0.0022,4562308600.0
2023-06-13,1514.52,1519.64,1525.25,1505.64,1466300.0,0.0012,2485398900.0
2023-06-14,1539.64,1547.52,1554.88,1526.85,3150600.0,0.0025,5438040400.0
2023-06-15,1550.98,1575.64,1576.29,1543.64,2522300.0,0.002,4395900800.0
2023-06-16,1577.64,1618.33,1620.64,1570.74,3791800.0,0.003,6742301400.0
2023-06-19,1610.64,1564.64,1618.59,1558.64,3170000.0,0.0025,5584248700.0
2023-06-20,1560.64,1564.1,1585.64,1555.64,2094700.0,0.0017000000000000001,3659824500.0
2023-06-21,1560.64,1556.47,1577.24,1555.64,1772100.0,0.0014000000000000002,3088635900.0000005
2023-06-26,1540.75,1529.64,1550.64,1515.64,2399300.0,0.0019,4098619500.0
2023-06-27,1530.63,1531.69,1540.34,1520.73,1517400.0,0.0012,2598138700.0
2023-06-28,1533.82,1549.02,1554.64,1531.64,1857400.0,0.0015,3199294200.0
2023-06-29,1551.64,1534.35,1555.63,1533.65,1423100.0,0.0011,2446524100.0
2023-06-30,1546.55,1537.55,1555.54,1533.03,2045900.0,0.0016,3472586700.0
2023-07-03,1545.55,1570.65,1571.83,1538.55,1913900.0,0.0015,3286737800.0000005
2023-07-04,1570.75,1577.15,1580.99,1564.63,1247200.0,0.001,2155553600.0
2023-07-05,1576.55,1561.93,1578.52,1546.55,1474500.0,0.0012,2523960700.0
2023-07-06,1555.71,1549.53,1579.55,1546.55,1514100.0,0.0012,2589459000.0
2023-07-07,1547.55,1536.58,1555.54,1536.55,1516700.0,0.0012,2571458600.0
2023-07-10,1551.55,1547.45,1561.51,1546.55,1347700.0,0.0011,2298241700.0
2023-07-11,1556.55,1556.55,1561.72,1548.65,1258300.0,0.001,2151079300.0
2023-07-12,1559.59,1560.35,1569.55,1557.88,1328500.0,0.0011,2280785400.0
2023-07-13,1568.54,1584.95,1591.96,1565.56,2580700.0,0.0021,4479772500.0
2023-07-14,1602.55,1599.55,1605.05,1587.75,1855000.0,0.0015,3245530300.0000005
2023-07-17,1597.55,1576.52,1597.55,1573.15,1433600.0,0.0011,2482069800.0
2023-07-18,1580.13,1569.35,1581.06,1567.55,1473800.0,0.0012,2544005100.0
2023-07-19,1561.56,1569.55,1574.55,1560.35,1248300.0,0.001,2147704400.0
2023-07-20,1574.54,1570.55,1595.53,1568.55,1669300.0,0.0013,2897176500.0
2023-07-21,1578.43,1617.85,1619.05,1572.55,3937700.0,0.0031,6931535699.999999
2023-07-24,1597.07,1617.7,1617.7,1597.07,1971300.0,0.0016,3476648200.0
2023-07-25,1646.55,1675.1,1675.43,1646.54,4308600.0,0.0034000000000000002,7837450000.0
2023-07-26,1675.1,1675.1,1682.54,1661.63,1961100.0,0.0016,3580171500.0
2023-07-27,1682.55,1684.58,1701.34,1675.25,2034000.0,0.0016,3749635300.0000005
2023-07-28,1678.55,1743.55,1746.55,1674.56,3901800.0,0.0031,7330314100.0
2023-07-31,1754.55,1727.13,1781.55,1720.55,4537900.0,0.0036,8615279800.0
2023-08-01,1724.56,1735.55,1753.5,1724.44,1923100.0,0.0015,3635857300.0
2023-08-02,1729.95,1726.55,1736.55,1713.35,1850900.0,0.0015,3478674200.0
2023-08-03,1716.55,1725.02,1736.55,1697.05,2154300.0,0.0017000000000000001,4031087700.0
2023-08-04,1734.37,1740.02,1753.07,1728.55,2457400.0,0.002,4655813800.0
2023-08-07,1727.5,1734.48,1744.55,1717.58,2389200.0,0.0019,4491893100.0
2023-08-08,1726.58,1736.55,1740.26,1710.63,1773600.0,0.0014000000000000002,3333559500.0
2023-08-09,1736.55,1736.83,1751.55,1729.51,1852300.0,0.0015,3506306400.0
2023-08-10,1728.55,1721.55,1735.55,1708.85,1843600.0,0.0015,3454219099.9999995
2023-08-11,1731.55,1680.55,1731.95,1680.43,2678600.0,0.0021,4959166800.0
2023-08-14,1656.55,1649.55,1671.53,1642.55,2373100.0,0.0019,4285362100.0
2023-08-15,1655.55,1659.53,1664.55,1647.56,1481800.0,0.0012,2682125100.0
2023-08-16,1654.13,1666.55,1669.9,1652.55,1318400.0,0.001,2396261800.0
2023-08-17,1652.63,1674.6,1680.55,1648.1,1729000.0,0.0014000000000000002,3141408000.0
2023-08-18,1678.54,1649.14,1681.54,1649.14,1702300.0,0.0014000000000000002,3084761599.9999995
2023-08-21,1639.55,1637.55,1660.54,1636.62,1891200.0,0.0015,3405415600.0
2023-08-22,1647.54,1634.55,1649.11,1617.57,2665000.0,0.0021,4763131200.0
2023-08-23,1643.55,1620.55,1646.55,1616.63,1991200.0,0.0016,3556178600.0
2023-08-24,1626.17,1662.85,1674.55,1621.55,2605500.0,0.0021,4703417600.0
2023-08-25,1655.34,1671.53,1684.32,1652.56,1883100.0,0.0015,3433296800.0
2023-08-28,1745.13,1681.52,1745.13,1678.43,4105200.0,0.0033,7633221000.0
2023-08-29,1674.55,1697.88,1715.63,1674.55,2895000.0,0.0023,5371260200.0
2023-08-30,1714.45,1702.55,1714.55,1690.21,1981200.0,0.0016,3672570300.0000005
2023-08-31,1706.55,1693.55,1706.55,1687.56,1482000.0,0.0012,2738445500.0
2023-09-01,1699.38,1697.6,1712.02,1692.58,1314500.0,0.001,2438622700.0
2023-09-04,1709.15,1712.55,1726.49,1700.08,2387100.0,0.0019,4453823200.0
2023-09-05,1714.55,1705.25,1714.55,1703.35,1565900.0,0.0012,2915626000.0
2023-09-06,1704.55,1707.55,1713.21,1695.56,1112100.0,0.0009,2067606000.0
2023-09-07,1699.15,1684.55,1703.44,1677.74,1698200.0,0.0014000000000000002,3128587100.0
2023-09-08,1681.49,1665.05,1681.49,1661.5,1221200.0,0.001,2224338100.0
2023-09-11,1654.55,1668.72,1686.55,1654.55,1592600.0,0.0013,2902617700.0
2023-09-12,1673.15,1666.51,1673.53,1662.57,1216800.0,0.001,2214514100.0
2023-09-13,1676.47,1666.46,1676.47,1646.6,1950100.0,0.0016,3540583600.0
2023-09-14,1669.08,1665.24,1673.53,1652.55,1750500.0,0.0014000000000000002,3180447800.0000005
2023-09-15,1665.55,1628.54,1666.33,1627.85,2843100.0,0.0023,5105749100.0
2023-09-18,1622.86,1675.75,1676.05,1619.55,3255900.0,0.0026,5905121000.0
2023-09-19,1668.75,1673.49,1675.55,1654.55,1499000.0,0.0012,2727859000.0
2023-09-20,1668.55,1670.55,1676.55,1664.6,1250200.0,0.001,2281583900.0
2023-09-21,1664.56,1644.94,1668.55,1644.94,1948900.0,0.0016,3521486800.0
2023-09-22,1652.18,1695.55,1696.51,1638.96,3439000.0,0.0027,6287832600.0
2023-09-25,1694.05,1678.93,1694.55,1673.14,1397900.0,0.0011,2565773500.0
2023-09-26,1674.55,1662.55,1681.43,1659.65,1576200.0,0.0013,2870852400.0
2023-09-27,1661.55,1660.55,1680.05,1649.35,2088000.0,0.0017000000000000001,3791876100.0
2023-09-28,1671.53,1645.1,1671.53,1644.35,2053800.0,0.0016,3704813000.0
2023-10-09,1643.49,1623.55,1643.49,1611.45,2976300.0,0.0024,5279950400.0
2023-10-10,1629.44,1616.55,1645.53,1614.55,2028400.0,0.0016,3615557199.9999995
2023-10-11,1631.2,1625.05,1631.2,1614.55,2194500.0,0.0017000000000000001,3896568600.0
2023-10-12,1644.45,1632.55,1644.78,1623.75,1486500.0,0.0012,2657095900.0000005
2023-10-13,1617.43,1597.55,1624.56,1584.74,2502800.0,0.002,4387687900.0
2023-10-16,1597.53,1576.45,1602.55,1569.0,2079000.0,0.0017000000000000001,3603604600.0
2023-10-17,1585.55,1572.55,1585.99,1562.55,1494500.0,0.0012,2577312300.0
2023-10-18,1565.35,1574.55,1588.55,1563.73,2031800.0,0.0016,3511987500.0
2023-10-19,1546.55,1476.55,1546.58,1472.58,7349200.0,0.0059,12146921800.0
2023-10-20,1476.55,1491.55,1501.55,1462.8,4537600.0,0.0036,7421390800.0
2023-10-23,1476.52,1490.53,1506.55,1468.15,2523400.0,0.002,4138279600.0
2023-10-24,1494.55,1489.5,1499.91,1467.76,2986100.0,0.0024,4894807600.0
2023-10-25,1516.66,1524.05,1544.55,1513.57,3617900.0,0.0029,6075417100.0
2023-10-26,1513.55,1518.78,1534.55,1508.56,2238600.0,0.0018,3741418900.0
2023-10-27,1510.55,1523.26,1538.43,1507.15,3426200.0,0.0027,5754795500.0
2023-10-30,1515.55,1527.55,1535.43,1515.55,2408600.0,0.0019,4050573200.0
2023-10-31,1526.55,1531.13,1536.55,1514.4,1985900.0,0.0016,3335804699.9999995
2023-11-01,1696.55,1627.54,1696.55,1620.34,9314300.0,0.0074,16747292700.0
2023-11-02,1641.55,1626.05,1641.55,1622.61,2790800.0,0.0022,4982090800.0
2023-11-03,1626.55,1657.79,1661.44,1620.55,3017600.0,0.0024,5433116899.999999
2023-11-06,1666.55,1658.55,1670.34,1647.67,2552400.0,0.002,4624102400.0
2023-11-07,1651.55,1637.72,1656.55,1630.63,1958200.0,0.0016,3511590000.0
2023-11-08,1630.6,1644.89,1650.35,1629.42,1454600.0,0.0012,2610042000.0
2023-11-09,1636.66,1640.66,1645.55,1629.55,1280000.0,0.001,2291996800.0
2023-11-10,1627.1,1622.39,1634.55,1619.65,1646600.0,0.0013,2928380700.0
2023-11-13,1618.83,1610.55,1631.43,1603.53,1837000.0,0.0015,3244573600.0
2023-11-14,1610.55,1611.82,1621.54,1606.56,1281700.0,0.001,2263964000.0
2023-11-15,1625.55,1619.48,1629.44,1613.55,1843500.0,0.0015,3271230300.0000005
2023-11-16,1620.55,1606.6,1622.55,1606.6,1255800.0,0.001,2215937300.0
2023-11-17,1598.55,1599.97,1605.55,1584.45,2171400.0,0.0017000000000000001,3793781100.0
2023-11-20,1601.55,1609.05,1616.05,1583.21,1860800.0,0.0015,3265514000.0
2023-11-21,1629.97,1636.55,1644.55,1616.65,3009800.0,0.0024,5383107800.0
2023-11-22,1629.85,1628.06,1640.9,1627.09,1266500.0,0.001,2263460200.0
2023-11-23,1624.85,1632.55,1634.55,1617.55,1155000.0,0.0009,2055272200.0
2023-11-24,1635.55,1623.55,1635.55,1621.55,1308500.0,0.001,2329345700.0
2023-11-27,1619.85,1609.55,1619.85,1601.55,1626100.0,0.0013,2865075200.0
2023-11-28,1607.55,1615.59,1620.43,1604.55,1452000.0,0.0012,2562905700.0
2023-11-29,1614.55,1621.26,1622.55,1604.55,1714900.0,0.0014000000000000002,3034175600.0
2023-11-30,1623.27,1638.05,1641.31,1617.63,2135300.0,0.0017000000000000001,3817513500.0
2023-12-01,1635.86,1606.83,1636.25,1594.55,3305100.0,0.0026,5830850100.0
2023-12-04,1606.83,1597.26,1608.38,1591.83,1844000.0,0.0015,3233102100.0
2023-12-05,1595.33,1555.55,1595.43,1554.57,2990300.0,0.0024,5168983300.0
2023-12-06,1549.18,1549.55,1566.02,1547.68,2385100.0,0.0019,4078003000.0
2023-12-07,1550.55,1546.55,1555.63,1533.85,2504200.0,0.002,4249170900.0000005
2023-12-08,1546.55,1551.47,1555.39,1538.77,2628800.0,0.0021,4474160100.0
2023-12-11,1536.55,1544.55,1550.55,1503.55,3683100.0,0.0029,6172810200.0
2023-12-12,1534.15,1556.54,1556.54,1530.55,2101100.0,0.0017000000000000001,3564305900.0000005
2023-12-13,1551.77,1506.55,1552.27,1503.63,3878900.0,0.0031,6480807500.0
2023-12-14,1512.51,1482.45,1516.42,1481.57,4067200.0,0.0032,6703240100.0
2023-12-15,1494.78,1491.55,1524.32,1490.56,3709300.0,0.003,6140791700.0
2023-12-18,1486.55,1508.55,1509.88,1481.55,1989700.0,0.0016,3292194800.0
2023-12-19,1511.55,1521.55,1526.42,1491.64,2220700.0,0.0018,3706057600.0
2023-12-20,1523.66,1515.45,1525.66,1508.66,2309200.0,0.0018,3816133200.0
2023-12-21,1505.67,1535.66,1537.98,1505.67,2901200.0,0.0023,4827827900.0
2023-12-22,1535.36,1536.31,1544.76,1523.67,2166700.0,0.0017000000000000001,3613238300.0
2023-12-25,1536.66,1537.66,1544.26,1533.66,1247100.0,0.001,2086014400.0
2023-12-26,1538.16,1535.66,1540.56,1523.16,1477100.0,0.0012,2457177300.0
2023-12-27,1533.66,1532.72,1542.81,1526.66,1605600.0,0.0013,2679221400.0
2023-12-28,1536.65,1590.65,1593.65,1532.72,3833800.0,0.0031,6537401400.0
2023-12-29,1585.66,1591.66,1615.24,1585.66,2753900.0,0.0022,4768857500.0
2024-01-02,1580.66,1550.67,1583.85,1543.76,3215600.0,0.0026,5440082500.0
2024-01-03,1546.77,1559.66,1560.88,1541.99,2022900.0,0.0016,3411400700.0
2024-01-04,1558.66,1534.66,1558.66,1528.59,2155100.0,0.0017000000000000001,3603970100.0
2024-01-05,1526.99,1529.02,1544.32,1517.77,2024300.0,0.0016,3373155600.0
2024-01-08,1526.66,1509.65,1527.66,1505.67,2558600.0,0.002,4211918600.0
2024-01-09,1506.67,1506.66,1517.98,1500.73,2441200.0,0.0019,4009826500.0
2024-01-10,1506.76,1507.16,1525.12,1503.66,1735100.0,0.0014000000000000002,2856120700.0
2024-01-11,1505.76,1512.23,1523.6,1503.72,1644100.0,0.0013,2708764500.0
2024-01-12,1505.63,1508.72,1516.92,1505.06,1160300.0,0.0009,1908084600.0
2024-01-15,1500.66,1505.66,1520.63,1500.11,1785400.0,0.0014000000000000002,2931202300.0
2024-01-16,1504.16,1505.09,1512.66,1490.6,2590300.0,0.0021,4236043000.0
2024-01-17,1495.66,1442.66,1501.14,1442.66,5163300.0,0.0040999999999999995,8251735600.000001
2024-01-18,1439.66,1476.53,1478.46,1421.21,6044000.0,0.0048,9566349500.0
2024-01-19,1474.53,1500.66,1503.67,1466.54,4637800.0,0.0037,7550144399.999999
2024-01-22,1494.66,1507.66,1508.66,1484.54,4694600.0,0.0037,7678297800.0
2024-01-23,1497.67,1484.66,1505.61,1474.66,3483500.0,0.0028000000000000004,5659457100.0
2024-01-24,1494.66,1491.66,1499.5,1469.22,3321600.0,0.0026,5373603700.0
2024-01-25,1492.48,1503.66,1506.66,1487.66,3120600.0,0.0025,5094508200.0
2024-01-26,1496.02,1502.98,1509.76,1488.66,2695500.0,0.0021,4402111900.0
2024-01-29,1505.96,1515.66,1526.24,1505.95,3142100.0,0.0025,5189014900.0
2024-01-30,1515.64,1478.66,1515.64,1475.66,3086600.0,0.0025,5010784500.0
2024-01-31,1478.66,1470.57,1485.63,1463.79,2964900.0,0.0024,4770104900.0
2024-02-01,1471.16,1475.69,1489.55,1466.66,2648500.0,0.0021,4272298600.0
2024-02-02,1480.66,1461.66,1493.44,1446.66,3938200.0,0.0031,6336691200.0
2024-02-05,1461.66,1495.67,1503.1,1460.91,5313000.0,0.0042,8590683100.0
2024-02-06,1495.67,1541.66,1551.14,1491.76,5247200.0,0.0042,8740646600.0
2024-02-07,1546.69,1576.65,1580.25,1527.27,5260100.0,0.0042,8899606900.0
2024-02-08,1585.67,1571.66,1590.66,1550.66,4675700.0,0.0037,7953438000.0
2024-02-19,1603.53,1561.09,1603.59,1553.66,3697700.0,0.0029,6288278000.0
2024-02-20,1563.02,1535.66,1563.02,1522.22,3447000.0,0.0027,5755266899.999999
2024-02-21,1531.68,1583.32,1596.66,1527.66,4615400.0,0.0037,7868784100.0
2024-02-22,1573.16,1584.04,1588.67,1566.19,2279400.0,0.0018,3905984699.9999995
2024-02-23,1576.77,1579.75,1590.04,1565.68,2730600.0,0.0022,4670707000.0
2024-02-26,1573.66,1560.64,1574.4,1550.68,2731800.0,0.0022,4625594400.0
2024-02-27,1548.66,1555.16,1558.58,1543.66,2208000.0,0.0018,3718478400.0000005
2024-02-28,1554.58,1547.21,1562.23,1539.67,3186700.0,0.0025,5371312800.0
2024-02-29,1547.21,1560.66,1562.16,1544.86,2475800.0,0.002,4184918000.0
2024-03-01,1555.66,1550.72,1560.63,1542.34,2686800.0,0.0021,4526845400.0
2024-03-04,1544.66,1541.96,1546.65,1535.71,2648500.0,0.0021,4434401000.0
2024-03-05,1536.47,1560.76,1562.66,1532.34,3623800.0,0.0029,6102136600.0
2024-03-06,1556.66,1546.21,1560.66,1543.68,2214200.0,0.0018,3725582800.0000005
2024-03-07,1545.66,1549.29,1555.46,1543.66,2159900.0,0.0017000000000000001,3633934800.0
2024-03-08,1546.22,1537.09,1552.34,1535.71,2215600.0,0.0018,3710678500.0
2024-03-11,1540.66,1560.15,1564.54,1538.84,2989500.0,0.0024,5048394300.0
2024-03-12,1559.6,1610.66,1614.76,1556.16,5422700.0,0.0043,9393309100.0
2024-03-13,1605.63,1593.11,1613.66,1585.76,2650000.0,0.0021,4588879400.0
2024-03-14,1584.66,1582.29,1600.5,1577.16,1940500.0,0.0015,3338768300.0
2024-03-15,1578.16,1583.15,1598.06,1577.66,1783400.0,0.0014000000000000002,3066692400.0
2024-03-18,1580.66,1573.92,1585.51,1564.66,2605500.0,0.0021,4446059100.0
2024-03-19,1568.66,1573.68,1585.6,1558.77,2394800.0,0.0019,4093701300.0
2024-03-20,1569.02,1575.26,1579.34,1565.89,1524900.0,0.0012,2604543900.0
2024-03-21,1573.76,1574.66,1584.66,1570.16,1659600.0,0.0013,2839332600.0
2024-03-22,1570.69,1567.01,1574.65,1553.66,2545600.0,0.002,4318592800.0
2024-03-25,1564.2,1554.67,1564.43,1546.24,2447300.0,0.0019,4131446200.0
2024-03-26,1553.12,1574.95,1578.46,1553.12,2806900.0,0.0022,4782899100.0
2024-03-27,1570.66,1566.66,1577.66,1564.66,1811300.0,0.0014000000000000002,3087793000.0
2024-03-28,1560.66,1567.3,1583.66,1558.86,2464200.0,0.002,4201857100.0
2024-03-29,1567.3,1568.56,1576.65,1563.76,1345700.0,0.0011,2290584400.0
2024-04-01,1575.65,1586.99,1599.66,1574.36,2713100.0,0.0022,4679371000.0
2024-04-02,1587.66,1579.65,1590.65,1570.71,2544900.0,0.002,4360973700.0
2024-04-03,1599.66,1580.77,1605.1,1575.68,2904600.0,0.0023,5002390000.0
2024-04-08,1560.66,1532.32,1561.66,1528.26,5916700.0,0.004699999999999999,9907355800.0
2024-04-09,1526.33,1527.88,1538.66,1524.11,2559000.0,0.002,4256226300.0
2024-04-10,1527.93,1513.64,1530.65,1510.66,2763100.0,0.0022,4562853900.0
2024-04-11,1505.77,1513.66,1515.66,1500.35,2276600.0,0.0018,3736417600.0
2024-04-12,1516.66,1499.69,1529.66,1499.69,2674400.0,0.0021,4403968100.0
2024-04-15,1500.67,1538.64,1541.27,1500.64,3581800.0,0.0029,5960815500.0
2024-04-16,1531.15,1535.66,1545.22,1524.66,2626600.0,0.0021,4382797000.0
2024-04-17,1533.66,1532.66,1540.86,1523.66,2481900.0,0.002,4130322000.0
2024-04-18,1524.67,1536.44,1548.64,1523.84,2656800.0,0.0021,4445487700.0
2024-04-19,1526.44,1512.3,1534.16,1506.94,2350000.0,0.0019,3879233200.0
2024-04-22,1519.66,1540.72,1544.54,1510.66,2995100.0,0.0024,5001684600.0
2024-04-23,1540.66,1557.94,1560.66,1540.66,2498000.0,0.002,4217855300.0000005
2024-04-24,1562.64,1559.26,1565.57,1548.99,1708600.0,0.0014000000000000002,2893555600.0
2024-04-25,1555.99,1558.7,1561.26,1547.91,1447600.0,0.0012,2447183900.0
2024-04-26,1559.66,1575.09,1579.66,1559.64,3099600.0,0.0025,5290248500.0
2024-04-29,1562.61,1569.66,1593.66,1559.48,4133200.0,0.0033,7072096600.0
2024-04-30,1570.67,1570.66,1595.54,1570.66,3076000.0,0.0024,5273902400.0
2024-05-06,1599.63,1625.86,1630.66,1592.66,5990900.0,0.0048,10504351700.0
2024-05-07,1631.45,1635.66,1643.46,1622.34,2492500.0,0.002,4413196400.0
2024-05-08,1635.35,1629.63,1635.63,1621.33,1476900.0,0.0012,2603293900.0
2024-05-09,1623.66,1621.66,1630.64,1615.66,2238700.0,0.0018,3929804800.0
2024-05-10,1626.76,1604.64,1633.54,1599.65,2620700.0,0.0021,4571398200.0
2024-05-13,1597.68,1571.66,1598.32,1566.88,3766200.0,0.003,6435415699.999999
2024-05-14,1571.65,1567.64,1578.93,1565.67,2127400.0,0.0017000000000000001,3623282700.0
2024-05-15,1568.24,1565.66,1573.66,1564.25,1573900.0,0.0013,2677203000.0
2024-05-16,1570.66,1570.16,1575.54,1555.66,2968000.0,0.0024,5048754800.0
2024-05-17,1565.67,1580.66,1582.24,1565.66,2892400.0,0.0023,4936920600.0
2024-05-20,1583.65,1574.66,1598.65,1573.77,3142600.0,0.0025,5401389300.000001
2024-05-21,1573.66,1570.66,1575.39,1563.82,1629300.0,0.0013,2776847500.0
2024-05-22,1568.66,1563.37,1575.62,1556.66,2028600.0,0.0016,3443977800.0000005
2024-05-23,1565.66,1557.67,1572.04,1555.74,1888500.0,0.0015,3199923300.0
2024-05-24,1558.66,1542.74,1560.66,1542.66,2021700.0,0.0016,3401323900.0
2024-05-27,1543.66,1535.78,1553.11,1533.67,2509800.0,0.002,4199001900.0
2024-05-28,1536.06,1530.3,1540.83,1528.66,2352100.0,0.0019,3923020400.0
2024-05-29,1531.66,1539.66,1545.66,1530.66,1965100.0,0.0016,3289173300.0
2024-05-30,1540.66,1514.66,1541.04,1514.66,3220800.0,0.0026,5333306800.000001
2024-05-31,1516.16,1514.11,1529.16,1514.11,2185700.0,0.0017000000000000001,3617654800.0
2024-06-03,1515.66,1505.05,1516.58,1500.77,3026100.0,0.0024,4966041500.0
2024-06-04,1506.16,1518.86,1521.66,1502.21,2084100.0,0.0017000000000000001,3432497300.0
2024-06-05,1517.66,1509.66,1524.34,1508.69,1905600.0,0.0015,3140824300.0
2024-06-06,1509.32,1505.47,1517.65,1501.57,2561000.0,0.002,4205701000.0
2024-06-07,1511.79,1484.84,1511.84,1484.67,3352500.0,0.0027,5453120699.999999
2024-06-11,1468.65,1434.66,1470.66,1432.66,7024700.0,0.005600000000000001,11090577600.0
2024-06-12,1435.66,1437.34,1455.66,1435.66,3317100.0,0.0026,5230086500.0
2024-06-13,1442.43,1420.67,1442.55,1418.81,3618600.0,0.0029,5654938900.0
2024-06-14,1420.66,1420.66,1429.62,1386.12,5951400.0,0.004699999999999999,9177637200.0
2024-06-17,1397.95,1407.16,1414.43,1376.67,4831800.0,0.0038,7400883199.999999
2024-06-18,1396.55,1387.16,1420.2,1382.34,4125800.0,0.0033,6317590900.0
2024-06-19,1394.53,1397.54,1400.54,1378.64,4126200.0,0.0033,6167728400.0
2024-06-20,1396.54,1396.64,1412.55,1394.54,2471100.0,0.002,3715925000.0
2024-06-21,1397.04,1367.54,1401.52,1366.76,4332000.0,0.0034000000000000002,6418543700.0
2024-06-24,1319.54,1373.09,1385.53,1310.55,6384000.0,0.0051,9319362400.0
2024-06-25,1373.54,1383.19,1399.53,1373.54,4209800.0,0.0034000000000000002,6273919399.999999
2024-06-26,1376.54,1385.76,1397.61,1374.34,2957000.0,0.0024,4414601900.0
2024-06-27,1388.54,1387.03,1390.51,1364.54,3282200.0,0.0026,4857959500.0
2024-06-28,1376.54,1363.93,1391.03,1360.54,3858200.0,0.0031,5699649000.0
2024-07-01,1365.42,1336.92,1369.53,1324.54,3216100.0,0.0026,4636689100.0
2024-07-02,1329.54,1387.24,1394.54,1329.54,5185300.0,0.0040999999999999995,7659166800.000001
2024-07-03,1395.54,1396.54,1409.55,1384.56,3157300.0,0.0025,4740808100.0
2024-07-04,1401.54,1382.28,1408.54,1377.67,2438000.0,0.0019,3637968900.0
2024-07-05,1375.54,1349.54,1389.72,1346.54,3882900.0,0.0031,5664477300.0
2024-07-08,1339.54,1316.54,1354.31,1315.68,3952700.0,0.0031,5657951300.0
2024-07-09,1316.54,1334.57,1351.43,1306.64,3362100.0,0.0027,4807957900.0
2024-07-10,1335.79,1334.13,1362.42,1331.54,2376300.0,0.0019,3436693400.0000005
2024-07-11,1346.51,1358.63,1365.54,1336.75,2902000.0,0.0023,4236960600.0
2024-07-12,1369.55,1375.36,1382.94,1361.99,2338600.0,0.0019,3451132600.0
2024-07-15,1366.54,1371.44,1384.54,1366.54,1917600.0,0.0015,2835374699.9999995
2024-07-16,1372.54,1372.54,1378.54,1361.59,2031600.0,0.0016,2998367100.0
2024-07-17,1372.64,1397.94,1399.54,1366.56,3431100.0,0.0027,5115680700.0
2024-07-18,1396.04,1394.05,1411.54,1389.07,2887000.0,0.0023,4337214600.0
2024-07-19,1387.35,1422.16,1425.72,1380.55,3894300.0,0.0031,5888615100.0
2024-07-22,1421.57,1395.54,1426.52,1388.19,2854300.0,0.0023,4300813300.0
2024-07-23,1395.54,1351.54,1397.54,1351.54,3094400.0,0.0025,4555460200.0
2024-07-24,1346.74,1336.56,1360.24,1331.54,2412300.0,0.0019,3490201000.0
2024-07-25,1336.56,1327.03,1344.54,1316.55,2834700.0,0.0023,4054086700.0
2024-07-26,1327.03,1318.73,1334.26,1307.44,3235400.0,0.0026,4594928600.0
2024-07-29,1311.54,1294.56,1318.53,1294.54,3086900.0,0.0025,4342610100.0
2024-07-30,1282.52,1276.53,1286.81,1257.84,5177900.0,0.0040999999999999995,7103491600.0
2024-07-31,1269.64,1317.82,1323.81,1269.64,4327200.0,0.0034000000000000002,6098149700.0
2024-08-01,1314.54,1282.7,1316.54,1281.24,3203800.0,0.0026,4470988100.0
2024-08-02,1270.14,1281.99,1293.51,1270.14,2192800.0,0.0017000000000000001,3041726400.0
2024-08-05,1285.42,1306.55,1322.54,1282.06,3773600.0,0.003,5327127100.0
2024-08-06,1318.54,1301.24,1320.54,1290.55,2744400.0,0.0022,3860735000.0
2024-08-07,1302.04,1312.04,1318.53,1294.84,2062200.0,0.0016,2910580700.0
2024-08-08,1307.54,1327.23,1344.72,1305.54,2513100.0,0.002,3592705400.0
2024-08-09,1356.57,1333.34,1365.54,1333.34,3013800.0,0.0024,4368705500.0
2024-08-12,1326.54,1332.64,1339.54,1323.12,1363200.0,0.0011,1956573400.0
2024-08-13,1329.54,1319.55,1331.54,1308.55,1630800.0,0.0013,2317037800.0
2024-08-14,1319.55,1309.84,1321.44,1308.56,1341400.0,0.0011,1898377400.0
2024-08-15,1301.57,1323.43,1332.53,1300.49,2303900.0,0.0018,3275699600.0
2024-08-16,1323.33,1327.74,1332.46,1313.55,1645500.0,0.0013,2349825800.0
2024-08-19,1328.54,1321.98,1355.42,1321.54,2043300.0,0.0016,2942106400.0
2024-08-20,1326.44,1319.26,1326.47,1310.54,1859100.0,0.0015,2644814300.0
2024-08-21,1316.54,1314.12,1324.52,1312.23,1509200.0,0.0012,2144746600.0
2024-08-22,1312.54,1306.59,1316.54,1296.55,1952700.0,0.0016,2750868100.0
2024-08-23,1304.54,1311.53,1320.04,1302.66,1532000.0,0.0012,2166499200.0
2024-08-26,1313.54,1308.54,1320.4,1299.69,1562800.0,0.0012,2207595500.0
2024-08-27,1308.54,1300.61,1309.54,1297.65,1365700.0,0.0011,1920770600.0
2024-08-28,1300.61,1285.54,1302.54,1271.54,3166400.0,0.0025,4388025900.0
2024-08-29,1276.54,1309.84,1314.54,1276.54,2747200.0,0.0022,3864270600.0
2024-08-30,1309.54,1339.73,1354.61,1301.54,3873900.0,0.0031,5576118600.0
2024-09-02,1326.54,1291.54,1334.54,1291.54,3413500.0,0.0027,4801049900.0
2024-09-03,1294.54,1306.54,1311.52,1289.56,1788800.0,0.0014000000000000002,2516125800.0
2024-09-04,1298.54,1296.54,1315.73,1296.28,1421100.0,0.0011,1995221400.0000002
2024-09-05,1297.04,1301.42,1303.54,1293.54,1450300.0,0.0012,2033680799.9999998
2024-09-06,1301.54,1294.54,1302.54,1294.54,1032100.0,0.0008,1445537300.0
2024-09-09,1276.55,1271.54,1290.25,1266.62,2863800.0,0.0023,3950086800.0
2024-09-10,1266.56,1274.54,1289.54,1266.56,1980300.0,0.0016,2737295600.0
2024-09-11,1272.14,1276.54,1282.42,1261.54,2099600.0,0.0017000000000000001,2892932800.0000005
2024-09-12,1276.54,1231.6,1281.54,1231.45,4794800.0,0.0038,6482445000.0
2024-09-13,1227.54,1200.67,1228.54,1193.84,5600500.0,0.0045000000000000005,7329376899.999999
2024-09-18,1196.54,1163.44,1196.55,1163.2,4618500.0,0.0037,5895948000.0
2024-09-19,1158.54,1157.54,1189.42,1142.37,5998800.0,0.0048,7623740000.0
2024-09-20,1158.04,1160.46,1170.44,1146.57,3998200.0,0.0032,5038507800.0
2024-09-23,1164.54,1158.08,1190.04,1157.2,4555000.0,0.0036,5809791700.0
2024-09-24,1181.63,1269.14,1269.54,1161.63,10041300.0,0.008,13297277500.0
2024-09-25,1296.59,1295.54,1323.54,1293.25,7395400.0,0.0059,10420109700.0
2024-09-26,1296.5,1425.54,1426.41,1292.54,9727800.0,0.0077,14269262700.0
2024-09-27,1496.54,1525.74,1525.74,1461.9,8792200.0,0.006999999999999999,14050260600.0
2024-09-30,1588.54,1644.54,1656.42,1548.54,15729300.0,0.0125,26982747000.0
2024-10-08,1806.54,1619.54,1806.54,1576.72,19470900.0,0.0155,35114075000.0
2024-10-09,1596.54,1491.69,1596.54,1486.54,12019700.0,0.0096,19708432700.0
2024-10-10,1518.8,1536.54,1564.62,1487.54,7460300.0,0.0059,12198964000.0
2024-10-11,1511.94,1501.53,1536.5,1486.54,4191500.0,0.0033,6764982700.0
2024-10-14,1509.54,1498.53,1517.17,1477.71,4481200.0,0.0036,7181350800.0
2024-10-15,1495.54,1450.79,1497.53,1449.55,4357100.0,0.0034999999999999996,6884141899.999999
2024-10-16,1437.42,1419.04,1446.34,1406.54,4666400.0,0.0037,7140169700.0
2024-10-17,1433.54,1391.14,1434.2,1389.95,3946000.0,0.0031,5964779000.0
2024-10-18,1389.54,1437.54,1464.38,1375.5,6861900.0,0.0055000000000000005,10418043500.0
2024-10-21,1437.75,1425.34,1446.51,1417.75,4200800.0,0.0033,6433918300.0
2024-10-22,1423.1,1439.54,1456.72,1420.74,3626900.0,0.0029,5607826500.0
2024-10-23,1440.65,1464.04,1473.49,1428.54,4008800.0,0.0032,6259600000.0
2024-10-24,1457.54,1448.74,1471.54,1441.55,2392300.0,0.0019,3723973200.0
2024-10-25,1443.54,1455.39,1471.33,1442.55,2774500.0,0.0022,4328271400.0
2024-10-28,1456.54,1461.54,1461.54,1418.77,3912100.0,0.0031,6064453700.0
2024-10-29,1456.54,1428.16,1476.54,1426.54,4116600.0,0.0033,6368105200.0
2024-10-30,1421.54,1428.54,1447.73,1419.95,3200600.0,0.0025,4913176000.0
2024-10-31,1428.69,1424.33,1436.54,1416.54,2995700.0,0.0024,4575545200.0
2024-11-01,1417.54,1430.29,1441.67,1417.34,3228400.0,0.0026,4954302200.0
2024-11-04,1441.47,1444.74,1446.54,1424.6,2909300.0,0.0023,4481761800.0
2024-11-05,1436.54,1473.53,1474.24,1432.55,4564000.0,0.0036,7134443500.0
2024-11-06,1471.54,1467.54,1485.53,1457.76,3763100.0,0.003,5916917600.0
2024-11-07,1459.0,1545.68,1550.04,1458.84,7473900.0,0.0059,12074951800.0
2024-11-08,1557.43,1506.51,1563.65,1497.55,6077100.0,0.0048,9885645900.0
2024-11-11,1486.54,1494.55,1506.49,1463.73,4385400.0,0.0034999999999999996,6957095400.0
2024-11-12,1485.54,1473.74,1519.54,1470.49,4922300.0,0.0039000000000000003,7844798700.0
2024-11-13,1464.54,1475.04,1483.2,1457.82,2912500.0,0.0023,4594445000.0
2024-11-14,1466.54,1470.34,1490.99,1462.19,2924800.0,0.0023,4617144100.0
2024-11-15,1465.54,1455.54,1480.34,1449.54,3376100.0,0.0027,5295326899.999999
2024-11-18,1458.54,1455.54,1472.53,1451.54,2709200.0,0.0022,4237197500.0
2024-11-19,1461.54,1438.46,1465.91,1421.54,3326600.0,0.0026,5138831200.0
2024-11-20,1439.54,1441.35,1450.51,1427.84,2134500.0,0.0017000000000000001,3292675300.0000005
2024-11-21,1440.41,1441.67,1445.53,1428.54,1826200.0,0.0015,2810933500.0
2024-11-22,1437.69,1404.36,1444.31,1404.36,3343600.0,0.0027,5107289000.0
2024-11-25,1407.54,1395.11,1428.54,1393.21,3318600.0,0.0026,5011136200.0
2024-11-26,1395.11,1405.54,1415.42,1385.42,2574500.0,0.002,3876886000.0
2024-11-27,1405.54,1415.59,1418.69,1401.54,2593400.0,0.0021,3927607800.0000005
2024-11-28,1418.54,1414.54,1421.53,1398.54,2395200.0,0.0019,3627662400.0
2024-11-29,1413.54,1422.28,1451.54,1409.75,3608800.0,0.0029,5534035500.0
2024-12-02,1422.54,1421.54,1426.53,1411.64,2682000.0,0.0021,4086610000.0
2024-12-03,1420.54,1423.28,1425.44,1412.62,2480700.0,0.002,3777197199.9999995
2024-12-04,1416.61,1416.54,1420.2,1406.54,2392400.0,0.0019,3626565500.0
2024-12-05,1407.4,1407.54,1414.4,1406.54,1614100.0,0.0013,2441318400.0
2024-12-06,1409.54,1417.55,1435.44,1404.61,3204000.0,0.0026,4883148600.0
2024-12-09,1418.56,1415.34,1426.26,1409.74,1980000.0,0.0016,3008173600.0
2024-12-10,1466.54,1443.13,1476.27,1441.72,6031200.0,0.0048,9421340700.0
2024-12-11,1436.54,1432.14,1451.54,1427.52,2967100.0,0.0024,4569662600.0
2024-12-12,1428.56,1462.34,1462.54,1425.54,4193700.0,0.0033,6510547800.0
2024-12-13,1446.55,1415.54,1451.53,1415.42,4951200.0,0.0039000000000000003,7580908300.0
2024-12-16,1417.54,1423.74,1425.54,1407.25,3253700.0,0.0026,4945298800.0
2024-12-17,1422.53,1454.54,1465.54,1417.55,5417200.0,0.0043,8398945400.0
2024-12-18,1454.51,1468.04,1473.54,1443.64,4116200.0,0.0033,6440802000.0
2024-12-19,1461.68,1447.55,1464.47,1446.87,2480900.0,0.002,3862602700.0
2024-12-20,1451.55,1442.42,1462.22,1440.44,2815800.0,0.0022,4307425500.0
2024-12-23,1443.42,1446.87,1458.42,1437.42,2160300.0,0.0017000000000000001,3300971400.0
2024-12-24,1445.42,1459.24,1464.42,1442.01,2210500.0,0.0018,3394160300.0000005
2024-12-25,1459.22,1450.42,1459.22,1446.52,1712300.0,0.0014000000000000002,2621061900.0
2024-12-26,1454.42,1448.21,1459.2,1443.42,1828700.0,0.0015,2798840000.0
2024-12-27,1449.32,1449.39,1456.42,1439.92,2075900.0,0.0017000000000000001,3170191400.0
2024-12-30,1454.39,1445.42,1464.38,1445.42,2513000.0,0.002,3849542600.0
2024-12-31,1445.82,1444.42,1465.42,1442.43,3935400.0,0.0031,6033540400.0
2025-01-02,1444.42,1408.42,1444.91,1400.42,5002900.0,0.004,7490883800.0
2025-01-03,1414.92,1395.42,1415.41,1387.43,3262800.0,0.0026,4836610300.0
2025-01-06,1373.42,1360.42,1383.08,1353.22,4425500.0,0.0034999999999999996,6392479700.0
2025-01-07,1365.08,1360.62,1372.31,1359.42,2422100.0,0.0019,3494634200.0
2025-01-08,1360.42,1362.92,1372.24,1347.08,3525800.0,0.0028000000000000004,5071821200.0
2025-01-09,1369.41,1364.42,1385.0,1353.4,2970600.0,0.0024,4295852700.0
2025-01-10,1367.52,1356.42,1372.37,1356.42,2187200.0,0.0017000000000000001,3154677600.0
2025-01-13,1345.42,1364.4,1364.86,1342.43,2108300.0,0.0017000000000000001,3030806900.0
2025-01-14,1365.37,1392.92,1399.1,1362.42,3095700.0,0.0025,4535651500.0
2025-01-15,1387.42,1391.69,1395.02,1380.43,1839900.0,0.0015,2701518700.0
2025-01-16,1394.42,1366.8,1403.08,1362.42,2634200.0,0.0021,3840411400.0
2025-01-17,1366.81,1375.17,1381.42,1366.8,1830900.0,0.0015,2663227300.0
2025-01-20,1381.42,1395.22,1410.21,1380.42,3141000.0,0.0025,4647626400.0
2025-01-21,1401.42,1388.57,1402.42,1385.42,1685600.0,0.0013,2481821200.0
2025-01-22,1383.69,1361.42,1388.37,1358.42,2829400.0,0.0023,4088101700.0
2025-01-23,1370.39,1363.42,1388.42,1358.42,2712500.0,0.0022,3932700900.0000005
2025-01-24,1362.42,1356.42,1368.21,1350.73,3136000.0,0.0025,4515322700.0
2025-01-27,1357.42,1355.41,1364.39,1347.44,2935600.0,0.0023,4213534500.0
2025-02-05,1360.42,1324.22,1363.42,1322.63,4075700.0,0.0032,5753730000.0
2025-02-06,1320.43,1333.26,1342.41,1320.43,2735600.0,0.0022,3859568200.0
2025-02-07,1334.1,1356.42,1363.1,1323.83,3724200.0,0.003,5310850600.000001
2025-02-10,1358.42,1351.93,1360.42,1347.51,2084000.0,0.0017000000000000001,2988101800.0
2025-02-11,1355.37,1338.42,1356.38,1336.32,2357300.0,0.0019,3348668900.0
2025-02-12,1338.42,1363.42,1365.42,1337.3,2547600.0,0.002,3644170500.0
2025-02-13,1363.44,1385.48,1395.67,1354.93,4338500.0,0.0034999999999999996,6335985900.0
2025-02-14,1385.48,1395.42,1397.42,1378.64,2710000.0,0.0022,3978694099.9999995
2025-02-17,1401.42,1392.04,1415.4,1387.52,3247100.0,0.0026,4804663800.0
2025-02-18,1390.42,1395.42,1413.41,1382.5,2780000.0,0.0022,4113845400.0
2025-02-19,1395.47,1411.42,1414.86,1385.32,3239300.0,0.0026,4803378400.0
2025-02-20,1403.42,1394.42,1412.39,1393.81,2375000.0,0.0019,3513553000.0
2025-02-21,1400.42,1408.63,1417.15,1393.43,3641800.0,0.0029,5418169600.0
2025-02-24,1408.42,1399.49,1419.94,1394.42,3474400.0,0.0028000000000000004,5157907300.0
2025-02-25,1390.43,1374.42,1393.81,1372.42,2838700.0,0.0023,4142814500.0
2025-02-26,1375.87,1380.43,1385.38,1365.42,2636600.0,0.0021,3835949000.0
2025-02-27,1380.44,1405.98,1410.32,1374.42,4976200.0,0.004,7368002400.0
2025-02-28,1405.92,1421.21,1448.8,1402.42,5612900.0,0.0045000000000000005,8475738199.999999
2025-03-03,1423.02,1407.44,1441.41,1401.92,3159600.0,0.0025,4736679900.0
2025-03-04,1405.42,1390.53,1406.42,1385.63,2521100.0,0.002,3710675900.0000005
2025-03-05,1392.42,1386.79,1394.42,1380.52,2460500.0,0.002,3606932199.9999995
2025-03-06,1394.42,1426.4,1430.62,1392.5,4216800.0,0.0034000000000000002,6297117400.0
2025-03-07,1423.42,1441.42,1448.78,1423.42,3799100.0,0.003,5760608700.0
2025-03-10,1440.23,1443.32,1447.3,1426.56,3136900.0,0.0025,4758789300.0
2025-03-11,1437.42,1469.1,1469.1,1432.42,3977600.0,0.0032,6094007900.0
2025-03-12,1467.38,1463.0,1470.1,1446.77,2960400.0,0.0024,4552923600.0
2025-03-13,1464.42,1458.19,1475.92,1451.3,2572400.0,0.002,3966369300.0
2025-03-14,1468.08,1548.43,1548.43,1461.42,9291300.0,0.0074,14882842700.0
2025-03-17,1577.42,1558.28,1578.41,1547.3,5468900.0,0.0044,8985138900.0
2025-03-18,1565.46,1544.42,1572.42,1542.12,3161300.0,0.0025,5153210400.0
2025-03-19,1544.71,1556.13,1568.42,1543.42,2739000.0,0.0022,4477128800.0
2025-03-20,1556.13,1524.42,1558.02,1515.49,3673700.0,0.0029,5903879200.0
2025-03-21,1519.42,1494.17,1532.62,1489.25,3361400.0,0.0027,5324973199.999999
2025-03-24,1490.42,1503.42,1510.08,1482.8,2556600.0,0.002,4032223500.0
2025-03-25,1508.42,1495.92,1513.22,1487.08,1767400.0,0.0014000000000000002,2783286800.0
2025-03-26,1493.19,1496.42,1503.0,1491.42,1432400.0,0.0011,2257639800.0
2025-03-27,1496.42,1509.42,1518.67,1493.8,1795600.0,0.0014000000000000002,2848889200.0
2025-03-28,1511.35,1505.63,1513.42,1496.42,1622800.0,0.0013,2569470000.0
2025-03-31,1501.4,1481.42,1507.38,1480.48,2108500.0,0.0017000000000000001,3311857700.0
2025-04-01,1484.42,1476.44,1490.31,1472.63,1855600.0,0.0015,2893740000.0
2025-04-02,1478.42,1469.44,1488.22,1465.92,2167400.0,0.0017000000000000001,3371883000.0
2025-04-03,1450.42,1489.3,1506.42,1449.43,3548100.0,0.0028000000000000004,5557442100.0
2025-04-07,1440.43,1420.42,1457.27,1382.42,10195300.0,0.008100000000000001,15314738200.0
2025-04-08,1433.42,1465.42,1465.42,1415.42,7387600.0,0.0059,11226977600.0
2025-04-09,1445.44,1461.46,1477.22,1440.97,5563000.0,0.0044,8562928199.999999
2025-04-10,1471.41,1469.42,1475.42,1448.42,3862000.0,0.0031,5963650800.0
2025-04-11,1500.39,1489.4,1500.39,1465.42,3263400.0,0.0026,5087359900.0
2025-04-14,1481.39,1472.41,1486.42,1471.95,2171100.0,0.0017000000000000001,3379425600.0
2025-04-15,1472.42,1478.42,1485.42,1465.42,2148900.0,0.0017000000000000001,3339942700.0
2025-04-16,1472.42,1479.59,1496.42,1457.42,3115600.0,0.0025,4834880600.0
2025-04-17,1474.42,1490.42,1496.92,1470.41,2384600.0,0.0019,3733925000.0
2025-04-18,1486.42,1486.36,1495.42,1476.42,2029800.0,0.0016,3179974300.0
2025-04-21,1485.92,1471.42,1485.92,1471.42,1805700.0,0.0014000000000000002,2808158200.0
2025-04-22,1470.42,1469.22,1476.72,1463.63,1843200.0,0.0015,2857526000.0
2025-04-23,1479.42,1472.42,1479.64,1465.42,1866900.0,0.0015,2895468900.0
2025-04-24,1472.42,1472.67,1481.1,1469.4,1487200.0,0.0012,2313372100.0
2025-04-25,1477.52,1470.42,1481.62,1470.42,1476500.0,0.0012,2295029700.0
2025-04-28,1472.42,1470.42,1475.42,1467.02,1466000.0,0.0012,2274252500.0
2025-04-29,1470.42,1464.42,1472.96,1452.44,1892200.0,0.0015,2917422900.0
2025-04-30,1470.41,1467.42,1487.08,1466.72,2575400.0,0.0021,4005439400.0
2025-05-06,1479.42,1470.62,1479.42,1464.75,1830000.0,0.0015,2838614200.0
2025-05-07,1490.42,1475.42,1490.42,1470.62,2746200.0,0.0022,4275142600.0
2025-05-08,1473.42,1498.61,1513.2,1470.25,3348100.0,0.0027,5265446400.0
2025-05-09,1499.41,1511.6,1517.87,1495.47,2367200.0,0.0019,3757574500.0
2025-05-12,1518.42,1524.92,1539.35,1517.03,2473500.0,0.002,3967785800.0
2025-05-13,1529.34,1510.72,1529.34,1505.53,2125800.0,0.0017000000000000001,3386617800.0000005
2025-05-14,1510.42,1555.41,1565.42,1508.6,3946000.0,0.0031,6394735100.0
2025-05-15,1555.22,1552.43,1564.01,1544.55,2473300.0,0.002,4043402600.0
2025-05-16,1554.41,1534.55,1557.41,1534.55,2293500.0,0.0018,3714508700.0
2025-05-19,1516.42,1499.4,1520.42,1494.3,3806300.0,0.003,6021950000.0
2025-05-20,1500.42,1506.42,1515.22,1495.52,1952200.0,0.0016,3095742600.0
2025-05-21,1505.42,1501.39,1516.36,1501.39,1979500.0,0.0016,3143941400.0
2025-05-22,1501.41,1500.42,1505.41,1490.52,1509000.0,0.0012,2381236600.0
2025-05-23,1495.62,1493.02,1508.32,1492.08,2153700.0,0.0017000000000000001,3399425000.0
2025-05-26,1490.42,1470.92,1495.05,1465.42,2708700.0,0.0022,4212944400.0
2025-05-27,1471.42,1464.32,1479.02,1463.93,1775200.0,0.0014000000000000002,2748945700.0
2025-05-28,1464.41,1457.42,1466.88,1453.42,1626600.0,0.0013,2504624600.0
2025-05-29,1460.42,1460.42,1475.42,1452.42,2186000.0,0.0017000000000000001,3375465800.0
2025-05-30,1460.57,1442.42,1465.42,1435.66,3123900.0,0.0025,4764875900.0
2025-06-03,1428.43,1429.42,1439.42,1425.44,2897900.0,0.0023,4377892800.0
2025-06-04,1430.92,1430.38,1443.42,1429.64,2300800.0,0.0018,3480363800.0
2025-06-05,1434.42,1434.42,1436.42,1422.62,2321400.0,0.0018,3504925500.0
2025-06-06,1434.22,1426.81,1439.39,1423.42,2502300.0,0.002,3777727600.0
2025-06-09,1425.44,1406.53,1429.12,1406.1,4495900.0,0.0036,6723839100.0
2025-06-10,1406.42,1395.43,1412.42,1395.22,3049200.0,0.0024,4511934600.0
2025-06-11,1397.22,1400.42,1414.42,1396.52,3089300.0,0.0025,4585522800.0
2025-06-12,1400.42,1379.42,1404.29,1374.52,4990400.0,0.004,7306800800.0
2025-06-13,1364.83,1347.37,1370.39,1345.48,5911300.0,0.004699999999999999,8466515600.000001
2025-06-16,1321.62,1342.71,1345.46,1321.6,4288800.0,0.0034000000000000002,6060448400.0
2025-06-17,1340.42,1347.42,1347.42,1332.6,2723200.0,0.0022,3868364699.9999995
2025-06-18,1360.42,1345.42,1363.86,1341.43,3076100.0,0.0024,4404131400.0
2025-06-19,1346.42,1346.42,1354.09,1337.6,2450100.0,0.002,3490268600.0
2025-06-20,1344.0,1349.08,1361.56,1340.62,3481600.0,0.0028000000000000004,4990683300.0
2025-06-23,1340.42,1340.42,1353.42,1325.6,2672300.0,0.0021,3794012300.0
2025-06-24,1343.77,1357.62,1372.1,1343.77,3631200.0,0.0029,5229183500.0
2025-06-25,1359.53,1356.28,1369.62,1340.93,4105000.0,0.0033,5869292200.0
2025-06-26,1363.02,1368.02,1376.02,1358.1,3486000.0,0.0028000000000000004,4955830000.0
2025-06-27,1368.03,1351.11,1371.02,1351.11,3825000.0,0.003,5404312700.0
2025-06-30,1351.52,1357.54,1361.25,1350.02,3045700.0,0.0024,4287373700.0
2025-07-01,1357.02,1353.12,1359.96,1351.33,1987800.0,0.0016,2794423200.0
2025-07-02,1357.52,1357.62,1362.82,1348.02,2621800.0,0.0021,3689246300.0
2025-07-03,1360.02,1363.62,1370.71,1356.02,2441300.0,0.0019,3456733000.0
2025-07-04,1363.72,1370.24,1379.91,1358.03,2876700.0,0.0023,4086547300.0
2025-07-07,1370.3,1358.72,1371.52,1358.03,2385500.0,0.0019,3370562700.0
2025-07-08,1358.73,1364.13,1368.02,1358.72,1867400.0,0.0015,2643302700.0
2025-07-09,1363.02,1366.9,1377.99,1362.19,2774500.0,0.0022,3950810700.0
2025-07-10,1366.99,1374.52,1384.2,1358.42,3872500.0,0.0031,5503329800.0
2025-07-11,1371.18,1375.02,1406.02,1371.18,5724300.0,0.0046,8239010400.0
2025-07-14,1378.02,1371.62,1383.0,1369.62,2778100.0,0.0022,3961736000.0
2025-07-15,1369.0,1359.02,1370.95,1356.34,3540600.0,0.0028000000000000004,5005150200.0
2025-07-16,1358.03,1359.05,1365.51,1357.97,2128600.0,0.0017000000000000001,3006882600.0
2025-07-17,1362.0,1364.37,1371.03,1360.9,2310600.0,0.0018,3273100400.0
2025-07-18,1368.02,1385.02,1385.83,1364.4,4182300.0,0.0033,5984949800.0
2025-07-21,1385.01,1391.02,1394.82,1383.02,2620300.0,0.0021,3779891800.0
2025-07-22,1392.02,1413.0,1414.62,1388.7,4211900.0,0.0034000000000000002,6127636899.999999
2025-07-23,1417.02,1423.52,1443.02,1416.97,4504500.0,0.0036,6676301500.0
2025-07-24,1424.02,1439.52,1447.02,1423.02,3880400.0,0.0031,5786337400.0
2025-07-25,1439.42,1403.02,1439.42,1401.02,4191100.0,0.0033,6140078700.0
2025-07-28,1401.02,1386.68,1403.01,1384.32,3858600.0,0.0031,5560966400.0
2025-07-29,1387.62,1387.02,1396.81,1383.03,2630400.0,0.0021,3785848100.0
2025-07-30,1392.02,1397.46,1405.18,1385.02,3186800.0,0.0025,4612883000.0
2025-07-31,1391.02,1369.69,1392.89,1366.02,5179800.0,0.0040999999999999995,7386302800.0
2025-08-01,1369.89,1365.02,1373.98,1362.02,2963600.0,0.0024,4200850800.0
2025-08-04,1363.02,1367.02,1367.82,1362.02,1868800.0,0.0015,2647105700.0
2025-08-05,1369.02,1375.76,1377.96,1365.13,2534200.0,0.002,3607931500.0
2025-08-06,1377.02,1371.9,1377.02,1367.32,2369900.0,0.0019,3372334900.0
2025-08-07,1371.9,1370.37,1375.72,1368.08,2800100.0,0.0022,3988765800.0
2025-08-08,1371.07,1368.99,1374.52,1366.02,1865500.0,0.0015,2651478100.0
2025-08-11,1371.52,1393.02,1400.01,1371.02,4715900.0,0.0038,6794034100.0
2025-08-12,1397.02,1385.06,1413.09,1384.02,4201900.0,0.0033,6095342000.0
2025-08-13,1373.02,1368.07,1381.7,1368.02,6552800.0,0.0052,9325460100.0
2025-08-14,1368.96,1375.01,1395.53,1368.96,4812900.0,0.0038,6897535300.0
2025-08-15,1374.03,1370.1,1376.68,1368.24,4758200.0,0.0038,6772437000.0
2025-08-18,1375.01,1376.52,1384.66,1371.12,4737800.0,0.0038,6773477900.0
2025-08-19,1381.52,1386.02,1394.68,1380.02,4637200.0,0.0037,6678541000.0
2025-08-20,1386.02,1398.02,1400.82,1378.04,4580500.0,0.0036,6623095699.999999
2025-08-21,1401.47,1396.27,1403.01,1391.67,3089100.0,0.0025,4470441700.0
2025-08-22,1396.9,1411.97,1412.02,1392.79,4497100.0,0.0036,6544867400.0
2025-08-25,1418.03,1438.35,1444.02,1414.02,6532500.0,0.0052,9676719500.0
2025-08-26,1438.34,1429.63,1442.25,1428.03,3960200.0,0.0032,5883917000.0
2025-08-27,1429.9,1396.02,1432.95,1396.02,5600600.0,0.0045000000000000005,8184169100.0
2025-08-28,1395.99,1394.12,1404.12,1386.79,3928200.0,0.0031,5683673300.0
2025-08-29,1401.02,1428.02,1430.6,1400.02,6225600.0,0.005,9159701500.0
2025-09-01,1430.22,1424.12,1436.02,1413.72,4512300.0,0.0036,6658918600.0
2025-09-02,1426.68,1439.32,1457.02,1426.02,5668800.0,0.0045000000000000005,8470012800.0
2025-09-03,1439.02,1428.57,1451.52,1414.02,4504500.0,0.0036,6656011100.0
2025-09-04,1420.02,1420.68,1427.32,1408.49,4774700.0,0.0038,7017084800.0
2025-09-05,1419.02,1431.02,1434.99,1412.02,3738800.0,0.003,5519312200.0
2025-09-08,1431.02,1449.25,1454.46,1425.52,5138300.0,0.0040999999999999995,7682065699.999999
2025-09-09,1453.02,1453.02,1457.97,1441.44,3574300.0,0.0029,5366650000.0
2025-09-10,1454.68,1470.03,1477.97,1444.02,4966300.0,0.004,7541460000.0
2025-09-11,1470.03,1471.52,1474.04,1456.52,3723900.0,0.003,5642778500.0
2025-09-12,1474.02,1464.02,1486.04,1458.55,3372200.0,0.0027,5132184900.0
2025-09-15,1463.89,1463.12,1465.5,1449.52,2582700.0,0.0021,3901929699.9999995
2025-09-16,1463.12,1448.0,1469.01,1444.23,3271800.0,0.0026,4928374500.0
2025-09-17,1448.01,1441.02,1458.3,1438.03,3033100.0,0.0024,4534770600.0
2025-09-18,1440.02,1415.98,1445.82,1411.52,4972100.0,0.004,7347477500.0
2025-09-19,1416.01,1415.99,1423.52,1405.03,3263700.0,0.0026,4784528900.0
2025-09-22,1413.11,1401.37,1415.99,1398.03,3494700.0,0.0028000000000000004,5085057500.0
2025-09-23,1398.52,1395.44,1405.52,1388.02,3866300.0,0.0031,5588384399.999999
2025-09-24,1382.09,1390.02,1404.8,1382.09,3074400.0,0.0025,4443052900.0
2025-09-25,1390.85,1387.02,1393.23,1384.02,3387000.0,0.0027,4873274700.0
2025-09-26,1389.2,1383.02,1395.13,1376.03,4512100.0,0.0036,6480889600.0
2025-09-29,1387.4,1408.88,1418.01,1383.02,5368400.0,0.0043,7798434600.0
2025-09-30,1408.02,1392.01,1408.78,1388.02,3936400.0,0.0031,5687474900.0
2025-10-09,1384.02,1384.8,1387.4,1368.02,5491800.0,0.0044,7845448900.0
2025-10-10,1385.62,1378.02,1387.96,1375.52,3600100.0,0.0029,5157459300.0
2025-10-13,1363.72,1367.22,1370.87,1363.14,4606900.0,0.0037,6533147500.0
2025-10-14,1378.01,1399.04,1412.02,1378.01,6667200.0,0.0053,9639484600.0
2025-10-15,1399.0,1410.02,1411.02,1393.1,4278500.0,0.0034000000000000002,6233407500.0
2025-10-16,1409.94,1432.93,1432.97,1406.9,4573000.0,0.0037,6749162900.0
2025-10-17,1431.12,1403.02,1436.02,1402.05,3808600.0,0.003,5594724900.0
2025-10-20,1403.02,1405.95,1417.52,1402.9,2595000.0,0.0021,3793283800.0
2025-10-21,1407.02,1410.28,1417.96,1403.52,2544300.0,0.002,3727984099.9999995
2025-10-22,1410.1,1406.72,1413.75,1404.02,1819500.0,0.0015,2657486599.9999995
2025-10-23,1403.02,1416.0,1416.82,1395.22,2932200.0,0.0023,4274652100.0
2025-10-24,1415.97,1398.02,1426.9,1397.36,3822600.0,0.0031,5578603100.000001
2025-10-27,1388.02,1388.43,1400.51,1384.01,3710200.0,0.003,5352667200.0
2025-10-28,1390.02,1393.02,1399.22,1389.12,2712400.0,0.0022,3923817100.0
2025-10-29,1388.04,1379.92,1394.57,1378.06,3393700.0,0.0027,4868780300.0
2025-10-30,1369.83,1374.76,1384.65,1369.83,4745600.0,0.0038,6768821300.0
2025-10-31,1370.02,1378.03,1384.0,1368.13,3569400.0,0.0029,5109623900.0
2025-11-03,1379.02,1383.02,1396.02,1368.12,3454800.0,0.0028000000000000004,4945310800.0
2025-11-04,1383.12,1377.02,1383.8,1371.8,2656600.0,0.0021,3793892900.0
2025-11-05,1373.91,1368.1,1379.01,1368.03,3447500.0,0.0028000000000000004,4908475400.0
2025-11-06,1378.02,1383.15,1389.47,1378.01,3834800.0,0.0031,5505960400.0
2025-11-07,1383.13,1381.35,1387.8,1379.13,1886100.0,0.0015,2704995900.0000005
2025-11-10,1383.02,1410.32,1411.71,1383.0,4945200.0,0.0039000000000000003,7181246400.0
2025-11-11,1410.02,1407.01,1410.2,1395.02,2669200.0,0.0021,3882776800.0
2025-11-12,1408.0,1413.17,1426.38,1407.23,3299200.0,0.0026,4849073100.0
2025-11-13,1410.14,1418.4,1421.6,1406.02,3117900.0,0.0025,4569178300.0
2025-11-14,1418.02,1404.62,1426.97,1404.32,2747300.0,0.0022,4031007100.0
2025-11-17,1402.02,1419.02,1421.02,1393.81,3446200.0,0.0028000000000000004,5035780000.0
2025-11-18,1418.72,1424.02,1434.09,1417.02,3420500.0,0.0027,5055675500.0
2025-11-19,1422.02,1419.03,1427.55,1417.98,2204500.0,0.0018,3249449200.0
2025-11-20,1420.02,1415.13,1427.92,1413.05,2400200.0,0.0019,3531653900.0
2025-11-21,1418.52,1414.62,1428.02,1404.02,4260700.0,0.0034000000000000002,6259873400.0
2025-11-24,1415.02,1400.02,1419.02,1399.15,3360700.0,0.0027,4901903700.0
2025-11-25,1406.02,1392.67,1406.02,1392.52,2844100.0,0.0023,4119930000.0
2025-11-26,1396.9,1397.17,1401.51,1391.6,2030600.0,0.0016,2938818100.0
2025-11-27,1397.52,1395.32,1398.02,1387.06,2228700.0,0.0018,3216797199.9999995
2025-11-28,1394.52,1398.52,1403.52,1391.02,2321100.0,0.0019,3366696599.9999995
2025-12-01,1399.02,1396.02,1410.29,1390.02,2733300.0,0.0022,3961995000.0
2025-12-02,1396.02,1384.05,1399.94,1383.04,2504700.0,0.002,3607543800.0
2025-12-03,1383.83,1377.12,1383.99,1376.02,2357300.0,0.0019,3370080100.0
2025-12-04,1377.12,1372.0,1380.52,1366.4,2907500.0,0.0023,4134921900.0
2025-12-05,1372.0,1378.03,1381.11,1367.52,2540200.0,0.002,3622681599.9999995
2025-12-08,1377.22,1366.24,1384.69,1366.02,3360300.0,0.0027,4789155800.0
2025-12-09,1366.25,1349.03,1369.02,1348.07,4263400.0,0.0034000000000000002,5995722100.0
2025-12-10,1348.02,1350.82,1350.82,1331.2,3313300.0,0.0026,4625906100.0
2025-12-11,1354.68,1360.01,1360.01,1349.57,2238500.0,0.0018,3149974099.9999995
2025-12-12,1366.02,1368.67,1373.02,1361.59,3715900.0,0.003,5273563300.0
2025-12-15,1387.61,1374.02,1388.01,1373.59,3335900.0,0.0027,4774362100.0
2025-12-16,1374.22,1370.02,1376.8,1363.02,2396400.0,0.0019,3403139200.0
2025-12-17,1373.02,1381.12,1387.96,1365.7,3138200.0,0.0025,4489482100.0
2025-12-18,1381.52,1379.02,1386.9,1374.13,1783000.0,0.0014000000000000002,2551177700.0
2025-12-19,1381.98,1381.98,1384.43,1372.99,2650900.0,0.0021,3733028400.0000005
2025-12-22,1381.98,1380.24,1386.12,1378.56,2042600.0,0.0016,2881636900.0
2025-12-23,1380.24,1379.84,1384.91,1369.17,2450700.0,0.002,3445377000.0
2025-12-24,1376.97,1372.88,1378.34,1371.98,2518700.0,0.002,3533253600.0
2025-12-25,1376.98,1386.15,1391.46,1373.36,2338600.0,0.0019,3299572100.0
2025-12-26,1386.15,1386.11,1391.12,1381.98,1780300.0,0.0014000000000000002,2520605600.0
2025-12-29,1386.11,1373.98,1386.11,1372.98,2630800.0,0.0021,3694660100.0
2025-12-30,1372.98,1361.7,1373.88,1357.98,3379200.0,0.0027,4702489800.0
2025-12-31,1361.98,1349.16,1365.98,1349.15,3476600.0,0.0028000000000000004,4799456500.0
2026-01-05,1356.98,1397.98,1403.86,1356.98,7094900.0,0.005699999999999999,10018086400.0
2026-01-06,1404.53,1399.99,1408.95,1388.51,3958600.0,0.0032,5649710200.0
2026-01-07,1404.86,1395.34,1406.98,1392.18,2968400.0,0.0024,4234255300.0000005
2026-01-08,1395.31,1384.28,1395.34,1380.12,2913500.0,0.0023,4117925000.0
2026-01-09,1388.98,1391.08,1400.58,1387.99,2984800.0,0.0024,4243865400.0
2026-01-12,1391.08,1395.21,1402.98,1389.08,3608300.0,0.0029,5135636000.0
2026-01-13,1398.77,1382.98,1401.5,1380.97,3916900.0,0.0031,5555633800.0
2026-01-14,1382.98,1369.99,1394.23,1368.16,5175800.0,0.0040999999999999995,7285041200.0
2026-01-15,1368.0,1360.87,1374.81,1360.56,4090700.0,0.0033,5698739700.0
2026-01-16,1366.98,1353.98,1369.48,1351.98,5512100.0,0.0044,7643062000.0
2026-01-19,1353.88,1347.98,1359.47,1346.98,4228600.0,0.0034000000000000002,5833745400.0
2026-01-20,1351.48,1345.53,1353.56,1344.03,3648400.0,0.0029,5021900800.0
2026-01-21,1345.54,1323.04,1346.38,1321.98,6451600.0,0.0052,8775880800.0
2026-01-22,1323.99,1312.04,1333.74,1309.46,5901100.0,0.004699999999999999,7962441400.0
2026-01-23,1312.08,1308.98,1319.98,1304.45,6194900.0,0.0049,8301311500.0
2026-01-26,1312.49,1313.98,1326.98,1297.1,8016600.0,0.0064,10751225500.0
2026-01-27,1316.96,1314.99,1325.68,1309.98,4841600.0,0.0039000000000000003,6514513199.999999
2026-01-28,1315.02,1295.67,1318.69,1293.99,7621800.0,0.0060999999999999995,10135019500.0
2026-01-29,1306.98,1409.7,1416.98,1301.04,18953400.0,0.0151,26305591100.0
2026-01-30,1406.98,1372.98,1406.98,1372.98,9448000.0,0.0075,13366329400.0
2026-02-02,1396.98,1398.98,1430.56,1383.6,8572400.0,0.0068000000000000005,12312646399.999998
2026-02-03,1416.98,1446.9,1448.79,1415.01,8632100.0,0.0069,12628439700.0
2026-02-04,1456.98,1496.98,1505.25,1445.98,10912300.0,0.0087,16444346000.0
2026-02-05,1491.98,1526.98,1536.98,1486.98,9162300.0,0.0073,14183456500.0
2026-02-06,1526.98,1486.99,1539.98,1477.86,7896500.0,0.0063,12019878700.000002
2026-02-09,1489.98,1496.94,1514.86,1485.47,5116800.0,0.0040999999999999995,7809067700.0
2026-02-10,1496.95,1476.78,1496.95,1468.48,3957600.0,0.0032,5953269300.000001
2026-02-11,1476.78,1476.31,1485.98,1467.98,3092800.0,0.0025,4648360000.0
2026-02-12,1472.18,1458.58,1474.8,1445.34,4624600.0,0.0037,6874370100.0
2026-02-13,1458.58,1457.28,1479.78,1442.56,4167900.0,0.0033,6216379200.0
2026-02-24,1492.98,1438.78,1496.38,1435.58,4191300.0,0.0033,6198840600.000001
2026-02-25,1441.98,1463.64,1481.64,1439.86,3688100.0,0.0029,5490316100.0
2026-02-26,1458.58,1438.19,1461.47,1436.65,3295800.0,0.0026,4855471400.0
2026-02-27,1438.97,1427.0,1448.19,1427.0,3216000.0,0.0026,4697692500.0
2026-03-02,1421.98,1412.09,1428.98,1408.64,3545400.0,0.0028000000000000004,5115063500.0
2026-03-03,1412.08,1398.17,1424.85,1394.11,4589100.0,0.0037,6565381600.0
2026-03-04,1386.98,1373.16,1394.98,1364.07,4801400.0,0.0038,6743267100.0
2026-03-05,1377.98,1371.02,1384.94,1366.98,3050500.0,0.0024,4276226100.0
2026-03-06,1366.98,1373.98,1379.48,1359.98,2915400.0,0.0023,4072328800.0
2026-03-09,1361.98,1368.98,1376.88,1355.18,3744200.0,0.003,5220095600.0
2026-03-10,1376.88,1373.86,1381.47,1369.98,2462600.0,0.002,3457808900.0
2026-03-11,1374.97,1371.98,1377.97,1370.0,2445700.0,0.002,3425363900.0
2026-03-12,1366.98,1363.98,1375.93,1362.99,2758600.0,0.0022,3850521700.0
2026-03-13,1364.46,1385.62,1389.6,1363.98,3360800.0,0.0027,4738808600.0
2026-03-16,1391.98,1432.16,1437.98,1391.98,6008600.0,0.0048,8711525800.0
2026-03-17,1439.98,1456.98,1470.05,1433.17,4945400.0,0.0039000000000000003,7347310600.000001
2026-03-18,1460.98,1440.78,1468.48,1435.13,3555100.0,0.0028000000000000004,5239992500.0
2026-03-19,1444.94,1424.85,1444.98,1417.98,3031900.0,0.0024,4404953500.0
2026-03-20,1424.94,1416.98,1434.48,1410.98,2613200.0,0.0021,3782818300.0
2026-03-23,1405.31,1380.05,1406.98,1372.01,4725600.0,0.0038,6669708700.0
2026-03-24,1387.98,1379.31,1389.57,1372.16,2856200.0,0.0023,4017694400.0
2026-03-25,1382.09,1382.25,1389.85,1372.99,2609300.0,0.0021,3677905500.0
2026-03-26,1380.98,1373.16,1385.88,1372.28,2309300.0,0.0018,3243387500.0
2026-03-27,1371.98,1388.0,1397.98,1368.64,3008700.0,0.0024,4257499800.0
2026-03-30,1378.98,1391.98,1402.98,1374.5,2868500.0,0.0023,4060684900.0
2026-03-31,1439.98,1421.98,1451.91,1420.39,6169100.0,0.0049,9015486800.0
2026-04-01,1436.47,1431.42,1441.97,1424.86,2912500.0,0.0023,4256185500.0
2026-04-02,1431.42,1431.86,1436.86,1424.08,2106400.0,0.0017000000000000001,3071809800.0
2026-04-03,1431.52,1431.98,1441.94,1426.98,2019400.0,0.0016,2953993100.0
2026-04-07,1432.03,1412.0,1441.98,1407.03,2415200.0,0.0019,3507471700.0
2026-04-08,1431.98,1437.0,1441.06,1424.11,3383600.0,0.0027,4947937000.0
2026-04-09,1437.0,1432.47,1437.0,1419.48,2070500.0,0.0017000000000000001,3012278600.0
2026-04-10,1431.12,1425.94,1431.69,1413.08,2886600.0,0.0023,4187181500.0
2026-04-13,1415.98,1415.29,1418.48,1404.98,2521400.0,0.002,3629675500.0
2026-04-14,1414.58,1418.88,1420.58,1406.98,2423300.0,0.0019,3492544200.0
2026-04-15,1416.96,1439.48,1442.77,1413.98,3455300.0,0.0028000000000000004,5049317200.0
2026-04-16,1439.43,1434.82,1449.39,1431.98,2451300.0,0.002,3597294800.0
2026-04-17,1371.98,1379.22,1392.98,1371.85,9682500.0,0.0077,13631929400.0
2026-04-20,1374.98,1382.87,1385.92,1371.98,3645100.0,0.0029,5127146000.0
2026-04-21,1382.98,1383.99,1391.88,1381.98,2175400.0,0.0017000000000000001,3074595200.0
2026-04-22,1386.98,1381.48,1390.98,1376.96,2691600.0,0.0021,3793827500.0
2026-04-23,1379.98,1390.98,1391.68,1377.08,3770100.0,0.003,5332831200.0
2026-04-24,1385.08,1430.47,1430.86,1385.08,5545500.0,0.0044,8003411000.0
2026-04-27,1391.98,1375.18,1391.98,1374.18,7279800.0,0.0058,10239763500.0
2026-04-28,1373.98,1376.98,1381.37,1372.09,3400400.0,0.0027,4772513700.0
2026-04-29,1376.98,1373.15,1381.73,1372.26,3481300.0,0.0028000000000000004,4881691300.0
2026-04-30,1371.98,1356.77,1373.15,1351.98,5275300.0,0.0042,7316111700.0
2026-05-06,1337.08,1346.98,1350.98,1332.03,4780600.0,0.0038,6550750900.0
2026-05-07,1346.98,1343.03,1359.98,1341.99,4046100.0,0.0032,5573286300.0
2026-05-08,1343.64,1344.97,1354.75,1341.98,3336900.0,0.0027,4582855900.0
2026-05-11,1344.87,1333.31,1344.87,1332.98,5713500.0,0.0046,7790721400.0
2026-05-12,1333.98,1326.53,1335.56,1322.48,5083700.0,0.0040999999999999995,6886305000.0
2026-05-13,1326.48,1316.07,1330.58,1309.98,5696800.0,0.0045000000000000005,7653257100.0
2026-05-14,1309.98,1314.15,1341.04,1307.16,5524400.0,0.0044,7428592900.0
2026-05-15,1307.13,1304.93,1311.26,1299.09,5818400.0,0.0046,7749366500.0
2026-05-18,1307.98,1294.98,1314.66,1291.59,4966100.0,0.004,6594983700.0
2026-05-19,1293.88,1296.28,1301.97,1289.98,4325500.0,0.0034999999999999996,5719170300.0
2026-05-20,1292.98,1286.98,1304.97,1285.98,4748700.0,0.0038,6271273700.0
2026-05-21,1284.96,1282.98,1295.5,1282.98,3886800.0,0.0031,5112740400.0
2026-05-22,1282.93,1262.18,1283.89,1262.1,4915700.0,0.0039000000000000003,6372389500.0
2026-05-25,1258.98,1257.86,1276.77,1248.98,4635300.0,0.0037,5978725200.0
2026-05-26,1257.33,1245.36,1261.87,1241.99,4593200.0,0.0037,5867830600.000001
2026-05-27,1240.0,1274.98,1290.98,1222.08,8272800.0,0.0066,10586574900.0
2026-05-28,1261.98,1247.96,1275.98,1242.98,4589000.0,0.0037,5895475000.0
2026-05-29,1242.58,1297.98,1300.98,1241.98,7647800.0,0.0060999999999999995,10037388200.0
2026-06-01,1298.98,1281.58,1298.98,1273.29,4384500.0,0.0034999999999999996,5741133300.0
2026-06-02,1277.98,1279.2,1298.34,1272.98,3636200.0,0.0029,4769963100.0
2026-06-03,1275.98,1253.89,1275.98,1247.98,5247700.0,0.0042,6743202700.0
2026-06-04,1250.97,1239.98,1260.97,1238.67,3350600.0,0.0027,4273269300.0
2026-06-05,1249.98,1244.84,1254.98,1239.72,3130400.0,0.0025,3984001900.0
2026-06-08,1243.98,1234.96,1249.98,1231.98,3082800.0,0.0025,3898027100.0
2026-06-09,1234.97,1227.98,1234.98,1224.53,2786000.0,0.0022,3500590700.0
2026-06-10,1224.06,1247.86,1253.98,1222.19,3924400.0,0.0031,4991686400.0
2026-06-11,1244.1,1250.98,1254.86,1238.89,2535200.0,0.002,3230008200.0
2026-06-12,1243.16,1263.89,1266.98,1236.99,5049500.0,0.004,6477910200.0
2026-06-15,1264.68,1243.08,1264.68,1242.08,4158600.0,0.0033,5303656100.0
2026-06-16,1238.99,1227.65,1239.86,1226.98,3497000.0,0.0028000000000000004,4399957600.0
2026-06-17,1229.98,1211.98,1231.75,1210.54,4480300.0,0.0036,5581256300.0
2026-06-18,1206.98,1186.98,1210.85,1183.2,5747200.0,0.0046,7016713900.0
2026-06-22,1186.29,1213.39,1224.78,1176.98,5825100.0,0.004699999999999999,7163236300.0
2026-06-23,1210.98,1194.43,1235.98,1188.98,5800400.0,0.0046,7179745900.0
2026-06-24,1194.63,1179.66,1213.85,1179.49,4533500.0,0.0036,5516574500.0
2026-06-25,1178.98,1184.08,1198.98,1171.98,4844600.0,0.0039000000000000003,5860481800.000001
2026-06-26,1199.0,1168.63,1199.0,1168.1,5006600.0,0.004,5922014100.0
2026-06-29,1169.0,1194.96,1215.0,1151.01,6687800.0,0.0053,7949237800.0
2026-06-30,1187.0,1185.49,1195.67,1176.0,3960800.0,0.0032,4684236200.0
2026-07-01,1180.1,1193.01,1196.8,1166.33,4247400.0,0.0034000000000000002,5033838200.0
2026-07-02,1193.01,1203.0,1215.52,1190.51,5087000.0,0.0040999999999999995,6122360900.0
2026-07-03,1205.24,1194.45,1210.14,1185.0,3426800.0,0.0027,4099266200.0
2026-07-06,1186.0,1206.91,1215.0,1180.0,4097000.0,0.0033,4913750700.0
2026-07-07,1200.0,1188.8,1202.0,1188.11,2736500.0,0.0022,3264967800.0000005
2026-07-08,1188.77,1199.3,1200.98,1177.0,2577600.0,0.0021,3071933500.0
2026-07-09,1191.0,1182.19,1191.99,1178.0,3409600.0,0.0027,4035216900.0
2026-07-10,1182.2,1204.98,1204.98,1170.28,5221300.0,0.0042,6223343600.0
2026-07-13,1197.12,1210.99,1215.0,1190.19,4198300.0,0.0034000000000000002,5056689600.0
2026-07-14,1208.99,1214.88,1226.87,1205.0,4352700.0,0.0034999999999999996,5294785000.0
2026-07-15,1203.66,1251.06,1256.6,1198.66,7194400.0,0.0058,8922861400.0
2026-07-16,1252.0,1258.99,1267.97,1245.05,4761100.0,0.0038,5987570900.0
2026-07-17,1269.01,1253.0,1269.33,1238.98,5841700.0,0.004699999999999999,7322732700.0
2026-07-20,1270.0,1327.5,1329.0,1266.0,10615100.0,0.0085,13898351100.000002
2026-07-21,1338.98,1308.0,1344.7,1296.87,7714800.0,0.0062,10174304100.0
2026-07-22,1300.0,1305.0,1308.0,1283.24,6518100.0,0.0052,8431141800.000001
2026-07-23,1299.8,1292.01,1303.0,1285.43,3391800.0,0.0027,4392505600.0
2026-07-24,1305.0,1297.41,1309.21,1286.2,3569900.0,0.0029,4622242900.0
2026-07-27,1308.0,1289.5,1308.0,1279.58,3199000.0,0.0026,4129228600.0
2026-07-28,1299.0,1320.0,1320.0,1289.52,5313500.0,0.0043,6960058100.000001
2026-07-29,1333.83,1321.0,1343.48,1312.06,6233000.0,0.005,8282396800.000001
2026-07-30,1323.0,1361.76,1362.0,1322.0,7187300.0,0.005699999999999999,9712135400.0
2026-07-31,1330.03,1350.6,1355.72,1325.77,5512800.0,0.0044,7373462600.0
2026-08-03,1350.6,1358.98,1363.35,1346.0,3614700.0,0.0029,4898665300.0
2026-08-04,1350.06,1328.36,1350.94,1328.36,3745000.0,0.003,5004070400.0
2026-08-05,1328.36,1306.45,1333.8,1303.5,4268900.0,0.0034000000000000002,5600615300.0
2026-08-06,1310.0,1308.55,1314.4,1300.01,2546300.0,0.002,3326230800.0
2026-08-07,1308.66,1309.22,1315.28,1301.0,2497600.0,0.002,3266919400.0
2026-08-10,1325.0,1348.86,1359.97,1318.08,6268600.0,0.005,8428304300.000001
2026-08-11,1348.0,1346.5,1352.65,1338.0,2707300.0,0.0022,3640046400.0
2026-08-12,1346.5,1343.0,1356.88,1332.51,3506000.0,0.0028000000000000004,4717613100.0
2026-08-13,1338.0,1355.29,1359.6,1337.0,3235300.0,0.0026,4376205600.0
2026-08-14,1355.0,1341.99,1359.0,1338.14,2985300.0,0.0024,4024065600.0
2026-08-17,1295.0,1293.09,1301.0,1280.34,7843000.0,0.0063,10114852200.0
2026-08-18,1291.0,1297.99,1302.9,1285.17,3872300.0,0.0031,5007014700.0
2026-08-19,1300.0,1307.88,1308.88,1290.5,3754800.0,0.003,4876774800.0
2026-08-20,1299.8,1291.5,1306.88,1291.0,2533200.0,0.002,3280474200.0
2026-08-21,1291.5,1272.83,1291.5,1272.01,3347200.0,0.0027,4278311000.0
2026-08-24,1271.01,1304.66,1313.8,1270.33,4844000.0,0.0039000000000000003,6299794399.999999
2026-08-25,1311.89,1304.0,1317.0,1301.11,2111100.0,0.0017000000000000001,2757527100.0
2026-08-26,1300.0,1302.8,1314.45,1295.0,2173100.0,0.0017000000000000001,2838764000.0
2026-08-27,1304.0,1292.3,1305.0,1288.0,2476700.0,0.002,3203715700.0
2026-08-28,1289.0,1297.4,1297.89,1288.0,1612600.0,0.0013,2086008400.0
2026-08-31,1297.99,1299.52,1305.0,1286.0,2324800.0,0.0019,3003033700.0
2026-09-01,1295.0,1299.56,1307.99,1286.1,3266400.0,0.0026,4242440900.0000005
2026-09-02,1302.8,1297.5,1303.0,1291.2,2030800.0,0.0016,2634084200.0
2026-09-03,1297.5,1298.88,1305.0,1293.02,1774800.0,0.0014000000000000002,2305193100.0
2026-09-04,1295.88,1330.0,1338.86,1295.6,4541600.0,0.0036,6022594700.0
2026-09-07,1324.0,1316.01,1333.6,1312.66,2525000.0,0.002,3336029500.0
2026-09-08,1318.0,1309.3,1323.0,1309.05,1753400.0,0.0014000000000000002,2302823800.0
2026-09-09,1305.01,1290.88,1309.3,1286.68,3222600.0,0.0026,4168500500.0
2026-09-10,1291.0,1285.13,1294.99,1282.0,1890000.0,0.0015,2428698800.0
2026-09-11,1285.15,1275.16,1286.15,1263.01,3480100.0,0.0028000000000000004,4430841400.0
2026-09-14,1277.27,1277.96,1285.53,1270.36,1657100.0,0.0013,2116621900.0
2026-09-15,1281.0,1272.75,1284.5,1271.28,1376200.0,0.0011,1756915100.0
2026-09-16,1273.93,1258.0,1274.98,1254.1,2623500.0,0.0021,3307926400.0
