date,open,close,high,low,volume,turnover,amount
2020-12-31,1941.0,1998.0,1998.98,1939.0,3886007.0,0.0031,7682300699.999999
2021-01-04,1999.98,1997.0,2004.99,1983.81,4351400.0,0.0034999999999999996,8686920300.0
2021-01-05,1990.0,2059.45,2059.45,1982.46,5211605.0,0.0040999999999999995,10592557400.0
2021-01-06,2064.8,2100.0,2125.0,2036.03,4741020.0,0.0038,9882593900.0
2021-01-07,2097.0,2140.0,2140.0,2075.0,3793139.0,0.003,7991178800.0
2021-01-08,2142.0,2090.0,2150.88,2063.02,5386164.0,0.0043,11345202900.0
2021-01-11,2090.0,2099.73,2150.5,2058.6,5107990.0,0.0040999999999999995,10768565400.0
2021-01-12,2088.0,2160.9,2160.9,2085.0,4105858.9999999995,0.0033,8800558300.0
2021-01-13,2164.0,2164.0,2173.33,2135.0,3438993.0,0.0027,7418330900.0
2021-01-14,2156.0,2134.0,2163.0,2116.11,3615219.9999999995,0.0029,7722089700.0
2021-01-15,2115.0,2082.0,2134.35,2029.0,5950939.0,0.004699999999999999,12372103200.0
2021-01-18,2061.06,2063.0,2091.48,2040.27,3914404.0,0.0031,8076715800.0
2021-01-19,2073.11,2009.41,2096.3,2006.85,4634519.0,0.0037,9479278500.0
2021-01-20,2008.0,2040.63,2055.49,1982.5,4508242.0,0.0036,9126453300.0
2021-01-21,2048.0,2070.0,2090.02,2041.0,3831017.0,0.0031,7953456000.0
2021-01-22,2069.0,2079.95,2100.0,2060.1,2924761.0,0.0023,6090260400.0
2021-01-25,2083.0,2175.0,2179.5,2083.0,5595716.0,0.0045000000000000005,12029474600.0
2021-01-26,2185.0,2141.89,2187.0,2125.11,3174746.0,0.0025,6820173400.0
2021-01-27,2141.89,2089.0,2141.89,2085.0,3712017.0,0.003,7809446400.0
2021-01-28,2080.0,2088.0,2109.66,2060.02,3512864.0,0.0028000000000000004,7337084500.0
2021-01-29,2101.19,2116.18,2149.48,2090.22,3370133.0,0.0027,7166179300.000001
2021-02-01,2130.0,2109.32,2160.0,2095.0,2934059.0,0.0023,6219639100.0
2021-02-02,2112.22,2145.0,2149.99,2102.1,3458225.0,0.0028000000000000004,7372233600.0
2021-02-03,2150.0,2189.91,2198.27,2140.0,3871415.0,0.0031,8384049300.000001
2021-02-04,2191.0,2320.85,2330.0,2191.0,6385101.0,0.0051,14596930200.0
2021-02-05,2325.0,2313.0,2364.6,2291.0,3972906.0,0.0032,9253566200.0
2021-02-08,2337.0,2368.8,2378.88,2313.0,3578573.0000000005,0.0028000000000000004,8420758600.0
2021-02-09,2368.8,2456.43,2456.43,2350.0,3329655.0000000005,0.0027,7972930000.0
2021-02-10,2485.0,2601.0,2601.2,2485.0,6137057.0,0.0049,15675929700.0
2021-02-18,2587.98,2471.0,2627.88,2465.0,6591232.000000001,0.0052,16704135300.0
2021-02-19,2451.16,2460.0,2496.66,2381.6,5938546.0,0.004699999999999999,14525164500.0
2021-02-22,2455.0,2288.02,2455.0,2278.22,7893547.0,0.0063,18498777200.0
2021-02-23,2265.14,2307.0,2344.89,2265.0,5745460.0,0.0046,13316110800.0
2021-02-24,2307.99,2189.0,2318.0,2160.5,8211578.0,0.006500000000000001,18195034400.0
2021-02-25,2209.0,2150.0,2224.5,2121.21,5972643.0,0.0048,12982145800.0
2021-02-26,2100.0,2122.78,2179.95,2067.3,6652506.0,0.0053,14097015500.0
2021-03-01,2179.0,2158.0,2179.0,2120.0,4491626.0,0.0036,9686945500.0
2021-03-02,2180.0,2058.0,2180.0,2033.0,7076450.0,0.005600000000000001,14796698600.000002
2021-03-03,2040.0,2140.0,2149.77,2033.0,5421546.0,0.0043,11366685400.0
2021-03-04,2095.0,2033.0,2096.0,2010.1,6508829.0,0.0052,13297304300.0
2021-03-05,2000.0,2060.11,2095.0,1988.0,6377920.0,0.0051,13100316000.0
2021-03-08,2074.96,1960.0,2085.0,1960.0,6309959.0,0.005,12724246000.0
2021-03-09,1955.0,1936.99,2000.0,1900.18,8226581.0,0.006500000000000001,16100769600.0
2021-03-10,1977.0,1970.01,1999.87,1967.0,5117174.0,0.0040999999999999995,10136910300.0
2021-03-11,1975.0,2048.0,2079.99,1961.48,5676897.0,0.0045000000000000005,11521736399.999998
2021-03-12,2070.0,2026.0,2077.0,2002.01,4032251.0,0.0032,8181594600.0
2021-03-15,2050.0,1975.45,2069.8,1951.15,6248487.0,0.005,12459955700.0
2021-03-16,1974.93,2010.5,2019.99,1965.0,3464850.0,0.0028000000000000004,6918600699.999999
2021-03-17,2000.0,2030.36,2050.0,1976.01,3137491.0,0.0025,6352656500.0
2021-03-18,2035.0,2069.7,2086.36,2035.0,3386487.9999999995,0.0027,6997030300.0
2021-03-19,2035.0,2010.0,2043.0,1992.23,3578076.9999999995,0.0028000000000000004,7211521800.000001
2021-03-22,2000.1,1989.99,2026.09,1955.55,3691407.0,0.0029,7323391300.0
2021-03-23,1998.88,1996.0,2008.8,1970.0,2744619.0,0.0022,5459520699.999999
2021-03-24,1981.0,1989.0,2013.0,1981.0,2935739.0,0.0023,5857848199.999999
2021-03-25,1970.01,1971.0,1988.88,1946.8,3157523.0,0.0025,6216733199.999999
2021-03-26,1985.0,2013.0,2022.0,1958.0,5001642.0,0.004,9987629400.0
2021-03-29,2043.2,2034.1,2096.35,2026.15,5699220.0,0.0045000000000000005,11740129400.0
2021-03-30,2040.0,2056.05,2086.0,2035.08,3262697.0,0.0026,6717493400.0
2021-03-31,2045.1,2009.0,2046.02,2000.0,3715441.0000000005,0.003,7489086200.0
2021-04-01,2021.0,2044.5,2046.8,2001.22,2658763.0,0.0021,5379775900.0
2021-04-02,2056.0,2162.0,2165.0,2056.0,5202757.0,0.0040999999999999995,10981752700.0
2021-04-06,2161.0,2126.03,2161.98,2102.3,3274177.0,0.0026,6967525000.0
2021-04-07,2104.06,2061.0,2117.3,2050.0,4020097.0,0.0032,8317799900.0
2021-04-08,2047.03,2070.0,2079.0,2044.0,2854762.0,0.0023,5893307500.0
2021-04-09,2042.0,2020.0,2054.0,2005.01,2880886.0,0.0023,5832453800.0
2021-04-12,2011.0,2008.89,2030.0,1991.7,3194307.0,0.0025,6409917300.0
2021-04-13,2020.0,2021.0,2049.8,2009.0,2899215.0,0.0023,5883787300.0
2021-04-14,2035.0,2047.0,2048.0,2016.0,2411465.0,0.0019,4908790000.0
2021-04-15,2030.9,2015.6,2046.9,1990.0,3436621.0,0.0027,6903769500.0
2021-04-16,2025.08,2054.98,2068.0,2012.0,3029370.0,0.0024,6183895100.0
2021-04-19,2055.0,2088.0,2098.36,2033.0,3175391.0,0.0025,6610577900.0
2021-04-20,2071.1,2094.8,2129.0,2070.0,2829037.0,0.0023,5949670000.0
2021-04-21,2076.0,2080.0,2097.8,2065.1,2614975.0,0.0021,5446146000.0
2021-04-22,2089.9,2055.5,2099.0,2051.5,2685002.0,0.0021,5539295699.999999
2021-04-23,2055.97,2108.94,2119.88,2052.5,3346276.9999999995,0.0027,7002695300.0
2021-04-26,2132.0,2077.82,2135.0,2073.6,3404511.0,0.0027,7160836899.999999
2021-04-27,2087.08,2094.44,2095.25,2065.09,2210785.0,0.0018,4607779000.0
2021-04-28,2010.0,2042.0,2047.5,2003.0,8134295.0,0.006500000000000001,16463574600.0
2021-04-29,2047.04,2026.36,2049.94,2014.0,4128378.0,0.0033,8370431200.0
2021-04-30,2026.0,2006.78,2036.0,2003.71,3840137.0000000005,0.0031,7723747000.0
2021-05-06,2000.0,1959.0,2006.84,1953.0,5354614.0,0.0043,10584968899.999998
2021-05-07,1965.0,1903.0,1967.98,1901.0,5249339.0,0.0042,10101703400.0
2021-05-10,1900.0,1879.03,1909.0,1866.01,4600318.0,0.0037,8677753600.0
2021-05-11,1876.0,1959.0,1966.0,1873.3,4249412.0,0.0034000000000000002,8209251899.999999
2021-05-12,1949.08,1984.0,1999.0,1949.0,3269887.0,0.0026,6473203300.0
2021-05-13,1965.75,1971.5,1985.05,1953.0,2507751.0,0.002,4934955000.0
2021-05-14,1982.0,2009.85,2030.5,1976.0,3561129.0,0.0028000000000000004,7150302000.0
2021-05-17,2025.1,2057.96,2085.2,2025.1,4452400.0,0.0034999999999999996,9178510000.0
2021-05-18,2065.0,2059.31,2077.0,2045.06,1750428.0,0.0014000000000000002,3595891700.0
2021-05-19,2059.0,2049.0,2074.81,2040.0,2240972.0,0.0018,4606452400.0
2021-05-20,2074.0,2058.88,2074.1,2045.36,2185716.0,0.0017000000000000001,4500663200.0
2021-05-21,2055.08,2042.1,2079.88,2037.02,2424823.0,0.0019,4976601500.0
2021-05-24,2051.0,2071.29,2080.06,2031.0,3254808.0,0.0026,6705879399.999999
2021-05-25,2085.0,2194.5,2200.1,2085.0,6775695.0,0.0054,14636718799.999998
2021-05-26,2207.98,2220.0,2241.8,2193.08,3860419.9999999995,0.0031,8558038199.999999
2021-05-27,2211.02,2245.0,2320.0,2201.1,4537338.0,0.0036,10240369000.0
2021-05-28,2240.97,2230.0,2250.0,2205.51,2580731.0,0.0021,5741332000.0
2021-05-31,2215.5,2218.0,2218.35,2172.0,3173900.0,0.0025,6960864300.000001
2021-06-01,2222.0,2240.95,2248.95,2206.0,3061634.0,0.0024,6832594500.0
2021-06-02,2250.0,2222.0,2264.0,2208.18,2286277.0,0.0018,5088908400.0
2021-06-03,2220.0,2222.22,2260.34,2210.08,2345031.0,0.0019,5242453000.0
2021-06-04,2215.0,2251.5,2288.0,2214.04,3142219.0,0.0025,7058715100.0
2021-06-07,2265.0,2271.0,2279.0,2240.01,2546627.0,0.002,5756592700.0
2021-06-08,2260.0,2191.0,2279.99,2161.15,4731363.0,0.0038,10479943200.0
2021-06-09,2192.0,2199.5,2214.0,2160.11,2550235.0,0.002,5591378800.0
2021-06-10,2195.0,2238.48,2251.37,2190.08,2556663.0,0.002,5707338400.0
2021-06-11,2239.0,2178.81,2244.0,2178.81,3397066.0000000005,0.0027,7513797000.0
2021-06-15,2195.1,2193.0,2208.88,2148.0,2936130.0,0.0023,6412821600.0
2021-06-16,2192.0,2158.0,2195.0,2148.0,2759315.0,0.0022,5978924500.0
2021-06-17,2155.65,2156.91,2188.0,2144.36,2106753.0,0.0017000000000000001,4558702600.0
2021-06-18,2147.0,2090.94,2156.5,2065.0,5402821.0,0.0043,11329180800.0
2021-06-21,2085.0,2081.64,2099.69,2050.0,3548826.0,0.0028000000000000004,7367986500.0
2021-06-22,2092.0,2074.97,2098.0,2053.89,3322818.0,0.0026,6900830600.000001
2021-06-23,2080.0,2038.0,2083.0,2034.15,3707901.0,0.003,7596735699.999999
2021-06-24,2040.01,2068.05,2080.0,2021.0,3147370.0,0.0025,6452557100.0
2021-06-25,2049.96,2092.0,2109.0,2042.6,3587543.0,0.0029,7459680500.0
2021-06-28,2100.0,2103.01,2118.0,2073.0,2745242.0,0.0022,5750241200.0
2021-06-29,2108.0,2062.0,2115.0,2051.0,3303062.9999999995,0.0026,6835635200.0
2021-06-30,2065.0,2056.7,2074.0,2046.3,2191566.0,0.0017000000000000001,4511484200.0
2021-07-01,2059.97,2105.0,2110.0,2031.6,3370124.0,0.0027,6970730900.0
2021-07-02,2075.0,2013.0,2075.0,2011.5,4627531.0,0.0037,9388640200.0
2021-07-05,2000.0,1994.0,2019.88,1985.0,3442094.9999999995,0.0027,6872797800.0
2021-07-06,1995.0,2012.9,2014.0,1960.01,3528251.0,0.0028000000000000004,7015883100.000001
2021-07-07,2010.0,2004.0,2028.88,1999.01,2812212.0,0.0022,5658210699.999999
2021-07-08,2000.1,1985.0,2004.0,1968.0,3551669.0,0.0028000000000000004,7027713800.0
2021-07-09,1964.52,1972.11,1985.91,1945.0,3090790.0,0.0025,6072341000.0
2021-07-12,1975.55,1961.0,1998.78,1940.5,3901024.0,0.0031,7658786200.0
2021-07-13,1968.0,1982.9,2005.5,1965.0,2992471.0,0.0024,5946287300.0
2021-07-14,1974.0,1962.0,1974.5,1945.0,3077069.0,0.0025,6011814900.0
2021-07-15,1955.02,1997.99,2013.0,1950.6,4219005.0,0.0034000000000000002,8391506200.0
2021-07-16,1980.0,1955.9,1996.6,1950.0,3540764.0,0.0028000000000000004,6958296899.999999
2021-07-19,1955.89,1975.0,1986.0,1941.0,3005234.0,0.0024,5900348199.999999
2021-07-20,1975.0,1980.0,1988.93,1961.41,2347521.0,0.0019,4639301000.0
2021-07-21,1989.0,1969.0,2006.0,1962.01,2978013.0,0.0024,5902656200.0
2021-07-22,1960.0,1940.01,1973.9,1938.96,3909047.0,0.0031,7619076899.999999
2021-07-23,1937.82,1900.0,1937.82,1895.09,4758547.0,0.0038,9057761900.0
2021-07-26,1879.0,1804.11,1879.0,1780.0,9861948.0,0.0079,17894360800.0
2021-07-27,1803.0,1712.89,1810.0,1703.0,8657699.0,0.0069,15230805700.0
2021-07-28,1703.0,1768.9,1788.2,1682.12,8536884.0,0.0068000000000000005,14792470900.0
2021-07-29,1810.01,1749.79,1823.0,1734.34,6386385.0,0.0051,11299569900.0
2021-07-30,1725.0,1678.99,1725.0,1657.76,7773589.0,0.0062,13109725000.0
2021-08-02,1664.0,1755.0,1755.98,1620.72,9740065.0,0.0078000000000000005,16515259100.0
2021-08-03,1730.0,1749.3,1768.99,1688.8,5437475.0,0.0043,9447823200.0
2021-08-04,1734.06,1724.0,1760.0,1718.0,3817549.0,0.003,6614683400.0
2021-08-05,1692.88,1699.0,1745.0,1676.36,4805969.0,0.0038,8177369900.0
2021-08-06,1689.0,1671.0,1694.01,1646.6,4568610.0,0.0036,7616109600.0
2021-08-09,1651.0,1693.8,1709.0,1650.0,4769775.0,0.0038,8028155500.0
2021-08-10,1700.0,1799.0,1802.88,1675.0,8328505.0,0.0066,14549496500.0
2021-08-11,1780.01,1750.5,1785.01,1750.01,3866258.9999999995,0.0031,6821292800.0
2021-08-12,1732.0,1690.0,1749.0,1686.19,4755097.0,0.0038,8130692600.0
2021-08-13,1690.0,1700.04,1713.0,1679.0,3790451.9999999995,0.003,6418412500.0
2021-08-16,1696.0,1699.2,1713.6,1685.08,2805697.0,0.0022,4773049800.0
2021-08-17,1700.0,1635.0,1700.0,1628.88,6120077.0,0.0049,10140292000.0
2021-08-18,1624.66,1620.0,1642.99,1600.0,5997026.0,0.0048,9701556300.0
2021-08-19,1622.22,1619.97,1643.2,1600.0,4129194.9999999995,0.0033,6682355699.999999
2021-08-20,1555.17,1548.0,1597.55,1525.5,11454454.0,0.0091,17825198300.0
2021-08-23,1537.88,1570.19,1599.0,1536.77,7159720.0,0.005699999999999999,11218832900.0
2021-08-24,1575.0,1625.18,1642.55,1565.77,7259447.0,0.0058,11703813799.999998
2021-08-25,1647.64,1665.02,1680.87,1643.0,5423890.0,0.0043,9037626400.0
2021-08-26,1664.99,1595.0,1664.99,1594.72,5402037.0,0.0043,8722233200.0
2021-08-27,1589.0,1596.03,1625.0,1584.1,3609544.9999999995,0.0029,5791426200.0
2021-08-30,1605.0,1586.0,1613.0,1545.95,5158770.0,0.0040999999999999995,8098190300.0
2021-08-31,1589.8,1558.0,1616.35,1555.1,4367709.0,0.0034999999999999996,6888080900.0
2021-09-01,1559.0,1622.01,1634.99,1531.1,7731610.000000001,0.0062,12370243400.0
2021-09-02,1632.99,1618.8,1643.0,1600.89,4283679.0,0.0034000000000000002,6939707300.0
2021-09-03,1610.02,1658.22,1659.79,1582.0,5283518.0,0.0042,8631165700.0
2021-09-06,1649.0,1670.67,1708.16,1626.15,5533806.0,0.0044,9306030700.0
2021-09-07,1661.03,1669.0,1684.48,1651.0,3121122.0,0.0025,5204051700.0
2021-09-08,1660.0,1633.1,1671.18,1628.08,3306367.0,0.0026,5428265600.000001
2021-09-09,1626.0,1634.08,1645.0,1624.01,1995013.0,0.0016,3257785800.0
2021-09-10,1634.08,1662.58,1668.8,1633.0,3338811.0,0.0027,5528034100.0
2021-09-13,1665.0,1654.0,1684.0,1640.1,2772002.0,0.0022,4605031700.0
2021-09-14,1659.0,1657.0,1683.0,1653.0,3376061.0,0.0027,5638962700.0
2021-09-15,1650.0,1615.74,1660.0,1610.0,4157005.0000000005,0.0033,6781755400.0
2021-09-16,1603.0,1638.07,1644.0,1585.0,4596802.0,0.0037,7458455100.0
2021-09-17,1620.0,1686.0,1705.6,1620.0,5513025.0,0.0044,9242101600.0
2021-09-22,1658.83,1637.69,1688.0,1635.0,3174300.0,0.0025,5227723000.0
2021-09-23,1638.0,1635.0,1655.88,1625.08,3034181.0,0.0024,4964210100.0
2021-09-24,1628.0,1694.0,1719.98,1628.0,6953660.000000001,0.0055000000000000005,11756596100.000002
2021-09-27,1750.0,1855.0,1863.4,1750.0,12686892.0,0.0101,23270689700.000004
2021-09-28,1848.0,1822.06,1860.0,1795.0,4922105.0,0.0039000000000000003,8973408800.0
2021-09-29,1809.0,1820.0,1845.01,1785.9,4329065.0,0.0034000000000000002,7870151800.000001
2021-09-30,1818.18,1830.0,1850.22,1803.4,4053929.0,0.0032,7411735800.0
2021-10-08,1822.42,1839.6,1878.0,1807.23,4745196.0,0.0038,8780381100.0
2021-10-11,1839.51,1867.12,1889.9,1831.01,3767557.0,0.003,7040475300.0
2021-10-12,1866.0,1870.99,1877.0,1842.42,3060642.0,0.0024,5688160800.0
2021-10-13,1870.0,1929.9,1949.95,1862.0,5014261.0,0.004,9625769100.0
2021-10-14,1928.93,1911.0,1941.8,1896.0,2662255.0,0.0021,5097602200.0
2021-10-15,1890.1,1916.97,1929.99,1890.1,2856078.0,0.0023,5452953900.0
2021-10-18,1888.0,1800.0,1888.0,1787.0,6965202.0,0.0055000000000000005,12651498600.000002
2021-10-19,1800.0,1812.18,1838.8,1799.88,4031456.0,0.0032,7330114100.0
2021-10-20,1833.0,1841.0,1849.8,1806.01,2866339.0,0.0023,5246404600.0
2021-10-21,1841.1,1844.0,1860.0,1829.0,2301870.0,0.0018,4238584300.0
2021-10-22,1855.0,1901.0,1921.01,1854.0,3596260.0,0.0029,6794850100.0
2021-10-25,1880.0,1873.03,1885.01,1858.0,3246133.0,0.0026,6076219900.0
2021-10-26,1864.03,1861.05,1878.99,1844.0,2113026.0,0.0017000000000000001,3934223700.0
2021-10-27,1852.3,1819.0,1858.3,1800.1,3464729.0,0.0028000000000000004,6302270900.0
2021-10-28,1825.2,1825.49,1843.78,1802.0,2949093.0,0.0023,5383196100.0
2021-10-29,1825.0,1826.08,1848.0,1813.0,2877586.0,0.0023,5266899000.0
2021-11-01,1780.0,1803.0,1826.3,1760.0,4168998.0000000005,0.0033,7486936400.0
2021-11-02,1796.7,1804.64,1844.22,1788.0,3250024.0,0.0026,5875341400.0
2021-11-03,1800.0,1765.0,1809.98,1761.19,2782931.0,0.0022,4958314500.0
2021-11-04,1777.94,1804.2,1816.0,1769.42,3113043.0,0.0025,5592211700.0
2021-11-05,1804.21,1819.94,1844.99,1804.21,2707723.0,0.0022,4956331400.0
2021-11-08,1820.0,1820.1,1830.8,1802.05,1770572.0,0.0014000000000000002,3220439300.0
2021-11-09,1819.98,1790.01,1827.87,1782.0,2735192.0,0.0022,4915170000.0
2021-11-10,1790.01,1753.99,1795.0,1735.0,3534876.9999999995,0.0028000000000000004,6204803300.0
2021-11-11,1752.93,1769.6,1769.6,1741.5,2265187.0,0.0018,3987243300.0
2021-11-12,1778.0,1773.78,1785.05,1766.66,1760663.0,0.0014000000000000002,3124401000.0
2021-11-15,1773.68,1761.14,1784.0,1750.0,2494735.0,0.002,4410975400.0
2021-11-16,1768.0,1808.0,1818.0,1765.0,3352624.0,0.0027,6033536300.0
2021-11-17,1805.0,1795.0,1820.5,1790.01,2450546.0,0.002,4411450900.0
2021-11-18,1781.22,1792.0,1807.0,1770.0,1952089.0,0.0016,3485675000.0
2021-11-19,1794.19,1828.41,1849.0,1788.2,3115559.0,0.0025,5699883800.0
2021-11-22,1849.0,1854.27,1909.0,1848.0,4257268.0,0.0034000000000000002,7994018400.0
2021-11-23,1852.0,1896.43,1917.0,1852.0,4578220.0,0.0036,8676297600.0
2021-11-24,1900.0,1941.0,1966.0,1897.0,5451235.0,0.0043,10555736800.0
2021-11-25,1953.0,1956.03,1986.2,1946.25,3975287.9999999995,0.0032,7803035300.0
2021-11-26,1964.83,1941.01,1967.0,1925.0,3265557.0,0.0026,6337346200.0
2021-11-29,1960.0,1985.0,1990.0,1951.08,4239934.0,0.0034000000000000002,8372476100.0
2021-11-30,1985.4,1930.77,1989.9,1927.5,3692487.0000000005,0.0029,7192172500.0
2021-12-01,1950.0,1932.99,1959.95,1919.02,2625440.0,0.0021,5071457100.0
2021-12-02,1940.0,1934.0,1942.15,1919.6,2042182.0,0.0016,3939731500.0
2021-12-03,1932.0,1971.88,1988.62,1931.05,3581839.0,0.0029,7045848199.999999
2021-12-06,1983.0,1967.3,1990.0,1950.0,3106388.0,0.0025,6122543800.0
2021-12-07,1980.74,1955.87,1987.87,1946.73,3697989.0,0.0029,7286659600.0
2021-12-08,1964.88,2043.0,2045.0,1950.0,6104807.0,0.0049,12285102000.0
2021-12-09,2054.94,2086.55,2116.92,2045.0,6423918.0,0.0051,13404724500.0
2021-12-10,2060.0,2090.0,2095.78,2056.0,4314822.0,0.0034000000000000002,8944582300.0
2021-12-13,2154.0,2118.2,2180.0,2118.0,6580656.0,0.0052,14139012300.0
2021-12-14,2118.2,2150.0,2167.9,2100.0,4044941.0000000005,0.0032,8673733700.0
2021-12-15,2142.15,2135.0,2164.95,2125.02,3007827.0,0.0024,6444715100.0
2021-12-16,2115.0,2118.99,2144.05,2086.23,3721136.0,0.003,7865499300.000001
2021-12-17,2100.5,2050.7,2108.0,2036.0,4840318.0,0.0039000000000000003,9988869800.0
2021-12-20,2050.7,2058.96,2085.66,2041.0,3225769.0,0.0026,6654596500.0
2021-12-21,2045.0,2038.2,2069.13,2012.83,2628589.0,0.0021,5354186600.0
2021-12-22,2040.0,2048.0,2063.0,2040.0,1743079.0,0.0014000000000000002,3570928400.0000005
2021-12-23,2053.0,2120.0,2120.0,2025.0,3909854.0,0.0031,8126298000.0
2021-12-24,2148.88,2194.09,2216.96,2148.88,5612959.0,0.0045000000000000005,12295953400.0
2021-12-27,2168.0,2131.82,2168.0,2112.0,3755590.0,0.003,8020677700.0
2021-12-28,2133.0,2138.18,2155.5,2116.6,2765070.0,0.0022,5901940600.000001
2021-12-29,2150.0,2041.0,2154.25,2041.0,5404902.0,0.0043,11195625200.0
2021-12-30,2041.0,2075.0,2088.98,2028.0,3526136.0,0.0028000000000000004,7272866700.0
2021-12-31,2070.0,2050.0,2072.98,2028.0,2966491.0,0.0024,6061415300.0
2022-01-04,2055.0,2051.23,2068.95,2014.0,3384262.0000000005,0.0027,6913653100.000001
2022-01-05,2045.0,2024.0,2065.0,2018.0,2839551.0,0.0023,5774992100.0
2022-01-06,2022.01,1982.22,2036.0,1938.51,5179475.0,0.0040999999999999995,10226933800.0
2022-01-07,1975.0,1942.0,1988.88,1939.32,2981669.0,0.0024,5831695300.0
2022-01-10,1928.01,1966.0,1977.0,1917.55,2962670.0,0.0024,5792738100.000001
2022-01-11,1948.0,1940.55,1965.0,1931.17,2227664.0,0.0018,4332180600.0
2022-01-12,1948.0,1967.0,1978.8,1948.0,2747410.0,0.0022,5384359600.0
2022-01-13,1964.82,1877.39,1967.99,1865.56,5674735.0,0.0045000000000000005,10781720500.0
2022-01-14,1877.39,1867.0,1893.0,1863.0,2932164.0,0.0023,5506186000.0
2022-01-17,1868.0,1861.61,1878.3,1835.34,2735382.0,0.0022,5074077700.0
2022-01-18,1861.68,1892.27,1908.85,1852.0,3121577.0,0.0025,5906705900.0
2022-01-19,1919.0,1912.0,1919.0,1888.88,2637094.0,0.0021,5026993500.0
2022-01-20,1916.0,1969.52,1979.99,1916.0,3401391.0000000005,0.0027,6665295000.0
2022-01-21,1960.0,1984.99,1993.49,1951.01,3081258.0,0.0025,6091427700.0
2022-01-24,1955.0,1950.2,1984.0,1931.44,2398580.0,0.0019,4685441800.0
2022-01-25,1943.0,1943.0,1966.0,1931.0,2551012.0,0.002,4971078500.0
2022-01-26,1942.04,1955.0,1969.0,1919.0,2390513.0,0.0019,4655706500.0
2022-01-27,2001.01,1965.0,2010.82,1952.0,4266516.0,0.0034000000000000002,8450329100.0
2022-01-28,1955.0,1887.0,1968.0,1880.01,4102011.0,0.0033,7889492900.0
2022-02-07,1900.99,1867.96,1913.56,1850.0,3515042.0,0.0028000000000000004,6601799700.0
2022-02-08,1868.88,1839.0,1872.87,1790.0,4171306.0,0.0033,7585130500.0
2022-02-09,1839.09,1895.98,1908.0,1826.97,3388479.0,0.0027,6346699800.0
2022-02-10,1900.0,1873.0,1905.9,1857.39,2303183.0,0.0018,4315456900.0
2022-02-11,1857.0,1849.97,1900.79,1841.0,3374649.0,0.0027,6296909600.0
2022-02-14,1840.0,1868.67,1877.0,1837.31,2019587.0,0.0016,3762313300.0
2022-02-15,1868.8,1890.62,1911.0,1859.0,2710586.0,0.0022,5131842100.0
2022-02-16,1900.0,1892.55,1907.0,1888.0,1458685.0,0.0012,2769034300.0
2022-02-17,1900.61,1886.99,1911.48,1881.0,1821366.0,0.0015,3450265000.0
2022-02-18,1877.63,1907.0,1907.98,1865.66,1938549.0000000002,0.0015,3670339699.9999995
2022-02-21,1900.0,1876.99,1906.9,1868.95,2081573.0,0.0017000000000000001,3920377400.0
2022-02-22,1860.01,1807.87,1861.0,1800.02,5229881.0,0.0042,9473992600.0
2022-02-23,1811.41,1827.01,1834.0,1800.08,2811161.0,0.0022,5118197800.0
2022-02-24,1808.0,1764.11,1813.99,1748.1,6535925.0,0.0052,11578557100.0
2022-02-25,1775.0,1799.06,1808.28,1775.0,3897912.9999999995,0.0031,6999524200.0
2022-02-28,1787.06,1790.4,1797.0,1767.0,2892303.0,0.0023,5158148400.0
2022-03-01,1802.0,1858.48,1863.57,1802.0,4737930.0,0.0038,8721229300.0
2022-03-02,1840.0,1844.88,1850.99,1825.0,2007448.0,0.0016,3690612300.0
2022-03-03,1845.8,1800.0,1850.25,1794.0,3154693.0,0.0025,5703580600.000001
2022-03-04,1772.0,1780.5,1792.89,1755.1,3104703.0,0.0025,5509157700.0
2022-03-07,1760.2,1707.0,1768.0,1703.8,4915581.0,0.0039000000000000003,8487507400.0
2022-03-08,1759.98,1753.2,1786.66,1732.0,5721546.0,0.0046,10087484400.0
2022-03-09,1764.1,1779.18,1805.0,1721.11,5643442.0,0.0045000000000000005,10018590100.0
2022-03-10,1808.0,1794.43,1821.0,1791.0,3646178.0,0.0029,6587438900.0
2022-03-11,1766.0,1769.01,1777.0,1718.08,4772677.0,0.0038,8335618300.0
2022-03-14,1730.0,1700.0,1750.0,1700.0,4900661.0,0.0039000000000000003,8416841899.999999
2022-03-15,1650.0,1603.0,1685.0,1603.0,8905587.0,0.0070999999999999995,14567142600.0
2022-03-16,1634.0,1674.95,1683.9,1593.0,7759281.0,0.0062,12753010200.0
2022-03-17,1720.0,1720.15,1755.0,1711.66,6835196.000000001,0.0054,11843531800.0
2022-03-18,1718.0,1707.79,1745.0,1692.28,3834868.0,0.0031,6564085400.0
2022-03-21,1724.0,1704.3,1725.65,1695.01,2787716.0,0.0022,4763083300.0
2022-03-22,1723.88,1695.0,1723.88,1686.33,2105404.0,0.0017000000000000001,3578291200.0
2022-03-23,1705.0,1752.19,1770.0,1697.0,5806739.0,0.0046,10096341400.0
2022-03-24,1738.0,1720.93,1740.0,1717.35,2581532.0,0.0021,4457504400.0
2022-03-25,1712.0,1690.0,1734.0,1685.0,2970866.0,0.0024,5054831400.0
2022-03-28,1625.0,1660.8,1664.8,1604.0,5754164.0,0.0046,9392008000.0
2022-03-29,1661.5,1667.0,1691.5,1661.5,2593498.0,0.0021,4343365500.0
2022-03-30,1698.0,1730.1,1730.1,1695.0,4243343.0,0.0034000000000000002,7276379100.0
2022-03-31,1720.0,1719.0,1738.6,1708.8,2517386.0,0.002,4338022900.0
2022-04-01,1729.94,1780.01,1793.0,1721.69,4486200.0,0.0036,7936957300.0
2022-04-06,1753.0,1765.0,1788.73,1753.0,2782000.0,0.0022,4910792400.0
2022-04-07,1758.0,1765.0,1785.0,1750.1,2019600.0,0.0016,3568182300.0
2022-04-08,1768.0,1784.0,1788.7,1766.54,2294100.0,0.0018,4081618500.0
2022-04-11,1770.0,1720.0,1770.0,1706.03,4386400.0,0.0034999999999999996,7568782600.0
2022-04-12,1729.0,1782.0,1787.97,1708.0,4163000.0,0.0033,7284546300.0
2022-04-13,1767.0,1769.0,1795.0,1751.08,3114800.0,0.0025,5534915800.0
2022-04-14,1788.0,1809.0,1835.9,1780.2,3765000.0,0.003,6834657200.0
2022-04-15,1802.2,1805.99,1818.0,1795.89,2104100.0,0.0017000000000000001,3800797600.0
2022-04-18,1781.13,1790.82,1798.0,1768.0,1979300.0,0.0016,3525103000.0
2022-04-19,1800.0,1790.3,1832.99,1775.5,2420500.0,0.0019,4359852000.0
2022-04-20,1801.69,1797.0,1820.0,1768.68,2415600.0,0.0019,4342043300.0
2022-04-21,1790.2,1779.98,1806.0,1770.0,2895300.0,0.0023,5160788000.0
2022-04-22,1763.0,1773.0,1787.88,1760.18,2790000.0,0.0022,4955360800.0
2022-04-25,1750.0,1708.0,1776.5,1702.0,5365800.0,0.0043,9352986900.0
2022-04-26,1703.33,1732.48,1748.98,1700.0,4456400.0,0.0034999999999999996,7692845200.0
2022-04-27,1767.12,1794.92,1810.0,1767.12,5740200.0,0.0046,10289893000.0
2022-04-28,1793.0,1835.0,1845.0,1786.5,4401000.0,0.0034999999999999996,8038682000.0
2022-04-29,1836.0,1828.38,1849.0,1810.98,3488500.0,0.0028000000000000004,6384066500.0
2022-05-05,1830.0,1837.0,1870.0,1828.98,3366100.0,0.0027,6235017600.0
2022-05-06,1814.99,1793.0,1819.0,1781.0,2859600.0,0.0023,5138176700.0
2022-05-09,1780.0,1752.0,1780.0,1738.0,3035200.0,0.0024,5324616300.0
2022-05-10,1720.0,1766.19,1784.96,1705.01,4011900.0,0.0032,7018451100.0
2022-05-11,1755.0,1768.0,1788.48,1752.0,3031300.0,0.0024,5372950000.0
2022-05-12,1753.0,1762.67,1778.0,1750.0,2203800.0,0.0018,3888480100.0
2022-05-13,1780.0,1778.24,1797.94,1766.0,2073100.0,0.0017000000000000001,3690141200.0
2022-05-16,1797.0,1758.0,1797.0,1742.67,2776500.0,0.0022,4881208700.0
2022-05-17,1769.88,1768.0,1775.0,1755.0,2014500.0,0.0016,3557048800.0
2022-05-18,1773.66,1761.0,1773.92,1743.02,2485000.0,0.002,4362486900.0
2022-05-19,1745.0,1756.0,1757.0,1739.0,1977600.0,0.0016,3459059200.0
2022-05-20,1759.99,1800.01,1801.15,1752.0,4195000.0,0.0033,7493460300.0
2022-05-23,1800.0,1781.0,1803.89,1772.0,2215700.0,0.0018,3950856599.9999995
2022-05-24,1786.0,1760.0,1787.0,1755.5,2734200.0,0.0022,4824599900.0
2022-05-25,1765.27,1755.51,1772.0,1747.0,2238900.0,0.0018,3929477100.0
2022-05-26,1761.0,1742.8,1761.0,1730.0,2805300.0,0.0022,4888109200.0
2022-05-27,1759.99,1755.16,1780.0,1753.01,2512000.0,0.002,4436904900.0
2022-05-30,1766.0,1778.41,1790.55,1766.0,3446600.0,0.0027,6135631300.0
2022-05-31,1774.77,1804.03,1814.9,1766.98,4075100.0,0.0032,7329201100.0
2022-06-01,1802.0,1788.25,1814.78,1779.0,2176000.0,0.0017000000000000001,3897859000.0
2022-06-02,1787.97,1786.0,1795.8,1780.0,1691500.0,0.0013,3019718000.0
2022-06-06,1790.0,1788.0,1795.0,1758.0,3674100.0,0.0029,6535329399.999999
2022-06-07,1784.14,1817.9,1825.0,1770.31,3504900.0,0.0028000000000000004,6356031000.0
2022-06-08,1825.0,1865.6,1882.0,1825.0,4435400.0,0.0034999999999999996,8236953800.0
2022-06-09,1872.0,1853.0,1888.35,1849.0,2632900.0,0.0021,4897066600.0
2022-06-10,1845.01,1900.6,1907.0,1835.0,4734500.0,0.0038,8882462600.0
2022-06-13,1890.0,1856.0,1892.0,1848.08,3675500.0,0.0029,6847249000.0
2022-06-14,1834.0,1871.0,1875.42,1832.0,2941600.0,0.0023,5467949300.000001
2022-06-15,1870.0,1875.1,1905.0,1862.99,3366400.0,0.0027,6354869100.0
2022-06-16,1894.59,1877.0,1907.63,1875.33,2688700.0,0.0021,5087605400.0
2022-06-17,1878.09,1951.0,1952.0,1878.09,5054200.0,0.004,9749530900.0
2022-06-20,1950.0,1942.02,1970.0,1930.0,3497500.0,0.0028000000000000004,6802792500.0
2022-06-21,1949.0,1945.74,1966.99,1928.0,2371700.0,0.0019,4617805100.0
2022-06-22,1955.0,1936.0,1958.0,1932.0,1964700.0,0.0016,3813775300.0000005
2022-06-23,1942.7,1957.1,1965.04,1940.0,2684400.0,0.0021,5239860400.0
2022-06-24,1970.0,2009.01,2020.0,1965.0,3963500.0,0.0032,7921199800.0
2022-06-27,2019.94,2010.55,2049.94,2000.3,4011500.0,0.0032,8124448900.0
2022-06-28,2019.74,2036.0,2041.0,2001.0,2524600.0,0.002,5112298800.0
2022-06-29,2028.0,2030.0,2042.0,2011.01,3036000.0,0.0024,6142508400.0
2022-06-30,2000.0,2045.0,2077.0,1999.99,3898200.0,0.0031,7984019399.999999
2022-07-01,2055.0,2029.05,2067.77,2015.21,2159600.0,0.0017000000000000001,4385555300.0
2022-07-04,2020.01,2018.0,2024.29,2001.01,2507600.0,0.002,5042804300.0
2022-07-05,2025.28,2033.01,2054.45,2010.0,2632900.0,0.0021,5345189900.0
2022-07-06,2032.0,2002.0,2039.0,1986.0,3275200.0,0.0026,6566375000.0
2022-07-07,2005.0,1990.0,2009.35,1985.01,2093200.0,0.0017000000000000001,4179088200.0
2022-07-08,2005.0,1999.0,2014.89,1996.16,1564400.0,0.0012,3134903500.0
2022-07-11,1990.2,1963.6,1994.77,1950.5,2394900.0,0.0019,4709248300.0
2022-07-12,1965.0,1948.41,1972.8,1930.06,2344700.0,0.0019,4562731400.0
2022-07-13,1945.0,1958.89,1972.0,1940.67,1985400.0,0.0016,3893406000.0
2022-07-14,1960.0,1953.0,1976.8,1941.0,2052700.0,0.0016,4014985500.0
2022-07-15,1945.11,1949.5,1999.68,1944.51,3341600.0,0.0027,6588730699.999999
2022-07-18,1952.36,1951.66,1959.0,1922.0,2422100.0,0.0019,4701936900.0
2022-07-19,1945.0,1943.1,1951.65,1926.0,2195600.0,0.0017000000000000001,4250852900.0
2022-07-20,1958.75,1950.1,1970.0,1945.0,1870500.0,0.0015,3659971000.0
2022-07-21,1943.1,1939.0,1955.9,1934.51,1406100.0,0.0011,2735503100.0
2022-07-22,1949.22,1947.0,1962.0,1935.0,2511400.0,0.002,4894378600.0
2022-07-25,1949.51,1944.65,1952.3,1931.0,1691200.0,0.0013,3285451300.0
2022-07-26,1952.99,1950.21,1964.97,1947.02,2068500.0,0.0016,4041100100.0
2022-07-27,1942.0,1919.6,1948.0,1917.0,2149000.0,0.0017000000000000001,4149807199.9999995
2022-07-28,1921.1,1898.0,1938.0,1892.66,3487000.0,0.0028000000000000004,6669448400.0
2022-07-29,1895.1,1898.44,1918.99,1878.1,3703200.0,0.0029,7028415900.0
2022-08-01,1890.01,1890.3,1908.0,1881.18,2103700.0,0.0017000000000000001,3988198600.0
2022-08-02,1880.0,1879.98,1887.98,1858.01,2822100.0,0.0022,5284516600.0
2022-08-03,1889.99,1885.0,1904.0,1877.0,2459800.0,0.002,4642442200.0
2022-08-04,1890.0,1916.01,1923.1,1880.13,3035700.0,0.0024,5797110699.999999
2022-08-05,1927.8,1923.96,1935.0,1904.9,2008600.0,0.0016,3857406300.0
2022-08-08,1915.15,1911.53,1932.88,1907.51,1679900.0,0.0013,3220702900.0
2022-08-09,1911.53,1910.0,1918.99,1905.0,1387500.0,0.0011,2651800000.0
2022-08-10,1909.98,1876.0,1918.0,1864.58,2792700.0,0.0022,5259452700.0
2022-08-11,1886.0,1906.9,1907.0,1878.01,2606100.0,0.0021,4940834200.0
2022-08-12,1906.9,1928.0,1930.0,1900.0,2026000.0,0.0016,3882570600.0
2022-08-15,1920.46,1919.89,1939.5,1915.55,1932300.0,0.0015,3717178500.0
2022-08-16,1923.94,1917.84,1933.79,1916.0,1483600.0,0.0012,2854189600.0
2022-08-17,1930.0,1918.0,1930.0,1895.0,1836100.0,0.0015,3508295500.0
2022-08-18,1908.0,1895.5,1913.08,1881.07,2316800.0,0.0018,4384060200.0
2022-08-19,1898.0,1895.01,1908.35,1888.0,1354400.0,0.0011,2572000800.0
2022-08-22,1885.01,1893.98,1907.0,1881.38,1542700.0,0.0012,2925285500.0
2022-08-23,1898.6,1870.01,1898.6,1867.0,2375600.0,0.0019,4452539000.0
2022-08-24,1869.99,1854.2,1875.23,1851.0,1872800.0,0.0015,3486383000.0
2022-08-25,1859.0,1885.0,1888.0,1854.2,2192500.0,0.0017000000000000001,4107597900.0
2022-08-26,1900.0,1898.0,1912.0,1886.0,2314200.0,0.0018,4397161100.0
2022-08-29,1883.0,1878.82,1899.97,1874.0,1357000.0,0.0011,2555981200.0
2022-08-30,1882.35,1870.0,1885.0,1854.2,1823500.0,0.0015,3400091400.0
2022-08-31,1860.1,1924.0,1925.56,1860.01,4469200.0,0.0036,8518225300.0
2022-09-01,1912.15,1880.89,1916.0,1880.89,2684500.0,0.0021,5088659000.0
2022-09-02,1889.94,1875.0,1892.96,1866.17,1939100.0,0.0015,3635162800.0000005
2022-09-05,1862.64,1835.0,1869.0,1820.0,3682200.0,0.0029,6764549200.0
2022-09-06,1835.36,1845.0,1848.2,1825.0,2083000.0,0.0017000000000000001,3832086300.0
2022-09-07,1835.03,1818.01,1837.66,1811.01,2830600.0,0.0023,5151537300.0
2022-09-08,1820.0,1815.0,1832.0,1815.0,1659100.0,0.0013,3026766400.0
2022-09-09,1825.0,1844.79,1852.0,1816.0,2709000.0,0.0022,4991679500.0
2022-09-13,1880.0,1879.0,1888.38,1858.23,2869300.0,0.0023,5387987100.0
2022-09-14,1864.01,1869.0,1880.0,1863.0,1604200.0,0.0013,3002693200.0
2022-09-15,1870.0,1880.0,1893.12,1869.96,2081000.0,0.0017000000000000001,3917954300.0
2022-09-16,1871.8,1859.0,1885.6,1855.11,2412100.0,0.0019,4501527400.0
2022-09-19,1855.0,1871.64,1888.59,1852.88,1858400.0,0.0015,3479680800.0
2022-09-20,1869.98,1878.0,1884.6,1858.55,1411600.0,0.0011,2645281900.0
2022-09-21,1876.67,1848.0,1883.0,1848.0,2099500.0,0.0017000000000000001,3904096400.0
2022-09-22,1840.0,1820.81,1841.02,1816.85,2270400.0,0.0018,4147901000.0
2022-09-23,1820.81,1834.43,1855.0,1820.81,2828800.0,0.0023,5191904800.0
2022-09-26,1820.0,1863.0,1888.0,1819.98,3513500.0,0.0028000000000000004,6566771200.0
2022-09-27,1868.86,1888.0,1897.0,1851.11,2882000.0,0.0023,5422668100.000001
2022-09-28,1880.5,1883.0,1899.4,1874.01,2144600.0,0.0017000000000000001,4042506300.0
2022-09-29,1897.98,1880.35,1902.18,1871.13,2159000.0,0.0017000000000000001,4075515200.0
2022-09-30,1898.62,1872.5,1901.99,1866.0,2128900.0,0.0017000000000000001,4000918000.0
2022-10-10,1890.0,1786.0,1891.0,1780.2,4858400.0,0.0039000000000000003,8865386500.0
2022-10-11,1789.0,1779.99,1806.0,1760.0,3204700.0,0.0026,5712249500.0
2022-10-12,1773.66,1760.0,1779.0,1708.0,4819500.0,0.0038,8372252800.0
2022-10-13,1720.46,1699.99,1735.0,1697.0,6396900.0,0.0051,10919727500.0
2022-10-14,1710.0,1737.61,1755.0,1701.94,4652000.0,0.0037,8045032600.0
2022-10-17,1726.0,1718.5,1727.99,1697.8,3355000.0,0.0027,5740146600.0
2022-10-18,1725.0,1705.83,1730.0,1701.0,2808300.0,0.0022,4800689500.0
2022-10-19,1701.98,1648.0,1701.98,1648.0,6012100.0,0.0048,9997656300.0
2022-10-20,1621.0,1643.5,1668.43,1611.0,4277800.0,0.0034000000000000002,7020555500.0
2022-10-21,1640.0,1624.0,1647.8,1610.0,3890700.0,0.0031,6317945900.0
2022-10-24,1570.0,1501.28,1589.0,1488.01,13209800.0,0.0105,20217576200.0
2022-10-25,1479.42,1479.75,1515.0,1472.0,8136200.0,0.006500000000000001,12136909000.0
2022-10-26,1488.8,1464.08,1514.99,1460.0,8178100.0,0.006500000000000001,12120993899.999998
2022-10-27,1480.0,1401.0,1487.98,1383.85,10710600.0,0.0085,15258551299.999998
2022-10-28,1390.77,1360.0,1406.0,1358.71,9314300.0,0.0074,12823821800.0
2022-10-31,1350.0,1350.0,1382.01,1333.0,7184700.0,0.005699999999999999,9758303100.0
2022-11-01,1359.0,1462.01,1469.4,1359.0,11876600.0,0.0095,16859775300.0
2022-11-02,1460.0,1471.96,1506.0,1436.0,7977700.0,0.0064,11717204100.0
2022-11-03,1443.57,1439.5,1462.5,1428.1,4516000.0,0.0036,6509550800.0
2022-11-04,1437.96,1516.57,1527.77,1437.96,8000800.0,0.0064,11996968899.999998
2022-11-07,1494.05,1507.11,1518.48,1486.59,4269800.0,0.0034000000000000002,6414049100.0
2022-11-08,1508.0,1484.88,1517.99,1468.96,3932500.0,0.0031,5842321000.0
2022-11-09,1483.95,1459.9,1488.88,1450.0,3609000.0,0.0029,5276777500.0
2022-11-10,1444.0,1475.0,1485.0,1435.15,3772000.0,0.003,5518325800.0
2022-11-11,1528.0,1528.15,1544.45,1494.98,7394700.0,0.0059,11252112300.0
2022-11-14,1543.5,1533.0,1563.53,1528.0,5737000.0,0.0046,8858049600.0
2022-11-15,1532.0,1588.0,1598.97,1521.0,5631800.0,0.0045000000000000005,8858377900.0
2022-11-16,1581.0,1585.25,1598.0,1568.0,2684800.0,0.0021,4250886800.0
2022-11-17,1590.5,1567.0,1596.3,1552.88,3058000.0,0.0024,4793001200.0
2022-11-18,1576.0,1567.13,1584.0,1556.0,2360900.0,0.0019,3703793400.0000005
2022-11-21,1541.35,1519.98,1541.35,1498.53,3909600.0,0.0031,5917086100.0
2022-11-22,1517.44,1539.95,1559.74,1516.11,2990100.0,0.0024,4582790100.0
2022-11-23,1528.0,1549.0,1557.0,1521.04,2217700.0,0.0018,3428793100.0
2022-11-24,1559.0,1519.99,1568.88,1513.98,2768700.0,0.0022,4241974200.0
2022-11-25,1520.51,1522.01,1532.0,1510.0,1862100.0,0.0015,2833988400.0000005
2022-11-28,1484.78,1509.88,1515.0,1451.0,4772300.0,0.0038,7040991100.0
2022-11-29,1569.56,1599.0,1600.0,1551.0,7342000.0,0.0058,11587859200.0
2022-11-30,1587.12,1599.0,1604.0,1585.0,3149700.0,0.0025,5019450700.0
2022-12-01,1660.0,1630.8,1680.0,1630.79,5135800.0,0.0040999999999999995,8480772900.0
2022-12-02,1635.0,1633.88,1652.99,1621.2,2388400.0,0.0019,3910860600.0
2022-12-05,1668.0,1664.9,1679.0,1649.0,3612700.0,0.0029,6018521300.0
2022-12-06,1655.0,1688.0,1726.9,1652.0,4414700.0,0.0034999999999999996,7477917200.0
2022-12-07,1677.81,1684.0,1720.0,1670.03,3552600.0,0.0028000000000000004,6012253000.0
2022-12-08,1682.0,1687.02,1695.0,1665.0,1973000.0,0.0016,3323420900.0000005
2022-12-09,1692.0,1730.0,1730.0,1682.0,3921500.0,0.0031,6716944500.0
2022-12-12,1715.86,1739.02,1766.0,1715.0,3475500.0,0.0028000000000000004,6063957600.0
2022-12-13,1737.0,1750.0,1760.69,1730.0,2138500.0,0.0017000000000000001,3735089200.0
2022-12-14,1743.0,1770.87,1780.8,1743.0,2909800.0,0.0023,5141262400.0
2022-12-15,1805.0,1786.99,1816.0,1780.0,3063400.0,0.0024,5497063400.0
2022-12-16,1773.25,1786.87,1791.0,1743.0,3330300.0,0.0027,5901587100.0
2022-12-19,1798.8,1773.0,1798.8,1760.17,2498700.0,0.002,4447236400.0
2022-12-20,1765.33,1715.0,1765.33,1682.45,4619800.0,0.0037,7944120699.999999
2022-12-21,1724.0,1739.0,1739.0,1717.65,2281600.0,0.0018,3948926200.0
2022-12-22,1756.7,1768.0,1783.0,1745.0,2317500.0,0.0018,4093861599.9999995
2022-12-23,1752.4,1771.0,1782.0,1745.0,1731900.0,0.0014000000000000002,3063608400.0000005
2022-12-26,1771.0,1742.06,1771.0,1735.02,2138400.0,0.0017000000000000001,3749121000.0
2022-12-27,1738.0,1733.0,1747.15,1725.5,1790500.0,0.0014000000000000002,3109270200.0
2022-12-28,1745.88,1733.0,1747.0,1708.01,2143800.0,0.0017000000000000001,3699949000.0
2022-12-29,1717.0,1719.0,1726.99,1701.05,2241800.0,0.0018,3844499699.9999995
2022-12-30,1736.0,1727.0,1752.99,1727.0,2533300.0,0.002,4409544300.0
2023-01-03,1731.2,1730.01,1738.43,1706.01,2603400.0,0.0021,4487760200.0
2023-01-04,1730.0,1725.01,1738.7,1716.0,2041600.0,0.0016,3523582300.0
2023-01-05,1737.0,1801.0,1801.0,1733.0,4794300.0,0.0038,8541587100.0
2023-01-06,1806.12,1803.77,1811.9,1787.0,2490400.0,0.002,4480838900.0
2023-01-09,1835.0,1841.2,1849.98,1807.82,3097700.0,0.0025,5684181100.0
2023-01-10,1839.06,1854.45,1864.5,1830.5,2273200.0,0.0018,4204783700.0
2023-01-11,1856.0,1844.95,1860.0,1836.84,2272000.0,0.0018,4201487800.0000005
2023-01-12,1848.0,1834.0,1856.0,1833.0,1719300.0,0.0014000000000000002,3162637100.0
2023-01-13,1844.18,1887.0,1888.0,1840.0,3194000.0,0.0025,5969876200.0
2023-01-16,1886.0,1912.9,1935.0,1881.0,3684800.0,0.0029,7059982600.0
2023-01-17,1913.16,1908.0,1923.0,1895.0,2129900.0,0.0017000000000000001,4068321400.0
2023-01-18,1914.0,1893.0,1925.3,1890.0,2106300.0,0.0017000000000000001,4008665400.0
2023-01-19,1892.5,1880.21,1892.52,1866.0,2343900.0,0.0019,4401994400.0
2023-01-20,1889.19,1860.01,1898.25,1858.0,2560900.0,0.002,4807356100.0
2023-01-30,1909.0,1888.0,1909.0,1880.0,3592300.0,0.0029,6799756600.0
2023-01-31,1896.5,1845.76,1899.95,1833.07,3299100.0,0.0026,6128311500.0
2023-02-01,1854.98,1844.97,1859.0,1811.4,3397400.0,0.0027,6244678900.0
2023-02-02,1848.38,1836.11,1859.0,1826.0,2975900.0,0.0024,5465509500.0
2023-02-03,1820.0,1818.0,1826.0,1795.68,3494500.0,0.0028000000000000004,6324635000.0
2023-02-06,1780.0,1795.0,1795.0,1760.0,4266100.0,0.0034000000000000002,7595739000.0
2023-02-07,1808.08,1797.0,1808.8,1787.73,2432200.0,0.0019,4373671700.0
2023-02-08,1800.01,1784.0,1805.97,1775.0,1667600.0,0.0013,2980574800.0
2023-02-09,1778.0,1818.0,1829.75,1775.01,2975400.0,0.0024,5401399100.0
2023-02-10,1810.1,1810.0,1818.49,1801.05,1798500.0,0.0014000000000000002,3253859300.0
2023-02-13,1810.0,1856.35,1874.5,1810.0,3814700.0,0.003,7058382500.0
2023-02-14,1856.46,1843.79,1857.4,1835.0,1956600.0,0.0016,3601769600.0
2023-02-15,1843.78,1841.0,1855.3,1835.81,1817700.0,0.0014000000000000002,3351422199.9999995
2023-02-16,1841.34,1861.82,1887.0,1828.0,3324600.0,0.0026,6196915100.0
2023-02-17,1850.16,1820.78,1873.0,1820.05,2644300.0,0.0021,4880329000.0
2023-02-20,1821.0,1875.0,1878.8,1817.2,2966900.0,0.0024,5488800100.0
2023-02-21,1874.0,1867.0,1874.0,1851.0,1875100.0,0.0015,3491633500.0
2023-02-22,1855.01,1836.0,1863.9,1831.8,2186900.0,0.0017000000000000001,4031016000.0
2023-02-23,1840.0,1818.0,1848.8,1805.25,2188100.0,0.0017000000000000001,3983991200.0
2023-02-24,1810.11,1788.0,1810.19,1782.18,2463500.0,0.002,4415621500.0
2023-02-27,1778.5,1810.41,1815.0,1775.02,2206500.0,0.0018,3978128700.0
2023-02-28,1819.0,1813.74,1822.01,1783.3,2395200.0,0.0019,4314877100.0
2023-03-01,1813.0,1838.53,1848.0,1803.23,2445800.0,0.0019,4475592200.0
2023-03-02,1829.0,1828.0,1838.99,1821.1,1314400.0,0.001,2405292300.0
2023-03-03,1839.77,1818.04,1841.61,1802.48,1619800.0,0.0013,2946842700.0
2023-03-06,1818.18,1807.14,1818.5,1796.77,2064600.0,0.0016,3730079500.0
2023-03-07,1805.98,1788.3,1816.6,1788.0,2278500.0,0.0018,4101302500.0
2023-03-08,1780.02,1770.42,1785.94,1761.12,2276400.0,0.0018,4035787199.9999995
2023-03-09,1768.0,1770.02,1785.0,1740.0,2761200.0,0.0022,4881442700.0
2023-03-10,1751.57,1750.0,1781.0,1750.0,2116100.0,0.0017000000000000001,3725139099.9999995
2023-03-13,1751.0,1762.0,1775.0,1749.0,2056000.0,0.0016,3626476300.0
2023-03-14,1763.78,1766.0,1779.88,1738.5,2370500.0,0.0019,4177289000.0
2023-03-15,1778.37,1750.92,1784.88,1750.12,1921300.0,0.0015,3392698500.0
2023-03-16,1740.0,1751.99,1770.0,1739.01,1764600.0,0.0014000000000000002,3096791100.0
2023-03-17,1770.0,1742.0,1775.89,1736.0,2702300.0,0.0022,4744249400.0
2023-03-20,1751.0,1729.6,1755.0,1728.0,2049100.0,0.0016,3557872000.0
2023-03-21,1735.0,1775.0,1785.85,1723.97,3114200.0,0.0025,5491052300.0
2023-03-22,1780.0,1773.35,1793.0,1765.55,1533000.0,0.0012,2727648700.0
2023-03-23,1766.0,1774.86,1791.11,1765.01,1735600.0,0.0014000000000000002,3082821599.9999995
2023-03-24,1769.08,1778.62,1783.6,1766.0,1277000.0,0.001,2269649200.0
2023-03-27,1778.6,1767.79,1778.6,1756.0,1529600.0,0.0012,2700755900.0000005
2023-03-28,1770.0,1781.8,1790.0,1765.02,1726100.0,0.0014000000000000002,3073113100.0
2023-03-29,1799.0,1790.0,1800.0,1785.07,1539300.0,0.0012,2761909300.0
2023-03-30,1793.0,1800.0,1805.0,1779.0,1925700.0,0.0015,3453573100.0
2023-03-31,1825.0,1820.0,1848.0,1819.0,2744600.0,0.0022,5024790400.0
2023-04-03,1825.0,1802.07,1827.77,1800.08,2141700.0,0.0017000000000000001,3875811700.0
2023-04-04,1812.0,1814.59,1815.17,1787.0,2006600.0,0.0016,3614275300.0000005
2023-04-06,1805.0,1796.96,1815.9,1788.22,1487400.0,0.0012,2676252000.0
2023-04-07,1795.0,1790.99,1806.01,1788.34,1352500.0,0.0011,2428160600.0
2023-04-10,1790.88,1771.7,1790.88,1744.0,2941800.0,0.0023,5171150600.0
2023-04-11,1793.0,1745.5,1793.0,1744.0,2920900.0,0.0023,5138854600.0
2023-04-12,1747.26,1694.1,1750.0,1692.82,5110500.0,0.0040999999999999995,8732657400.0
2023-04-13,1690.0,1723.0,1723.59,1684.01,2954300.0,0.0024,5049310100.0
2023-04-14,1726.0,1713.42,1733.0,1704.8,2123200.0,0.0017000000000000001,3646526800.0
2023-04-17,1740.0,1753.0,1753.0,1728.0,3046700.0,0.0024,5303401400.0
2023-04-18,1753.0,1758.0,1769.0,1746.02,1831400.0,0.0015,3220107600.0
2023-04-19,1762.0,1759.0,1765.5,1750.0,1460100.0,0.0012,2568632800.0
2023-04-20,1760.11,1741.88,1765.0,1729.0,1988500.0,0.0016,3468366800.0
2023-04-21,1746.0,1725.47,1748.08,1721.28,1851800.0,0.0015,3210937199.9999995
2023-04-24,1721.0,1705.0,1722.0,1701.0,2023100.0,0.0016,3456728700.0
2023-04-25,1706.0,1730.38,1735.98,1702.0,2058300.0,0.0016,3534989900.0
2023-04-26,1744.0,1743.91,1761.0,1720.0,2789200.0,0.0022,4861477700.0
2023-04-27,1748.0,1757.92,1770.0,1730.0,2560500.0,0.002,4489906900.0
2023-04-28,1763.01,1760.52,1782.77,1753.97,2622500.0,0.0021,4636084200.0
2023-05-04,1769.0,1749.9,1777.67,1736.0,2746600.0,0.0022,4818999700.0
2023-05-05,1766.0,1750.0,1766.0,1736.39,2071400.0,0.0016,3621306000.0
2023-05-08,1768.32,1720.52,1769.0,1717.17,3317100.0,0.0026,5742916000.0
2023-05-09,1715.0,1722.0,1739.98,1707.07,2937800.0,0.0023,5057346600.0
2023-05-10,1715.19,1725.0,1736.0,1715.0,2077300.0,0.0017000000000000001,3588550900.0000005
2023-05-11,1731.0,1717.07,1735.0,1715.0,1524600.0,0.0012,2623835900.0000005
2023-05-12,1715.0,1706.4,1729.88,1705.01,1946000.0,0.0015,3335038600.0
2023-05-15,1702.0,1716.3,1717.0,1691.2,2574000.0,0.002,4384648000.0
2023-05-16,1713.99,1703.29,1719.99,1697.0,2222400.0,0.0018,3785811900.0
2023-05-17,1708.0,1701.0,1713.0,1699.01,1677700.0,0.0013,2858697900.0
2023-05-18,1704.99,1691.0,1705.4,1690.0,1921900.0,0.0015,3260170700.0
2023-05-19,1671.0,1699.5,1704.33,1655.55,2674100.0,0.0021,4504022500.0
2023-05-22,1690.01,1746.0,1752.0,1690.0,4128400.0,0.0033,7165754100.0
2023-05-23,1753.99,1724.55,1754.0,1724.55,1689400.0,0.0013,2934118400.0000005
2023-05-24,1732.33,1710.9,1733.55,1710.11,1847900.0,0.0015,3182416500.0
2023-05-25,1705.99,1701.0,1710.0,1690.0,2246600.0,0.0018,3814504099.9999995
2023-05-26,1702.0,1690.56,1705.0,1675.01,1829100.0,0.0015,3090691500.0
2023-05-29,1697.0,1689.0,1698.35,1678.0,1777100.0,0.0014000000000000002,2998147199.9999995
2023-05-30,1689.0,1668.29,1698.89,1658.56,2645300.0,0.0021,4424706700.0
2023-05-31,1661.01,1628.9,1665.72,1626.67,3695700.0,0.0029,6053737300.0
2023-06-01,1618.0,1635.92,1674.99,1618.0,2864500.0,0.0023,4708722900.0
2023-06-02,1645.0,1670.6,1673.15,1636.11,2505800.0,0.002,4163116200.0
2023-06-05,1666.16,1665.0,1682.88,1663.0,1620100.0,0.0013,2704294300.0
2023-06-06,1670.0,1666.99,1684.0,1651.55,1991400.0,0.0016,3326778200.0
2023-06-07,1672.99,1650.9,1678.8,1650.0,1789000.0,0.0014000000000000002,2971782100.0
2023-06-08,1655.83,1668.0,1675.0,1650.01,1470300.0,0.0012,2441569700.0
2023-06-09,1671.99,1666.0,1677.97,1666.0,1758000.0,0.0014000000000000002,2938014300.0
2023-06-12,1666.02,1696.0,1708.0,1661.52,2702900.0,0.0022,4562308600.0
2023-06-13,1693.88,1699.0,1704.61,1685.0,1466300.0,0.0012,2485398900.0
2023-06-14,1719.0,1726.88,1734.24,1706.21,3150600.0,0.0025,5438040400.0
2023-06-15,1730.34,1755.0,1755.65,1723.0,2522300.0,0.002,4395900800.0
2023-06-16,1757.0,1797.69,1800.0,1750.1,3791800.0,0.003,6742301400.0
2023-06-19,1790.0,1744.0,1797.95,1738.0,3170000.0,0.0025,5584248700.0
2023-06-20,1740.0,1743.46,1765.0,1735.0,2094700.0,0.0017000000000000001,3659824500.0
2023-06-21,1740.0,1735.83,1756.6,1735.0,1772100.0,0.0014000000000000002,3088635900.0000005
2023-06-26,1720.11,1709.0,1730.0,1695.0,2399300.0,0.0019,4098619500.0
2023-06-27,1709.99,1711.05,1719.7,1700.09,1517400.0,0.0012,2598138700.0
2023-06-28,1713.18,1728.38,1734.0,1711.0,1857400.0,0.0015,3199294200.0
2023-06-29,1731.0,1713.71,1734.99,1713.01,1423100.0,0.0011,2446524100.0
2023-06-30,1700.0,1691.0,1708.99,1686.48,2045900.0,0.0016,3472586700.0
2023-07-03,1699.0,1724.1,1725.28,1692.0,1913900.0,0.0015,3286737800.0000005
2023-07-04,1724.2,1730.6,1734.44,1718.08,1247200.0,0.001,2155553600.0
2023-07-05,1730.0,1715.38,1731.97,1700.0,1474500.0,0.0012,2523960700.0
2023-07-06,1709.16,1702.98,1733.0,1700.0,1514100.0,0.0012,2589459000.0
2023-07-07,1701.0,1690.03,1708.99,1690.0,1516700.0,0.0012,2571458600.0
2023-07-10,1705.0,1700.9,1714.96,1700.0,1347700.0,0.0011,2298241700.0
2023-07-11,1710.0,1710.0,1715.17,1702.1,1258300.0,0.001,2151079300.0
2023-07-12,1713.04,1713.8,1723.0,1711.33,1328500.0,0.0011,2280785400.0
2023-07-13,1721.99,1738.4,1745.41,1719.01,2580700.0,0.0021,4479772500.0
2023-07-14,1756.0,1753.0,1758.5,1741.2,1855000.0,0.0015,3245530300.0000005
2023-07-17,1751.0,1729.97,1751.0,1726.6,1433600.0,0.0011,2482069800.0
2023-07-18,1733.58,1722.8,1734.51,1721.0,1473800.0,0.0012,2544005100.0
2023-07-19,1715.01,1723.0,1728.0,1713.8,1248300.0,0.001,2147704400.0
2023-07-20,1727.99,1724.0,1748.98,1722.0,1669300.0,0.0013,2897176500.0
2023-07-21,1731.88,1771.3,1772.5,1726.0,3937700.0,0.0031,6931535699.999999
2023-07-24,1750.52,1771.15,1771.15,1750.52,1971300.0,0.0016,3476648200.0
2023-07-25,1800.0,1828.55,1828.88,1799.99,4308600.0,0.0034000000000000002,7837450000.0
2023-07-26,1828.55,1828.55,1835.99,1815.08,1961100.0,0.0016,3580171500.0
2023-07-27,1836.0,1838.03,1854.79,1828.7,2034000.0,0.0016,3749635300.0000005
2023-07-28,1832.0,1897.0,1900.0,1828.01,3901800.0,0.0031,7330314100.0
2023-07-31,1908.0,1880.58,1935.0,1874.0,4537900.0,0.0036,8615279800.0
2023-08-01,1878.01,1889.0,1906.95,1877.89,1923100.0,0.0015,3635857300.0
2023-08-02,1883.4,1880.0,1890.0,1866.8,1850900.0,0.0015,3478674200.0
2023-08-03,1870.0,1878.47,1890.0,1850.5,2154300.0,0.0017000000000000001,4031087700.0
2023-08-04,1887.82,1893.47,1906.52,1882.0,2457400.0,0.002,4655813800.0
2023-08-07,1880.95,1887.93,1898.0,1871.03,2389200.0,0.0019,4491893100.0
2023-08-08,1880.03,1890.0,1893.71,1864.08,1773600.0,0.0014000000000000002,3333559500.0
2023-08-09,1890.0,1890.28,1905.0,1882.96,1852300.0,0.0015,3506306400.0
2023-08-10,1882.0,1875.0,1889.0,1862.3,1843600.0,0.0015,3454219099.9999995
2023-08-11,1885.0,1834.0,1885.4,1833.88,2678600.0,0.0021,4959166800.0
2023-08-14,1810.0,1803.0,1824.98,1796.0,2373100.0,0.0019,4285362100.0
2023-08-15,1809.0,1812.98,1818.0,1801.01,1481800.0,0.0012,2682125100.0
2023-08-16,1807.58,1820.0,1823.35,1806.0,1318400.0,0.001,2396261800.0
2023-08-17,1806.08,1828.05,1834.0,1801.55,1729000.0,0.0014000000000000002,3141408000.0
2023-08-18,1831.99,1802.59,1834.99,1802.59,1702300.0,0.0014000000000000002,3084761599.9999995
2023-08-21,1793.0,1791.0,1813.99,1790.07,1891200.0,0.0015,3405415600.0
2023-08-22,1800.99,1788.0,1802.56,1771.02,2665000.0,0.0021,4763131200.0
2023-08-23,1797.0,1774.0,1800.0,1770.08,1991200.0,0.0016,3556178600.0
2023-08-24,1779.62,1816.3,1828.0,1775.0,2605500.0,0.0021,4703417600.0
2023-08-25,1808.79,1824.98,1837.77,1806.01,1883100.0,0.0015,3433296800.0
2023-08-28,1898.58,1834.97,1898.58,1831.88,4105200.0,0.0033,7633221000.0
2023-08-29,1828.0,1851.33,1869.08,1828.0,2895000.0,0.0023,5371260200.0
2023-08-30,1867.9,1856.0,1868.0,1843.66,1981200.0,0.0016,3672570300.0000005
2023-08-31,1860.0,1847.0,1860.0,1841.01,1482000.0,0.0012,2738445500.0
2023-09-01,1852.83,1851.05,1865.47,1846.03,1314500.0,0.001,2438622700.0
2023-09-04,1862.6,1866.0,1879.94,1853.53,2387100.0,0.0019,4453823200.0
2023-09-05,1868.0,1858.7,1868.0,1856.8,1565900.0,0.0012,2915626000.0
2023-09-06,1858.0,1861.0,1866.66,1849.01,1112100.0,0.0009,2067606000.0
2023-09-07,1852.6,1838.0,1856.89,1831.19,1698200.0,0.0014000000000000002,3128587100.0
2023-09-08,1834.94,1818.5,1834.94,1814.95,1221200.0,0.001,2224338100.0
2023-09-11,1808.0,1822.17,1840.0,1808.0,1592600.0,0.0013,2902617700.0
2023-09-12,1826.6,1819.96,1826.98,1816.02,1216800.0,0.001,2214514100.0
2023-09-13,1829.92,1819.91,1829.92,1800.05,1950100.0,0.0016,3540583600.0
2023-09-14,1822.53,1818.69,1826.98,1806.0,1750500.0,0.0014000000000000002,3180447800.0000005
2023-09-15,1819.0,1781.99,1819.78,1781.3,2843100.0,0.0023,5105749100.0
2023-09-18,1776.31,1829.2,1829.5,1773.0,3255900.0,0.0026,5905121000.0
2023-09-19,1822.2,1826.94,1829.0,1808.0,1499000.0,0.0012,2727859000.0
2023-09-20,1822.0,1824.0,1830.0,1818.05,1250200.0,0.001,2281583900.0
2023-09-21,1818.01,1798.39,1822.0,1798.39,1948900.0,0.0016,3521486800.0
2023-09-22,1805.63,1849.0,1849.96,1792.41,3439000.0,0.0027,6287832600.0
2023-09-25,1847.5,1832.38,1848.0,1826.59,1397900.0,0.0011,2565773500.0
2023-09-26,1828.0,1816.0,1834.88,1813.1,1576200.0,0.0013,2870852400.0
2023-09-27,1815.0,1814.0,1833.5,1802.8,2088000.0,0.0017000000000000001,3791876100.0
2023-09-28,1824.98,1798.55,1824.98,1797.8,2053800.0,0.0016,3704813000.0
2023-10-09,1796.94,1777.0,1796.94,1764.9,2976300.0,0.0024,5279950400.0
2023-10-10,1782.89,1770.0,1798.98,1768.0,2028400.0,0.0016,3615557199.9999995
2023-10-11,1784.65,1778.5,1784.65,1768.0,2194500.0,0.0017000000000000001,3896568600.0
2023-10-12,1797.9,1786.0,1798.23,1777.2,1486500.0,0.0012,2657095900.0000005
2023-10-13,1770.88,1751.0,1778.01,1738.19,2502800.0,0.002,4387687900.0
2023-10-16,1750.98,1729.9,1756.0,1722.45,2079000.0,0.0017000000000000001,3603604600.0
2023-10-17,1739.0,1726.0,1739.44,1716.0,1494500.0,0.0012,2577312300.0
2023-10-18,1718.8,1728.0,1742.0,1717.18,2031800.0,0.0016,3511987500.0
2023-10-19,1700.0,1630.0,1700.03,1626.03,7349200.0,0.0059,12146921800.0
2023-10-20,1630.0,1645.0,1655.0,1616.25,4537600.0,0.0036,7421390800.0
2023-10-23,1629.97,1643.98,1660.0,1621.6,2523400.0,0.002,4138279600.0
2023-10-24,1648.0,1642.95,1653.36,1621.21,2986100.0,0.0024,4894807600.0
2023-10-25,1670.11,1677.5,1698.0,1667.02,3617900.0,0.0029,6075417100.0
2023-10-26,1667.0,1672.23,1688.0,1662.01,2238600.0,0.0018,3741418900.0
2023-10-27,1664.0,1676.71,1691.88,1660.6,3426200.0,0.0027,5754795500.0
2023-10-30,1669.0,1681.0,1688.88,1669.0,2408600.0,0.0019,4050573200.0
2023-10-31,1680.0,1684.58,1690.0,1667.85,1985900.0,0.0016,3335804699.9999995
2023-11-01,1850.0,1780.99,1850.0,1773.79,9314300.0,0.0074,16747292700.0
2023-11-02,1795.0,1779.5,1795.0,1776.06,2790800.0,0.0022,4982090800.0
2023-11-03,1780.0,1811.24,1814.89,1774.0,3017600.0,0.0024,5433116899.999999
2023-11-06,1820.0,1812.0,1823.79,1801.12,2552400.0,0.002,4624102400.0
2023-11-07,1805.0,1791.17,1810.0,1784.08,1958200.0,0.0016,3511590000.0
2023-11-08,1784.05,1798.34,1803.8,1782.87,1454600.0,0.0012,2610042000.0
2023-11-09,1790.11,1794.11,1799.0,1783.0,1280000.0,0.001,2291996800.0
2023-11-10,1780.55,1775.84,1788.0,1773.1,1646600.0,0.0013,2928380700.0
2023-11-13,1772.28,1764.0,1784.88,1756.98,1837000.0,0.0015,3244573600.0
2023-11-14,1764.0,1765.27,1774.99,1760.01,1281700.0,0.001,2263964000.0
2023-11-15,1779.0,1772.93,1782.89,1767.0,1843500.0,0.0015,3271230300.0000005
2023-11-16,1774.0,1760.05,1776.0,1760.05,1255800.0,0.001,2215937300.0
2023-11-17,1752.0,1753.42,1759.0,1737.9,2171400.0,0.0017000000000000001,3793781100.0
2023-11-20,1755.0,1762.5,1769.5,1736.66,1860800.0,0.0015,3265514000.0
2023-11-21,1783.42,1790.0,1798.0,1770.1,3009800.0,0.0024,5383107800.0
2023-11-22,1783.3,1781.51,1794.35,1780.54,1266500.0,0.001,2263460200.0
2023-11-23,1778.3,1786.0,1788.0,1771.0,1155000.0,0.0009,2055272200.0
2023-11-24,1789.0,1777.0,1789.0,1775.0,1308500.0,0.001,2329345700.0
2023-11-27,1773.3,1763.0,1773.3,1755.0,1626100.0,0.0013,2865075200.0
2023-11-28,1761.0,1769.04,1773.88,1758.0,1452000.0,0.0012,2562905700.0
2023-11-29,1768.0,1774.71,1776.0,1758.0,1714900.0,0.0014000000000000002,3034175600.0
2023-11-30,1776.72,1791.5,1794.76,1771.08,2135300.0,0.0017000000000000001,3817513500.0
2023-12-01,1789.31,1760.28,1789.7,1748.0,3305100.0,0.0026,5830850100.0
2023-12-04,1760.28,1750.71,1761.83,1745.28,1844000.0,0.0015,3233102100.0
2023-12-05,1748.78,1709.0,1748.88,1708.02,2990300.0,0.0024,5168983300.0
2023-12-06,1702.63,1703.0,1719.47,1701.13,2385100.0,0.0019,4078003000.0
2023-12-07,1704.0,1700.0,1709.08,1687.3,2504200.0,0.002,4249170900.0000005
2023-12-08,1700.0,1704.92,1708.84,1692.22,2628800.0,0.0021,4474160100.0
2023-12-11,1690.0,1698.0,1704.0,1657.0,3683100.0,0.0029,6172810200.0
2023-12-12,1687.6,1709.99,1709.99,1684.0,2101100.0,0.0017000000000000001,3564305900.0000005
2023-12-13,1705.22,1660.0,1705.72,1657.08,3878900.0,0.0031,6480807500.0
2023-12-14,1665.96,1635.9,1669.87,1635.02,4067200.0,0.0032,6703240100.0
2023-12-15,1648.23,1645.0,1677.77,1644.01,3709300.0,0.003,6140791700.0
2023-12-18,1640.0,1662.0,1663.33,1635.0,1989700.0,0.0016,3292194800.0
2023-12-19,1665.0,1675.0,1679.87,1645.09,2220700.0,0.0018,3706057600.0
2023-12-20,1658.0,1649.79,1660.0,1643.0,2309200.0,0.0018,3816133200.0
2023-12-21,1640.01,1670.0,1672.32,1640.01,2901200.0,0.0023,4827827900.0
2023-12-22,1669.7,1670.65,1679.1,1658.01,2166700.0,0.0017000000000000001,3613238300.0
2023-12-25,1671.0,1672.0,1678.6,1668.0,1247100.0,0.001,2086014400.0
2023-12-26,1672.5,1670.0,1674.9,1657.5,1477100.0,0.0012,2457177300.0
2023-12-27,1668.0,1667.06,1677.15,1661.0,1605600.0,0.0013,2679221400.0
2023-12-28,1670.99,1724.99,1727.99,1667.06,3833800.0,0.0031,6537401400.0
2023-12-29,1720.0,1726.0,1749.58,1720.0,2753900.0,0.0022,4768857500.0
2024-01-02,1715.0,1685.01,1718.19,1678.1,3215600.0,0.0026,5440082500.0
2024-01-03,1681.11,1694.0,1695.22,1676.33,2022900.0,0.0016,3411400700.0
2024-01-04,1693.0,1669.0,1693.0,1662.93,2155100.0,0.0017000000000000001,3603970100.0
2024-01-05,1661.33,1663.36,1678.66,1652.11,2024300.0,0.0016,3373155600.0
2024-01-08,1661.0,1643.99,1662.0,1640.01,2558600.0,0.002,4211918600.0
2024-01-09,1641.01,1641.0,1652.32,1635.07,2441200.0,0.0019,4009826500.0
2024-01-10,1641.1,1641.5,1659.46,1638.0,1735100.0,0.0014000000000000002,2856120700.0
2024-01-11,1640.1,1646.57,1657.94,1638.06,1644100.0,0.0013,2708764500.0
2024-01-12,1639.97,1643.06,1651.26,1639.4,1160300.0,0.0009,1908084600.0
2024-01-15,1635.0,1640.0,1654.97,1634.45,1785400.0,0.0014000000000000002,2931202300.0
2024-01-16,1638.5,1639.43,1647.0,1624.94,2590300.0,0.0021,4236043000.0
2024-01-17,1630.0,1577.0,1635.48,1577.0,5163300.0,0.0040999999999999995,8251735600.000001
2024-01-18,1574.0,1610.87,1612.8,1555.55,6044000.0,0.0048,9566349500.0
2024-01-19,1608.87,1635.0,1638.01,1600.88,4637800.0,0.0037,7550144399.999999
2024-01-22,1629.0,1642.0,1643.0,1618.88,4694600.0,0.0037,7678297800.0
2024-01-23,1632.01,1619.0,1639.95,1609.0,3483500.0,0.0028000000000000004,5659457100.0
2024-01-24,1629.0,1626.0,1633.84,1603.56,3321600.0,0.0026,5373603700.0
2024-01-25,1626.82,1638.0,1641.0,1622.0,3120600.0,0.0025,5094508200.0
2024-01-26,1630.36,1637.32,1644.1,1623.0,2695500.0,0.0021,4402111900.0
2024-01-29,1640.3,1650.0,1660.58,1640.29,3142100.0,0.0025,5189014900.0
2024-01-30,1649.98,1613.0,1649.98,1610.0,3086600.0,0.0025,5010784500.0
2024-01-31,1613.0,1604.91,1619.97,1598.13,2964900.0,0.0024,4770104900.0
2024-02-01,1605.5,1610.03,1623.89,1601.0,2648500.0,0.0021,4272298600.0
2024-02-02,1615.0,1596.0,1627.78,1581.0,3938200.0,0.0031,6336691200.0
2024-02-05,1596.0,1630.01,1637.44,1595.25,5313000.0,0.0042,8590683100.0
2024-02-06,1630.01,1676.0,1685.48,1626.1,5247200.0,0.0042,8740646600.0
2024-02-07,1681.03,1710.99,1714.59,1661.61,5260100.0,0.0042,8899606900.0
2024-02-08,1720.01,1706.0,1725.0,1685.0,4675700.0,0.0037,7953438000.0
2024-02-19,1737.87,1695.43,1737.93,1688.0,3697700.0,0.0029,6288278000.0
2024-02-20,1697.36,1670.0,1697.36,1656.56,3447000.0,0.0027,5755266899.999999
2024-02-21,1666.02,1717.66,1731.0,1662.0,4615400.0,0.0037,7868784100.0
2024-02-22,1707.5,1718.38,1723.01,1700.53,2279400.0,0.0018,3905984699.9999995
2024-02-23,1711.11,1714.09,1724.38,1700.02,2730600.0,0.0022,4670707000.0
2024-02-26,1708.0,1694.98,1708.74,1685.02,2731800.0,0.0022,4625594400.0
2024-02-27,1683.0,1689.5,1692.92,1678.0,2208000.0,0.0018,3718478400.0000005
2024-02-28,1688.92,1681.55,1696.57,1674.01,3186700.0,0.0025,5371312800.0
2024-02-29,1681.55,1695.0,1696.5,1679.2,2475800.0,0.002,4184918000.0
2024-03-01,1690.0,1685.06,1694.97,1676.68,2686800.0,0.0021,4526845400.0
2024-03-04,1679.0,1676.3,1680.99,1670.05,2648500.0,0.0021,4434401000.0
2024-03-05,1670.81,1695.1,1697.0,1666.68,3623800.0,0.0029,6102136600.0
2024-03-06,1691.0,1680.55,1695.0,1678.02,2214200.0,0.0018,3725582800.0000005
2024-03-07,1680.0,1683.63,1689.8,1678.0,2159900.0,0.0017000000000000001,3633934800.0
2024-03-08,1680.56,1671.43,1686.68,1670.05,2215600.0,0.0018,3710678500.0
2024-03-11,1675.0,1694.49,1698.88,1673.18,2989500.0,0.0024,5048394300.0
2024-03-12,1693.94,1745.0,1749.1,1690.5,5422700.0,0.0043,9393309100.0
2024-03-13,1739.97,1727.45,1748.0,1720.1,2650000.0,0.0021,4588879400.0
2024-03-14,1719.0,1716.63,1734.84,1711.5,1940500.0,0.0015,3338768300.0
2024-03-15,1712.5,1717.49,1732.4,1712.0,1783400.0,0.0014000000000000002,3066692400.0
2024-03-18,1715.0,1708.26,1719.85,1699.0,2605500.0,0.0021,4446059100.0
2024-03-19,1703.0,1708.02,1719.94,1693.11,2394800.0,0.0019,4093701300.0
2024-03-20,1703.36,1709.6,1713.68,1700.23,1524900.0,0.0012,2604543900.0
2024-03-21,1708.1,1709.0,1719.0,1704.5,1659600.0,0.0013,2839332600.0
2024-03-22,1705.03,1701.35,1708.99,1688.0,2545600.0,0.002,4318592800.0
2024-03-25,1698.54,1689.01,1698.77,1680.58,2447300.0,0.0019,4131446200.0
2024-03-26,1687.46,1709.29,1712.8,1687.46,2806900.0,0.0022,4782899100.0
2024-03-27,1705.0,1701.0,1712.0,1699.0,1811300.0,0.0014000000000000002,3087793000.0
2024-03-28,1695.0,1701.64,1718.0,1693.2,2464200.0,0.002,4201857100.0
2024-03-29,1701.64,1702.9,1710.99,1698.1,1345700.0,0.0011,2290584400.0
2024-04-01,1709.99,1721.33,1734.0,1708.7,2713100.0,0.0022,4679371000.0
2024-04-02,1722.0,1713.99,1724.99,1705.05,2544900.0,0.002,4360973700.0
2024-04-03,1734.0,1715.11,1739.44,1710.02,2904600.0,0.0023,5002390000.0
2024-04-08,1695.0,1666.66,1696.0,1662.6,5916700.0,0.004699999999999999,9907355800.0
2024-04-09,1660.67,1662.22,1673.0,1658.45,2559000.0,0.002,4256226300.0
2024-04-10,1662.27,1647.98,1664.99,1645.0,2763100.0,0.0022,4562853900.0
2024-04-11,1640.11,1648.0,1650.0,1634.69,2276600.0,0.0018,3736417600.0
2024-04-12,1651.0,1634.03,1664.0,1634.03,2674400.0,0.0021,4403968100.0
2024-04-15,1635.01,1672.98,1675.61,1634.98,3581800.0,0.0029,5960815500.0
2024-04-16,1665.49,1670.0,1679.56,1659.0,2626600.0,0.0021,4382797000.0
2024-04-17,1668.0,1667.0,1675.2,1658.0,2481900.0,0.002,4130322000.0
2024-04-18,1659.01,1670.78,1682.98,1658.18,2656800.0,0.0021,4445487700.0
2024-04-19,1660.78,1646.64,1668.5,1641.28,2350000.0,0.0019,3879233200.0
2024-04-22,1654.0,1675.06,1678.88,1645.0,2995100.0,0.0024,5001684600.0
2024-04-23,1675.0,1692.28,1695.0,1675.0,2498000.0,0.002,4217855300.0000005
2024-04-24,1696.98,1693.6,1699.91,1683.33,1708600.0,0.0014000000000000002,2893555600.0
2024-04-25,1690.33,1693.04,1695.6,1682.25,1447600.0,0.0012,2447183900.0
2024-04-26,1694.0,1709.43,1714.0,1693.98,3099600.0,0.0025,5290248500.0
2024-04-29,1696.95,1704.0,1728.0,1693.82,4133200.0,0.0033,7072096600.0
2024-04-30,1705.01,1705.0,1729.88,1705.0,3076000.0,0.0024,5273902400.0
2024-05-06,1733.97,1760.2,1765.0,1727.0,5990900.0,0.0048,10504351700.0
2024-05-07,1765.79,1770.0,1777.8,1756.68,2492500.0,0.002,4413196400.0
2024-05-08,1769.69,1763.97,1769.97,1755.67,1476900.0,0.0012,2603293900.0
2024-05-09,1758.0,1756.0,1764.98,1750.0,2238700.0,0.0018,3929804800.0
2024-05-10,1761.1,1738.98,1767.88,1733.99,2620700.0,0.0021,4571398200.0
2024-05-13,1732.02,1706.0,1732.66,1701.22,3766200.0,0.003,6435415699.999999
2024-05-14,1705.99,1701.98,1713.27,1700.01,2127400.0,0.0017000000000000001,3623282700.0
2024-05-15,1702.58,1700.0,1708.0,1698.59,1573900.0,0.0013,2677203000.0
2024-05-16,1705.0,1704.5,1709.88,1690.0,2968000.0,0.0024,5048754800.0
2024-05-17,1700.01,1715.0,1716.58,1700.0,2892400.0,0.0023,4936920600.0
2024-05-20,1717.99,1709.0,1732.99,1708.11,3142600.0,0.0025,5401389300.000001
2024-05-21,1708.0,1705.0,1709.73,1698.16,1629300.0,0.0013,2776847500.0
2024-05-22,1703.0,1697.71,1709.96,1691.0,2028600.0,0.0016,3443977800.0000005
2024-05-23,1700.0,1692.01,1706.38,1690.08,1888500.0,0.0015,3199923300.0
2024-05-24,1693.0,1677.08,1695.0,1677.0,2021700.0,0.0016,3401323900.0
2024-05-27,1678.0,1670.12,1687.45,1668.01,2509800.0,0.002,4199001900.0
2024-05-28,1670.4,1664.64,1675.17,1663.0,2352100.0,0.0019,3923020400.0
2024-05-29,1666.0,1674.0,1680.0,1665.0,1965100.0,0.0016,3289173300.0
2024-05-30,1675.0,1649.0,1675.38,1649.0,3220800.0,0.0026,5333306800.000001
2024-05-31,1650.5,1648.45,1663.5,1648.45,2185700.0,0.0017000000000000001,3617654800.0
2024-06-03,1650.0,1639.39,1650.92,1635.11,3026100.0,0.0024,4966041500.0
2024-06-04,1640.5,1653.2,1656.0,1636.55,2084100.0,0.0017000000000000001,3432497300.0
2024-06-05,1652.0,1644.0,1658.68,1643.03,1905600.0,0.0015,3140824300.0
2024-06-06,1643.66,1639.81,1651.99,1635.91,2561000.0,0.002,4205701000.0
2024-06-07,1646.13,1619.18,1646.18,1619.01,3352500.0,0.0027,5453120699.999999
2024-06-11,1602.99,1569.0,1605.0,1567.0,7024700.0,0.005600000000000001,11090577600.0
2024-06-12,1570.0,1571.68,1590.0,1570.0,3317100.0,0.0026,5230086500.0
2024-06-13,1576.77,1555.01,1576.89,1553.15,3618600.0,0.0029,5654938900.0
2024-06-14,1555.0,1555.0,1563.96,1520.46,5951400.0,0.004699999999999999,9177637200.0
2024-06-17,1532.29,1541.5,1548.77,1511.01,4831800.0,0.0038,7400883199.999999
2024-06-18,1530.89,1521.5,1554.54,1516.68,4125800.0,0.0033,6317590900.0
2024-06-19,1497.99,1501.0,1504.0,1482.1,4126200.0,0.0033,6167728400.0
2024-06-20,1500.0,1500.1,1516.01,1498.0,2471100.0,0.002,3715925000.0
2024-06-21,1500.5,1471.0,1504.98,1470.22,4332000.0,0.0034000000000000002,6418543700.0
2024-06-24,1423.0,1476.55,1488.99,1414.01,6384000.0,0.0051,9319362400.0
2024-06-25,1477.0,1486.65,1502.99,1477.0,4209800.0,0.0034000000000000002,6273919399.999999
2024-06-26,1480.0,1489.22,1501.07,1477.8,2957000.0,0.0024,4414601900.0
2024-06-27,1492.0,1490.49,1493.97,1468.0,3282200.0,0.0026,4857959500.0
2024-06-28,1480.0,1467.39,1494.49,1464.0,3858200.0,0.0031,5699649000.0
2024-07-01,1468.88,1440.38,1472.99,1428.0,3216100.0,0.0026,4636689100.0
2024-07-02,1433.0,1490.7,1498.0,1433.0,5185300.0,0.0040999999999999995,7659166800.000001
2024-07-03,1499.0,1500.0,1513.01,1488.02,3157300.0,0.0025,4740808100.0
2024-07-04,1505.0,1485.74,1512.0,1481.13,2438000.0,0.0019,3637968900.0
2024-07-05,1479.0,1453.0,1493.18,1450.0,3882900.0,0.0031,5664477300.0
2024-07-08,1443.0,1420.0,1457.77,1419.14,3952700.0,0.0031,5657951300.0
2024-07-09,1420.0,1438.03,1454.89,1410.1,3362100.0,0.0027,4807957900.0
2024-07-10,1439.25,1437.59,1465.88,1435.0,2376300.0,0.0019,3436693400.0000005
2024-07-11,1449.97,1462.09,1469.0,1440.21,2902000.0,0.0023,4236960600.0
2024-07-12,1473.01,1478.82,1486.4,1465.45,2338600.0,0.0019,3451132600.0
2024-07-15,1470.0,1474.9,1488.0,1470.0,1917600.0,0.0015,2835374699.9999995
2024-07-16,1476.0,1476.0,1482.0,1465.05,2031600.0,0.0016,2998367100.0
2024-07-17,1476.1,1501.4,1503.0,1470.02,3431100.0,0.0027,5115680700.0
2024-07-18,1499.5,1497.51,1515.0,1492.53,2887000.0,0.0023,4337214600.0
2024-07-19,1490.81,1525.62,1529.18,1484.01,3894300.0,0.0031,5888615100.0
2024-07-22,1525.03,1499.0,1529.98,1491.65,2854300.0,0.0023,4300813300.0
2024-07-23,1499.0,1455.0,1501.0,1455.0,3094400.0,0.0025,4555460200.0
2024-07-24,1450.2,1440.02,1463.7,1435.0,2412300.0,0.0019,3490201000.0
2024-07-25,1440.02,1430.49,1448.0,1420.01,2834700.0,0.0023,4054086700.0
2024-07-26,1430.49,1422.19,1437.72,1410.9,3235400.0,0.0026,4594928600.0
2024-07-29,1415.0,1398.02,1421.99,1398.0,3086900.0,0.0025,4342610100.0
2024-07-30,1385.98,1379.99,1390.27,1361.3,5177900.0,0.0040999999999999995,7103491600.0
2024-07-31,1373.1,1421.28,1427.27,1373.1,4327200.0,0.0034000000000000002,6098149700.0
2024-08-01,1418.0,1386.16,1420.0,1384.7,3203800.0,0.0026,4470988100.0
2024-08-02,1373.6,1385.45,1396.97,1373.6,2192800.0,0.0017000000000000001,3041726400.0
2024-08-05,1388.88,1410.01,1426.0,1385.52,3773600.0,0.003,5327127100.0
2024-08-06,1422.0,1404.7,1424.0,1394.01,2744400.0,0.0022,3860735000.0
2024-08-07,1405.5,1415.5,1421.99,1398.3,2062200.0,0.0016,2910580700.0
2024-08-08,1411.0,1430.69,1448.18,1409.0,2513100.0,0.002,3592705400.0
2024-08-09,1460.03,1436.8,1469.0,1436.8,3013800.0,0.0024,4368705500.0
2024-08-12,1430.0,1436.1,1443.0,1426.58,1363200.0,0.0011,1956573400.0
2024-08-13,1433.0,1423.01,1435.0,1412.01,1630800.0,0.0013,2317037800.0
2024-08-14,1423.01,1413.3,1424.9,1412.02,1341400.0,0.0011,1898377400.0
2024-08-15,1405.03,1426.89,1435.99,1403.95,2303900.0,0.0018,3275699600.0
2024-08-16,1426.79,1431.2,1435.92,1417.01,1645500.0,0.0013,2349825800.0
2024-08-19,1432.0,1425.44,1458.88,1425.0,2043300.0,0.0016,2942106400.0
2024-08-20,1429.9,1422.72,1429.93,1414.0,1859100.0,0.0015,2644814300.0
2024-08-21,1420.0,1417.58,1427.98,1415.69,1509200.0,0.0012,2144746600.0
2024-08-22,1416.0,1410.05,1420.0,1400.01,1952700.0,0.0016,2750868100.0
2024-08-23,1408.0,1414.99,1423.5,1406.12,1532000.0,0.0012,2166499200.0
2024-08-26,1417.0,1412.0,1423.86,1403.15,1562800.0,0.0012,2207595500.0
2024-08-27,1412.0,1404.07,1413.0,1401.11,1365700.0,0.0011,1920770600.0
2024-08-28,1404.07,1389.0,1406.0,1375.0,3166400.0,0.0025,4388025900.0
2024-08-29,1380.0,1413.3,1418.0,1380.0,2747200.0,0.0022,3864270600.0
2024-08-30,1413.0,1443.19,1458.07,1405.0,3873900.0,0.0031,5576118600.0
2024-09-02,1430.0,1395.0,1438.0,1395.0,3413500.0,0.0027,4801049900.0
2024-09-03,1398.0,1410.0,1414.98,1393.02,1788800.0,0.0014000000000000002,2516125800.0
2024-09-04,1402.0,1400.0,1419.19,1399.74,1421100.0,0.0011,1995221400.0000002
2024-09-05,1400.5,1404.88,1407.0,1397.0,1450300.0,0.0012,2033680799.9999998
2024-09-06,1405.0,1398.0,1406.0,1398.0,1032100.0,0.0008,1445537300.0
2024-09-09,1380.01,1375.0,1393.71,1370.08,2863800.0,0.0023,3950086800.0
2024-09-10,1370.02,1378.0,1393.0,1370.02,1980300.0,0.0016,2737295600.0
2024-09-11,1375.6,1380.0,1385.88,1365.0,2099600.0,0.0017000000000000001,2892932800.0000005
2024-09-12,1380.0,1335.06,1385.0,1334.91,4794800.0,0.0038,6482445000.0
2024-09-13,1331.0,1304.13,1332.0,1297.3,5600500.0,0.0045000000000000005,7329376899.999999
2024-09-18,1300.0,1266.9,1300.01,1266.66,4618500.0,0.0037,5895948000.0
2024-09-19,1262.0,1261.0,1292.88,1245.83,5998800.0,0.0048,7623740000.0
2024-09-20,1261.5,1263.92,1273.9,1250.03,3998200.0,0.0032,5038507800.0
2024-09-23,1268.0,1261.54,1293.5,1260.66,4555000.0,0.0036,5809791700.0
2024-09-24,1285.09,1372.6,1373.0,1265.09,10041300.0,0.008,13297277500.0
2024-09-25,1400.05,1399.0,1427.0,1396.71,7395400.0,0.0059,10420109700.0
2024-09-26,1399.96,1529.0,1529.87,1396.0,9727800.0,0.0077,14269262700.0
2024-09-27,1600.0,1629.2,1629.2,1565.36,8792200.0,0.006999999999999999,14050260600.0
2024-09-30,1692.0,1748.0,1759.88,1652.0,15729300.0,0.0125,26982747000.0
2024-10-08,1910.0,1723.0,1910.0,1680.18,19470900.0,0.0155,35114075000.0
2024-10-09,1700.0,1595.15,1700.0,1590.0,12019700.0,0.0096,19708432700.0
2024-10-10,1622.26,1640.0,1668.08,1591.0,7460300.0,0.0059,12198964000.0
2024-10-11,1615.4,1604.99,1639.96,1590.0,4191500.0,0.0033,6764982700.0
2024-10-14,1613.0,1601.99,1620.63,1581.17,4481200.0,0.0036,7181350800.0
2024-10-15,1599.0,1554.25,1600.99,1553.01,4357100.0,0.0034999999999999996,6884141899.999999
2024-10-16,1540.88,1522.5,1549.8,1510.0,4666400.0,0.0037,7140169700.0
2024-10-17,1537.0,1494.6,1537.66,1493.41,3946000.0,0.0031,5964779000.0
2024-10-18,1493.0,1541.0,1567.84,1478.96,6861900.0,0.0055000000000000005,10418043500.0
2024-10-21,1541.21,1528.8,1549.97,1521.21,4200800.0,0.0033,6433918300.0
2024-10-22,1526.56,1543.0,1560.18,1524.2,3626900.0,0.0029,5607826500.0
2024-10-23,1544.11,1567.5,1576.95,1532.0,4008800.0,0.0032,6259600000.0
2024-10-24,1561.0,1552.2,1575.0,1545.01,2392300.0,0.0019,3723973200.0
2024-10-25,1547.0,1558.85,1574.79,1546.01,2774500.0,0.0022,4328271400.0
2024-10-28,1560.0,1565.0,1565.0,1522.23,3912100.0,0.0031,6064453700.0
2024-10-29,1560.0,1531.62,1580.0,1530.0,4116600.0,0.0033,6368105200.0
2024-10-30,1525.0,1532.0,1551.19,1523.41,3200600.0,0.0025,4913176000.0
2024-10-31,1532.15,1527.79,1540.0,1520.0,2995700.0,0.0024,4575545200.0
2024-11-01,1521.0,1533.75,1545.13,1520.8,3228400.0,0.0026,4954302200.0
2024-11-04,1544.93,1548.2,1550.0,1528.06,2909300.0,0.0023,4481761800.0
2024-11-05,1540.0,1576.99,1577.7,1536.01,4564000.0,0.0036,7134443500.0
2024-11-06,1575.0,1571.0,1588.99,1561.22,3763100.0,0.003,5916917600.0
2024-11-07,1562.46,1649.14,1653.5,1562.3,7473900.0,0.0059,12074951800.0
2024-11-08,1660.89,1609.97,1667.11,1601.01,6077100.0,0.0048,9885645900.0
2024-11-11,1590.0,1598.01,1609.95,1567.19,4385400.0,0.0034999999999999996,6957095400.0
2024-11-12,1589.0,1577.2,1623.0,1573.95,4922300.0,0.0039000000000000003,7844798700.0
2024-11-13,1568.0,1578.5,1586.66,1561.28,2912500.0,0.0023,4594445000.0
2024-11-14,1570.0,1573.8,1594.45,1565.65,2924800.0,0.0023,4617144100.0
2024-11-15,1569.0,1559.0,1583.8,1553.0,3376100.0,0.0027,5295326899.999999
2024-11-18,1562.0,1559.0,1575.99,1555.0,2709200.0,0.0022,4237197500.0
2024-11-19,1565.0,1541.92,1569.37,1525.0,3326600.0,0.0026,5138831200.0
2024-11-20,1543.0,1544.81,1553.97,1531.3,2134500.0,0.0017000000000000001,3292675300.0000005
2024-11-21,1543.87,1545.13,1548.99,1532.0,1826200.0,0.0015,2810933500.0
2024-11-22,1541.15,1507.82,1547.77,1507.82,3343600.0,0.0027,5107289000.0
2024-11-25,1511.0,1498.57,1532.0,1496.67,3318600.0,0.0026,5011136200.0
2024-11-26,1498.57,1509.0,1518.88,1488.88,2574500.0,0.002,3876886000.0
2024-11-27,1509.0,1519.05,1522.15,1505.0,2593400.0,0.0021,3927607800.0000005
2024-11-28,1522.0,1518.0,1524.99,1502.0,2395200.0,0.0019,3627662400.0
2024-11-29,1517.0,1525.74,1555.0,1513.21,3608800.0,0.0029,5534035500.0
2024-12-02,1526.0,1525.0,1529.99,1515.1,2682000.0,0.0021,4086610000.0
2024-12-03,1524.0,1526.74,1528.9,1516.08,2480700.0,0.002,3777197199.9999995
2024-12-04,1520.07,1520.0,1523.66,1510.0,2392400.0,0.0019,3626565500.0
2024-12-05,1510.86,1511.0,1517.86,1510.0,1614100.0,0.0013,2441318400.0
2024-12-06,1513.0,1521.01,1538.9,1508.07,3204000.0,0.0026,4883148600.0
2024-12-09,1522.02,1518.8,1529.72,1513.2,1980000.0,0.0016,3008173600.0
2024-12-10,1570.0,1546.59,1579.73,1545.18,6031200.0,0.0048,9421340700.0
2024-12-11,1540.0,1535.6,1555.0,1530.98,2967100.0,0.0024,4569662600.0
2024-12-12,1532.02,1565.8,1566.0,1529.0,4193700.0,0.0033,6510547800.0
2024-12-13,1550.01,1519.0,1554.99,1518.88,4951200.0,0.0039000000000000003,7580908300.0
2024-12-16,1521.0,1527.2,1529.0,1510.71,3253700.0,0.0026,4945298800.0
2024-12-17,1525.99,1558.0,1569.0,1521.01,5417200.0,0.0043,8398945400.0
2024-12-18,1557.97,1571.5,1577.0,1547.1,4116200.0,0.0033,6440802000.0
2024-12-19,1565.14,1551.01,1567.93,1550.33,2480900.0,0.002,3862602700.0
2024-12-20,1531.13,1522.0,1541.8,1520.02,2815800.0,0.0022,4307425500.0
2024-12-23,1523.0,1526.45,1538.0,1517.0,2160300.0,0.0017000000000000001,3300971400.0
2024-12-24,1525.0,1538.82,1544.0,1521.59,2210500.0,0.0018,3394160300.0000005
2024-12-25,1538.8,1530.0,1538.8,1526.1,1712300.0,0.0014000000000000002,2621061900.0
2024-12-26,1534.0,1527.79,1538.78,1523.0,1828700.0,0.0015,2798840000.0
2024-12-27,1528.9,1528.97,1536.0,1519.5,2075900.0,0.0017000000000000001,3170191400.0
2024-12-30,1533.97,1525.0,1543.96,1525.0,2513000.0,0.002,3849542600.0
2024-12-31,1525.4,1524.0,1545.0,1522.01,3935400.0,0.0031,6033540400.0
2025-01-02,1524.0,1488.0,1524.49,1480.0,5002900.0,0.004,7490883800.0
2025-01-03,1494.5,1475.0,1494.99,1467.01,3262800.0,0.0026,4836610300.0
2025-01-06,1453.0,1440.0,1462.66,1432.8,4425500.0,0.0034999999999999996,6392479700.0
2025-01-07,1444.66,1440.2,1451.89,1439.0,2422100.0,0.0019,3494634200.0
2025-01-08,1440.0,1442.5,1451.82,1426.66,3525800.0,0.0028000000000000004,5071821200.0
2025-01-09,1448.99,1444.0,1464.58,1432.98,2970600.0,0.0024,4295852700.0
2025-01-10,1447.1,1436.0,1451.95,1436.0,2187200.0,0.0017000000000000001,3154677600.0
2025-01-13,1425.0,1443.98,1444.44,1422.01,2108300.0,0.0017000000000000001,3030806900.0
2025-01-14,1444.95,1472.5,1478.68,1442.0,3095700.0,0.0025,4535651500.0
2025-01-15,1467.0,1471.27,1474.6,1460.01,1839900.0,0.0015,2701518700.0
2025-01-16,1474.0,1446.38,1482.66,1442.0,2634200.0,0.0021,3840411400.0
2025-01-17,1446.39,1454.75,1461.0,1446.38,1830900.0,0.0015,2663227300.0
2025-01-20,1461.0,1474.8,1489.79,1460.0,3141000.0,0.0025,4647626400.0
2025-01-21,1481.0,1468.15,1482.0,1465.0,1685600.0,0.0013,2481821200.0
2025-01-22,1463.27,1441.0,1467.95,1438.0,2829400.0,0.0023,4088101700.0
2025-01-23,1449.97,1443.0,1468.0,1438.0,2712500.0,0.0022,3932700900.0000005
2025-01-24,1442.0,1436.0,1447.79,1430.31,3136000.0,0.0025,4515322700.0
2025-01-27,1437.0,1434.99,1443.97,1427.02,2935600.0,0.0023,4213534500.0
2025-02-05,1440.0,1403.8,1443.0,1402.21,4075700.0,0.0032,5753730000.0
2025-02-06,1400.01,1412.84,1421.99,1400.01,2735600.0,0.0022,3859568200.0
2025-02-07,1413.68,1436.0,1442.68,1403.41,3724200.0,0.003,5310850600.000001
2025-02-10,1438.0,1431.51,1440.0,1427.09,2084000.0,0.0017000000000000001,2988101800.0
2025-02-11,1434.95,1418.0,1435.96,1415.9,2357300.0,0.0019,3348668900.0
2025-02-12,1418.0,1443.0,1445.0,1416.88,2547600.0,0.002,3644170500.0
2025-02-13,1443.02,1465.06,1475.25,1434.51,4338500.0,0.0034999999999999996,6335985900.0
2025-02-14,1465.06,1475.0,1477.0,1458.22,2710000.0,0.0022,3978694099.9999995
2025-02-17,1481.0,1471.62,1494.98,1467.1,3247100.0,0.0026,4804663800.0
2025-02-18,1470.0,1475.0,1492.99,1462.08,2780000.0,0.0022,4113845400.0
2025-02-19,1475.05,1491.0,1494.44,1464.9,3239300.0,0.0026,4803378400.0
2025-02-20,1483.0,1474.0,1491.97,1473.39,2375000.0,0.0019,3513553000.0
2025-02-21,1480.0,1488.21,1496.73,1473.01,3641800.0,0.0029,5418169600.0
2025-02-24,1488.0,1479.07,1499.52,1474.0,3474400.0,0.0028000000000000004,5157907300.0
2025-02-25,1470.01,1454.0,1473.39,1452.0,2838700.0,0.0023,4142814500.0
2025-02-26,1455.45,1460.01,1464.96,1445.0,2636600.0,0.0021,3835949000.0
2025-02-27,1460.02,1485.56,1489.9,1454.0,4976200.0,0.004,7368002400.0
2025-02-28,1485.5,1500.79,1528.38,1482.0,5612900.0,0.0045000000000000005,8475738199.999999
2025-03-03,1502.6,1487.02,1520.99,1481.5,3159600.0,0.0025,4736679900.0
2025-03-04,1485.0,1470.11,1486.0,1465.21,2521100.0,0.002,3710675900.0000005
2025-03-05,1472.0,1466.37,1474.0,1460.1,2460500.0,0.002,3606932199.9999995
2025-03-06,1474.0,1505.98,1510.2,1472.08,4216800.0,0.0034000000000000002,6297117400.0
2025-03-07,1503.0,1521.0,1528.36,1503.0,3799100.0,0.003,5760608700.0
2025-03-10,1519.81,1522.9,1526.88,1506.14,3136900.0,0.0025,4758789300.0
2025-03-11,1517.0,1548.68,1548.68,1512.0,3977600.0,0.0032,6094007900.0
2025-03-12,1546.96,1542.58,1549.68,1526.35,2960400.0,0.0024,4552923600.0
2025-03-13,1544.0,1537.77,1555.5,1530.88,2572400.0,0.002,3966369300.0
2025-03-14,1547.66,1628.01,1628.01,1541.0,9291300.0,0.0074,14882842700.0
2025-03-17,1657.0,1637.86,1657.99,1626.88,5468900.0,0.0044,8985138900.0
2025-03-18,1645.04,1624.0,1652.0,1621.7,3161300.0,0.0025,5153210400.0
2025-03-19,1624.29,1635.71,1648.0,1623.0,2739000.0,0.0022,4477128800.0
2025-03-20,1635.71,1604.0,1637.6,1595.07,3673700.0,0.0029,5903879200.0
2025-03-21,1599.0,1573.75,1612.2,1568.83,3361400.0,0.0027,5324973199.999999
2025-03-24,1570.0,1583.0,1589.66,1562.38,2556600.0,0.002,4032223500.0
2025-03-25,1588.0,1575.5,1592.8,1566.66,1767400.0,0.0014000000000000002,2783286800.0
2025-03-26,1572.77,1576.0,1582.58,1571.0,1432400.0,0.0011,2257639800.0
2025-03-27,1576.0,1589.0,1598.25,1573.38,1795600.0,0.0014000000000000002,2848889200.0
2025-03-28,1590.93,1585.21,1593.0,1576.0,1622800.0,0.0013,2569470000.0
2025-03-31,1580.98,1561.0,1586.96,1560.06,2108500.0,0.0017000000000000001,3311857700.0
2025-04-01,1564.0,1556.02,1569.89,1552.21,1855600.0,0.0015,2893740000.0
2025-04-02,1558.0,1549.02,1567.8,1545.5,2167400.0,0.0017000000000000001,3371883000.0
2025-04-03,1530.0,1568.88,1586.0,1529.01,3548100.0,0.0028000000000000004,5557442100.0
2025-04-07,1520.01,1500.0,1536.85,1462.0,10195300.0,0.008100000000000001,15314738200.0
2025-04-08,1513.0,1545.0,1545.0,1495.0,7387600.0,0.0059,11226977600.0
2025-04-09,1525.02,1541.04,1556.8,1520.55,5563000.0,0.0044,8562928199.999999
2025-04-10,1550.99,1549.0,1555.0,1528.0,3862000.0,0.0031,5963650800.0
2025-04-11,1579.97,1568.98,1579.97,1545.0,3263400.0,0.0026,5087359900.0
2025-04-14,1560.97,1551.99,1566.0,1551.53,2171100.0,0.0017000000000000001,3379425600.0
2025-04-15,1552.0,1558.0,1565.0,1545.0,2148900.0,0.0017000000000000001,3339942700.0
2025-04-16,1552.0,1559.17,1576.0,1537.0,3115600.0,0.0025,4834880600.0
2025-04-17,1554.0,1570.0,1576.5,1549.99,2384600.0,0.0019,3733925000.0
2025-04-18,1566.0,1565.94,1575.0,1556.0,2029800.0,0.0016,3179974300.0
2025-04-21,1565.5,1551.0,1565.5,1551.0,1805700.0,0.0014000000000000002,2808158200.0
2025-04-22,1550.0,1548.8,1556.3,1543.21,1843200.0,0.0015,2857526000.0
2025-04-23,1559.0,1552.0,1559.22,1545.0,1866900.0,0.0015,2895468900.0
2025-04-24,1552.0,1552.25,1560.68,1548.98,1487200.0,0.0012,2313372100.0
2025-04-25,1557.1,1550.0,1561.2,1550.0,1476500.0,0.0012,2295029700.0
2025-04-28,1552.0,1550.0,1555.0,1546.6,1466000.0,0.0012,2274252500.0
2025-04-29,1550.0,1544.0,1552.54,1532.02,1892200.0,0.0015,2917422900.0
2025-04-30,1549.99,1547.0,1566.66,1546.3,2575400.0,0.0021,4005439400.0
2025-05-06,1559.0,1550.2,1559.0,1544.33,1830000.0,0.0015,2838614200.0
2025-05-07,1570.0,1555.0,1570.0,1550.2,2746200.0,0.0022,4275142600.0
2025-05-08,1553.0,1578.19,1592.78,1549.83,3348100.0,0.0027,5265446400.0
2025-05-09,1578.99,1591.18,1597.45,1575.05,2367200.0,0.0019,3757574500.0
2025-05-12,1598.0,1604.5,1618.93,1596.61,2473500.0,0.002,3967785800.0
2025-05-13,1608.92,1590.3,1608.92,1585.11,2125800.0,0.0017000000000000001,3386617800.0000005
2025-05-14,1590.0,1634.99,1645.0,1588.18,3946000.0,0.0031,6394735100.0
2025-05-15,1634.8,1632.01,1643.59,1624.13,2473300.0,0.002,4043402600.0
2025-05-16,1633.99,1614.13,1636.99,1614.13,2293500.0,0.0018,3714508700.0
2025-05-19,1596.0,1578.98,1600.0,1573.88,3806300.0,0.003,6021950000.0
2025-05-20,1580.0,1586.0,1594.8,1575.1,1952200.0,0.0016,3095742600.0
2025-05-21,1585.0,1580.97,1595.94,1580.97,1979500.0,0.0016,3143941400.0
2025-05-22,1580.99,1580.0,1584.99,1570.1,1509000.0,0.0012,2381236600.0
2025-05-23,1575.2,1572.6,1587.9,1571.66,2153700.0,0.0017000000000000001,3399425000.0
2025-05-26,1570.0,1550.5,1574.63,1545.0,2708700.0,0.0022,4212944400.0
2025-05-27,1551.0,1543.9,1558.6,1543.51,1775200.0,0.0014000000000000002,2748945700.0
2025-05-28,1543.99,1537.0,1546.46,1533.0,1626600.0,0.0013,2504624600.0
2025-05-29,1540.0,1540.0,1555.0,1532.0,2186000.0,0.0017000000000000001,3375465800.0
2025-05-30,1540.15,1522.0,1545.0,1515.24,3123900.0,0.0025,4764875900.0
2025-06-03,1508.01,1509.0,1519.0,1505.02,2897900.0,0.0023,4377892800.0
2025-06-04,1510.5,1509.96,1523.0,1509.22,2300800.0,0.0018,3480363800.0
2025-06-05,1514.0,1514.0,1516.0,1502.2,2321400.0,0.0018,3504925500.0
2025-06-06,1513.8,1506.39,1518.97,1503.0,2502300.0,0.002,3777727600.0
2025-06-09,1505.02,1486.11,1508.7,1485.68,4495900.0,0.0036,6723839100.0
2025-06-10,1486.0,1475.01,1492.0,1474.8,3049200.0,0.0024,4511934600.0
2025-06-11,1476.8,1480.0,1494.0,1476.1,3089300.0,0.0025,4585522800.0
2025-06-12,1480.0,1459.0,1483.87,1454.1,4990400.0,0.004,7306800800.0
2025-06-13,1444.41,1426.95,1449.97,1425.06,5911300.0,0.004699999999999999,8466515600.000001
2025-06-16,1401.2,1422.29,1425.04,1401.18,4288800.0,0.0034000000000000002,6060448400.0
2025-06-17,1420.0,1427.0,1427.0,1412.18,2723200.0,0.0022,3868364699.9999995
2025-06-18,1440.0,1425.0,1443.44,1421.01,3076100.0,0.0024,4404131400.0
2025-06-19,1426.0,1426.0,1433.67,1417.18,2450100.0,0.002,3490268600.0
2025-06-20,1423.58,1428.66,1441.14,1420.2,3481600.0,0.0028000000000000004,4990683300.0
2025-06-23,1420.0,1420.0,1433.0,1405.18,2672300.0,0.0021,3794012300.0
2025-06-24,1423.35,1437.2,1451.68,1423.35,3631200.0,0.0029,5229183500.0
2025-06-25,1439.11,1435.86,1449.2,1420.51,4105000.0,0.0033,5869292200.0
2025-06-26,1415.0,1420.0,1428.0,1410.08,3486000.0,0.0028000000000000004,4955830000.0
2025-06-27,1420.01,1403.09,1423.0,1403.09,3825000.0,0.003,5404312700.0
2025-06-30,1403.5,1409.52,1413.23,1402.0,3045700.0,0.0024,4287373700.0
2025-07-01,1409.0,1405.1,1411.94,1403.31,1987800.0,0.0016,2794423200.0
2025-07-02,1409.5,1409.6,1414.8,1400.0,2621800.0,0.0021,3689246300.0
2025-07-03,1412.0,1415.6,1422.69,1408.0,2441300.0,0.0019,3456733000.0
2025-07-04,1415.7,1422.22,1431.89,1410.01,2876700.0,0.0023,4086547300.0
2025-07-07,1422.28,1410.7,1423.5,1410.01,2385500.0,0.0019,3370562700.0
2025-07-08,1410.71,1416.11,1420.0,1410.7,1867400.0,0.0015,2643302700.0
2025-07-09,1415.0,1418.88,1429.97,1414.17,2774500.0,0.0022,3950810700.0
2025-07-10,1418.97,1426.5,1436.18,1410.4,3872500.0,0.0031,5503329800.0
2025-07-11,1423.16,1427.0,1458.0,1423.16,5724300.0,0.0046,8239010400.0
2025-07-14,1430.0,1423.6,1434.98,1421.6,2778100.0,0.0022,3961736000.0
2025-07-15,1420.98,1411.0,1422.93,1408.32,3540600.0,0.0028000000000000004,5005150200.0
2025-07-16,1410.01,1411.03,1417.49,1409.95,2128600.0,0.0017000000000000001,3006882600.0
2025-07-17,1413.98,1416.35,1423.01,1412.88,2310600.0,0.0018,3273100400.0
2025-07-18,1420.0,1437.0,1437.81,1416.38,4182300.0,0.0033,5984949800.0
2025-07-21,1436.99,1443.0,1446.8,1435.0,2620300.0,0.0021,3779891800.0
2025-07-22,1444.0,1464.98,1466.6,1440.68,4211900.0,0.0034000000000000002,6127636899.999999
2025-07-23,1469.0,1475.5,1495.0,1468.95,4504500.0,0.0036,6676301500.0
2025-07-24,1476.0,1491.5,1499.0,1475.0,3880400.0,0.0031,5786337400.0
2025-07-25,1491.4,1455.0,1491.4,1453.0,4191100.0,0.0033,6140078700.0
2025-07-28,1453.0,1438.66,1454.99,1436.3,3858600.0,0.0031,5560966400.0
2025-07-29,1439.6,1439.0,1448.79,1435.01,2630400.0,0.0021,3785848100.0
2025-07-30,1444.0,1449.44,1457.16,1437.0,3186800.0,0.0025,4612883000.0
2025-07-31,1443.0,1421.67,1444.87,1418.0,5179800.0,0.0040999999999999995,7386302800.0
2025-08-01,1421.87,1417.0,1425.96,1414.0,2963600.0,0.0024,4200850800.0
2025-08-04,1415.0,1419.0,1419.8,1414.0,1868800.0,0.0015,2647105700.0
2025-08-05,1421.0,1427.74,1429.94,1417.11,2534200.0,0.002,3607931500.0
2025-08-06,1429.0,1423.88,1429.0,1419.3,2369900.0,0.0019,3372334900.0
2025-08-07,1423.88,1422.35,1427.7,1420.06,2800100.0,0.0022,3988765800.0
2025-08-08,1423.05,1420.97,1426.5,1418.0,1865500.0,0.0015,2651478100.0
2025-08-11,1423.5,1445.0,1451.99,1423.0,4715900.0,0.0038,6794034100.0
2025-08-12,1449.0,1437.04,1465.07,1436.0,4201900.0,0.0033,6095342000.0
2025-08-13,1425.0,1420.05,1433.68,1420.0,6552800.0,0.0052,9325460100.0
2025-08-14,1420.94,1426.99,1447.51,1420.94,4812900.0,0.0038,6897535300.0
2025-08-15,1426.01,1422.08,1428.66,1420.22,4758200.0,0.0038,6772437000.0
2025-08-18,1426.99,1428.5,1436.64,1423.1,4737800.0,0.0038,6773477900.0
2025-08-19,1433.5,1438.0,1446.66,1432.0,4637200.0,0.0037,6678541000.0
2025-08-20,1438.0,1450.0,1452.8,1430.02,4580500.0,0.0036,6623095699.999999
2025-08-21,1453.45,1448.25,1454.99,1443.65,3089100.0,0.0025,4470441700.0
2025-08-22,1448.88,1463.95,1464.0,1444.77,4497100.0,0.0036,6544867400.0
2025-08-25,1470.01,1490.33,1496.0,1466.0,6532500.0,0.0052,9676719500.0
2025-08-26,1490.32,1481.61,1494.23,1480.01,3960200.0,0.0032,5883917000.0
2025-08-27,1481.88,1448.0,1484.93,1448.0,5600600.0,0.0045000000000000005,8184169100.0
2025-08-28,1447.97,1446.1,1456.1,1438.77,3928200.0,0.0031,5683673300.0
2025-08-29,1453.0,1480.0,1482.58,1452.0,6225600.0,0.005,9159701500.0
2025-09-01,1482.2,1476.1,1488.0,1465.7,4512300.0,0.0036,6658918600.0
2025-09-02,1478.66,1491.3,1509.0,1478.0,5668800.0,0.0045000000000000005,8470012800.0
2025-09-03,1491.0,1480.55,1503.5,1466.0,4504500.0,0.0036,6656011100.0
2025-09-04,1472.0,1472.66,1479.3,1460.47,4774700.0,0.0038,7017084800.0
2025-09-05,1471.0,1483.0,1486.97,1464.0,3738800.0,0.003,5519312200.0
2025-09-08,1483.0,1501.23,1506.44,1477.5,5138300.0,0.0040999999999999995,7682065699.999999
2025-09-09,1505.0,1505.0,1509.95,1493.42,3574300.0,0.0029,5366650000.0
2025-09-10,1506.66,1522.01,1529.95,1496.0,4966300.0,0.004,7541460000.0
2025-09-11,1522.01,1523.5,1526.02,1508.5,3723900.0,0.003,5642778500.0
2025-09-12,1526.0,1516.0,1538.02,1510.53,3372200.0,0.0027,5132184900.0
2025-09-15,1515.87,1515.1,1517.48,1501.5,2582700.0,0.0021,3901929699.9999995
2025-09-16,1515.1,1499.98,1520.99,1496.21,3271800.0,0.0026,4928374500.0
2025-09-17,1499.99,1493.0,1510.28,1490.01,3033100.0,0.0024,4534770600.0
2025-09-18,1492.0,1467.96,1497.8,1463.5,4972100.0,0.004,7347477500.0
2025-09-19,1467.99,1467.97,1475.5,1457.01,3263700.0,0.0026,4784528900.0
2025-09-22,1465.09,1453.35,1467.97,1450.01,3494700.0,0.0028000000000000004,5085057500.0
2025-09-23,1450.5,1447.42,1457.5,1440.0,3866300.0,0.0031,5588384399.999999
2025-09-24,1434.07,1442.0,1456.78,1434.07,3074400.0,0.0025,4443052900.0
2025-09-25,1442.83,1439.0,1445.21,1436.0,3387000.0,0.0027,4873274700.0
2025-09-26,1441.18,1435.0,1447.11,1428.01,4512100.0,0.0036,6480889600.0
2025-09-29,1439.38,1460.86,1469.99,1435.0,5368400.0,0.0043,7798434600.0
2025-09-30,1460.0,1443.99,1460.76,1440.0,3936400.0,0.0031,5687474900.0
2025-10-09,1436.0,1436.78,1439.38,1420.0,5491800.0,0.0044,7845448900.0
2025-10-10,1437.6,1430.0,1439.94,1427.5,3600100.0,0.0029,5157459300.0
2025-10-13,1415.7,1419.2,1422.85,1415.12,4606900.0,0.0037,6533147500.0
2025-10-14,1429.99,1451.02,1464.0,1429.99,6667200.0,0.0053,9639484600.0
2025-10-15,1450.98,1462.0,1463.0,1445.08,4278500.0,0.0034000000000000002,6233407500.0
2025-10-16,1461.92,1484.91,1484.95,1458.88,4573000.0,0.0037,6749162900.0
2025-10-17,1483.1,1455.0,1488.0,1454.03,3808600.0,0.003,5594724900.0
2025-10-20,1455.0,1457.93,1469.5,1454.88,2595000.0,0.0021,3793283800.0
2025-10-21,1459.0,1462.26,1469.94,1455.5,2544300.0,0.002,3727984099.9999995
2025-10-22,1462.08,1458.7,1465.73,1456.0,1819500.0,0.0015,2657486599.9999995
2025-10-23,1455.0,1467.98,1468.8,1447.2,2932200.0,0.0023,4274652100.0
2025-10-24,1467.95,1450.0,1478.88,1449.34,3822600.0,0.0031,5578603100.000001
2025-10-27,1440.0,1440.41,1452.49,1435.99,3710200.0,0.003,5352667200.0
2025-10-28,1442.0,1445.0,1451.2,1441.1,2712400.0,0.0022,3923817100.0
2025-10-29,1440.02,1431.9,1446.55,1430.04,3393700.0,0.0027,4868780300.0
2025-10-30,1421.81,1426.74,1436.63,1421.81,4745600.0,0.0038,6768821300.0
2025-10-31,1422.0,1430.01,1435.98,1420.11,3569400.0,0.0029,5109623900.0
2025-11-03,1431.0,1435.0,1448.0,1420.1,3454800.0,0.0028000000000000004,4945310800.0
2025-11-04,1435.1,1429.0,1435.78,1423.78,2656600.0,0.0021,3793892900.0
2025-11-05,1425.89,1420.08,1430.99,1420.01,3447500.0,0.0028000000000000004,4908475400.0
2025-11-06,1430.0,1435.13,1441.45,1429.99,3834800.0,0.0031,5505960400.0
2025-11-07,1435.11,1433.33,1439.78,1431.11,1886100.0,0.0015,2704995900.0000005
2025-11-10,1435.0,1462.3,1463.69,1434.98,4945200.0,0.0039000000000000003,7181246400.0
2025-11-11,1462.0,1458.99,1462.18,1447.0,2669200.0,0.0021,3882776800.0
2025-11-12,1459.98,1465.15,1478.36,1459.21,3299200.0,0.0026,4849073100.0
2025-11-13,1462.12,1470.38,1473.58,1458.0,3117900.0,0.0025,4569178300.0
2025-11-14,1470.0,1456.6,1478.95,1456.3,2747300.0,0.0022,4031007100.0
2025-11-17,1454.0,1471.0,1473.0,1445.79,3446200.0,0.0028000000000000004,5035780000.0
2025-11-18,1470.7,1476.0,1486.07,1469.0,3420500.0,0.0027,5055675500.0
2025-11-19,1474.0,1471.01,1479.53,1469.96,2204500.0,0.0018,3249449200.0
2025-11-20,1472.0,1467.11,1479.9,1465.03,2400200.0,0.0019,3531653900.0
2025-11-21,1470.5,1466.6,1480.0,1456.0,4260700.0,0.0034000000000000002,6259873400.0
2025-11-24,1467.0,1452.0,1471.0,1451.13,3360700.0,0.0027,4901903700.0
2025-11-25,1458.0,1444.65,1458.0,1444.5,2844100.0,0.0023,4119930000.0
2025-11-26,1448.88,1449.15,1453.49,1443.58,2030600.0,0.0016,2938818100.0
2025-11-27,1449.5,1447.3,1450.0,1439.04,2228700.0,0.0018,3216797199.9999995
2025-11-28,1446.5,1450.5,1455.5,1443.0,2321100.0,0.0019,3366696599.9999995
2025-12-01,1451.0,1448.0,1462.27,1442.0,2733300.0,0.0022,3961995000.0
2025-12-02,1448.0,1436.03,1451.92,1435.02,2504700.0,0.002,3607543800.0
2025-12-03,1435.81,1429.1,1435.97,1428.0,2357300.0,0.0019,3370080100.0
2025-12-04,1429.1,1423.98,1432.5,1418.38,2907500.0,0.0023,4134921900.0
2025-12-05,1423.98,1430.01,1433.09,1419.5,2540200.0,0.002,3622681599.9999995
2025-12-08,1429.2,1418.22,1436.67,1418.0,3360300.0,0.0027,4789155800.0
2025-12-09,1418.23,1401.01,1421.0,1400.05,4263400.0,0.0034000000000000002,5995722100.0
2025-12-10,1400.0,1402.8,1402.8,1383.18,3313300.0,0.0026,4625906100.0
2025-12-11,1406.66,1411.99,1411.99,1401.55,2238500.0,0.0018,3149974099.9999995
2025-12-12,1418.0,1420.65,1425.0,1413.57,3715900.0,0.003,5273563300.0
2025-12-15,1439.59,1426.0,1439.99,1425.57,3335900.0,0.0027,4774362100.0
2025-12-16,1426.2,1422.0,1428.78,1415.0,2396400.0,0.0019,3403139200.0
2025-12-17,1425.0,1433.1,1439.94,1417.68,3138200.0,0.0025,4489482100.0
2025-12-18,1433.5,1431.0,1438.88,1426.11,1783000.0,0.0014000000000000002,2551177700.0
2025-12-19,1410.0,1410.0,1412.45,1401.01,2650900.0,0.0021,3733028400.0000005
2025-12-22,1410.0,1408.26,1414.14,1406.58,2042600.0,0.0016,2881636900.0
2025-12-23,1408.26,1407.86,1412.93,1397.19,2450700.0,0.002,3445377000.0
2025-12-24,1404.99,1400.9,1406.36,1400.0,2518700.0,0.002,3533253600.0
2025-12-25,1405.0,1414.17,1419.48,1401.38,2338600.0,0.0019,3299572100.0
2025-12-26,1414.17,1414.13,1419.14,1410.0,1780300.0,0.0014000000000000002,2520605600.0
2025-12-29,1414.13,1402.0,1414.13,1401.0,2630800.0,0.0021,3694660100.0
2025-12-30,1401.0,1389.72,1401.9,1386.0,3379200.0,0.0027,4702489800.0
2025-12-31,1390.0,1377.18,1394.0,1377.17,3476600.0,0.0028000000000000004,4799456500.0
2026-01-05,1385.0,1426.0,1431.88,1385.0,7094900.0,0.005699999999999999,10018086400.0
2026-01-06,1432.55,1428.01,1436.97,1416.53,3958600.0,0.0032,5649710200.0
2026-01-07,1432.88,1423.36,1435.0,1420.2,2968400.0,0.0024,4234255300.0000005
2026-01-08,1423.33,1412.3,1423.36,1408.14,2913500.0,0.0023,4117925000.0
2026-01-09,1417.0,1419.1,1428.6,1416.01,2984800.0,0.0024,4243865400.0
2026-01-12,1419.1,1423.23,1431.0,1417.1,3608300.0,0.0029,5135636000.0
2026-01-13,1426.79,1411.0,1429.52,1408.99,3916900.0,0.0031,5555633800.0
2026-01-14,1411.0,1398.01,1422.25,1396.18,5175800.0,0.0040999999999999995,7285041200.0
2026-01-15,1396.02,1388.89,1402.83,1388.58,4090700.0,0.0033,5698739700.0
2026-01-16,1395.0,1382.0,1397.5,1380.0,5512100.0,0.0044,7643062000.0
2026-01-19,1381.9,1376.0,1387.49,1375.0,4228600.0,0.0034000000000000002,5833745400.0
2026-01-20,1379.5,1373.55,1381.58,1372.05,3648400.0,0.0029,5021900800.0
2026-01-21,1373.56,1351.06,1374.4,1350.0,6451600.0,0.0052,8775880800.0
2026-01-22,1352.01,1340.06,1361.76,1337.48,5901100.0,0.004699999999999999,7962441400.0
2026-01-23,1340.1,1337.0,1348.0,1332.47,6194900.0,0.0049,8301311500.0
2026-01-26,1340.51,1342.0,1355.0,1325.12,8016600.0,0.0064,10751225500.0
2026-01-27,1344.98,1343.01,1353.7,1338.0,4841600.0,0.0039000000000000003,6514513199.999999
2026-01-28,1343.04,1323.69,1346.71,1322.01,7621800.0,0.0060999999999999995,10135019500.0
2026-01-29,1335.0,1437.72,1445.0,1329.06,18953400.0,0.0151,26305591100.0
2026-01-30,1435.0,1401.0,1435.0,1401.0,9448000.0,0.0075,13366329400.0
2026-02-02,1425.0,1427.0,1458.58,1411.62,8572400.0,0.0068000000000000005,12312646399.999998
2026-02-03,1445.0,1474.92,1476.81,1443.03,8632100.0,0.0069,12628439700.0
2026-02-04,1485.0,1525.0,1533.27,1474.0,10912300.0,0.0087,16444346000.0
2026-02-05,1520.0,1555.0,1565.0,1515.0,9162300.0,0.0073,14183456500.0
2026-02-06,1555.0,1515.01,1568.0,1505.88,7896500.0,0.0063,12019878700.000002
2026-02-09,1518.0,1524.96,1542.88,1513.49,5116800.0,0.0040999999999999995,7809067700.0
2026-02-10,1524.97,1504.8,1524.97,1496.5,3957600.0,0.0032,5953269300.000001
2026-02-11,1504.8,1504.33,1514.0,1496.0,3092800.0,0.0025,4648360000.0
2026-02-12,1500.2,1486.6,1502.82,1473.36,4624600.0,0.0037,6874370100.0
2026-02-13,1486.6,1485.3,1507.8,1470.58,4167900.0,0.0033,6216379200.0
2026-02-24,1521.0,1466.8,1524.4,1463.6,4191300.0,0.0033,6198840600.000001
2026-02-25,1470.0,1491.66,1509.66,1467.88,3688100.0,0.0029,5490316100.0
2026-02-26,1486.6,1466.21,1489.49,1464.67,3295800.0,0.0026,4855471400.0
2026-02-27,1466.99,1455.02,1476.21,1455.02,3216000.0,0.0026,4697692500.0
2026-03-02,1450.0,1440.11,1457.0,1436.66,3545400.0,0.0028000000000000004,5115063500.0
2026-03-03,1440.1,1426.19,1452.87,1422.13,4589100.0,0.0037,6565381600.0
2026-03-04,1415.0,1401.18,1423.0,1392.09,4801400.0,0.0038,6743267100.0
2026-03-05,1406.0,1399.04,1412.96,1395.0,3050500.0,0.0024,4276226100.0
2026-03-06,1395.0,1402.0,1407.5,1388.0,2915400.0,0.0023,4072328800.0
2026-03-09,1390.0,1397.0,1404.9,1383.2,3744200.0,0.003,5220095600.0
2026-03-10,1404.9,1401.88,1409.49,1398.0,2462600.0,0.002,3457808900.0
2026-03-11,1402.99,1400.0,1405.99,1398.02,2445700.0,0.002,3425363900.0
2026-03-12,1395.0,1392.0,1403.95,1391.01,2758600.0,0.0022,3850521700.0
2026-03-13,1392.48,1413.64,1417.62,1392.0,3360800.0,0.0027,4738808600.0
2026-03-16,1420.0,1460.18,1466.0,1420.0,6008600.0,0.0048,8711525800.0
2026-03-17,1468.0,1485.0,1498.07,1461.19,4945400.0,0.0039000000000000003,7347310600.000001
2026-03-18,1489.0,1468.8,1496.5,1463.15,3555100.0,0.0028000000000000004,5239992500.0
2026-03-19,1472.96,1452.87,1473.0,1446.0,3031900.0,0.0024,4404953500.0
2026-03-20,1452.96,1445.0,1462.5,1439.0,2613200.0,0.0021,3782818300.0
2026-03-23,1433.33,1408.07,1435.0,1400.03,4725600.0,0.0038,6669708700.0
2026-03-24,1416.0,1407.33,1417.59,1400.18,2856200.0,0.0023,4017694400.0
2026-03-25,1410.11,1410.27,1417.87,1401.01,2609300.0,0.0021,3677905500.0
2026-03-26,1409.0,1401.18,1413.9,1400.3,2309300.0,0.0018,3243387500.0
2026-03-27,1400.0,1416.02,1426.0,1396.66,3008700.0,0.0024,4257499800.0
2026-03-30,1407.0,1420.0,1431.0,1402.52,2868500.0,0.0023,4060684900.0
2026-03-31,1468.0,1450.0,1479.93,1448.41,6169100.0,0.0049,9015486800.0
2026-04-01,1464.49,1459.44,1469.99,1452.88,2912500.0,0.0023,4256185500.0
2026-04-02,1459.44,1459.88,1464.88,1452.1,2106400.0,0.0017000000000000001,3071809800.0
2026-04-03,1459.54,1460.0,1469.96,1455.0,2019400.0,0.0016,2953993100.0
2026-04-07,1460.05,1440.02,1470.0,1435.05,2415200.0,0.0019,3507471700.0
2026-04-08,1460.0,1465.02,1469.08,1452.13,3383600.0,0.0027,4947937000.0
2026-04-09,1465.02,1460.49,1465.02,1447.5,2070500.0,0.0017000000000000001,3012278600.0
2026-04-10,1459.14,1453.96,1459.71,1441.1,2886600.0,0.0023,4187181500.0
2026-04-13,1444.0,1443.31,1446.5,1433.0,2521400.0,0.002,3629675500.0
2026-04-14,1442.6,1446.9,1448.6,1435.0,2423300.0,0.0019,3492544200.0
2026-04-15,1444.98,1467.5,1470.79,1442.0,3455300.0,0.0028000000000000004,5049317200.0
2026-04-16,1467.45,1462.84,1477.41,1460.0,2451300.0,0.002,3597294800.0
2026-04-17,1400.0,1407.24,1421.0,1399.87,9682500.0,0.0077,13631929400.0
2026-04-20,1403.0,1410.89,1413.94,1400.0,3645100.0,0.0029,5127146000.0
2026-04-21,1411.0,1412.01,1419.9,1410.0,2175400.0,0.0017000000000000001,3074595200.0
2026-04-22,1415.0,1409.5,1419.0,1404.98,2691600.0,0.0021,3793827500.0
2026-04-23,1408.0,1419.0,1419.7,1405.1,3770100.0,0.003,5332831200.0
2026-04-24,1413.1,1458.49,1458.88,1413.1,5545500.0,0.0044,8003411000.0
2026-04-27,1420.0,1403.2,1420.0,1402.2,7279800.0,0.0058,10239763500.0
2026-04-28,1402.0,1405.0,1409.39,1400.11,3400400.0,0.0027,4772513700.0
2026-04-29,1405.0,1401.17,1409.75,1400.28,3481300.0,0.0028000000000000004,4881691300.0
2026-04-30,1400.0,1384.79,1401.17,1380.0,5275300.0,0.0042,7316111700.0
2026-05-06,1365.1,1375.0,1379.0,1360.05,4780600.0,0.0038,6550750900.0
2026-05-07,1375.0,1371.05,1388.0,1370.01,4046100.0,0.0032,5573286300.0
2026-05-08,1371.66,1372.99,1382.77,1370.0,3336900.0,0.0027,4582855900.0
2026-05-11,1372.89,1361.33,1372.89,1361.0,5713500.0,0.0046,7790721400.0
2026-05-12,1362.0,1354.55,1363.58,1350.5,5083700.0,0.0040999999999999995,6886305000.0
2026-05-13,1354.5,1344.09,1358.6,1338.0,5696800.0,0.0045000000000000005,7653257100.0
2026-05-14,1338.0,1342.17,1369.06,1335.18,5524400.0,0.0044,7428592900.0
2026-05-15,1335.15,1332.95,1339.28,1327.11,5818400.0,0.0046,7749366500.0
2026-05-18,1336.0,1323.0,1342.68,1319.61,4966100.0,0.004,6594983700.0
2026-05-19,1321.9,1324.3,1329.99,1318.0,4325500.0,0.0034999999999999996,5719170300.0
2026-05-20,1321.0,1315.0,1332.99,1314.0,4748700.0,0.0038,6271273700.0
2026-05-21,1312.98,1311.0,1323.52,1311.0,3886800.0,0.0031,5112740400.0
2026-05-22,1310.95,1290.2,1311.91,1290.12,4915700.0,0.0039000000000000003,6372389500.0
2026-05-25,1287.0,1285.88,1304.79,1277.0,4635300.0,0.0037,5978725200.0
2026-05-26,1285.35,1273.38,1289.89,1270.01,4593200.0,0.0037,5867830600.000001
2026-05-27,1268.02,1303.0,1319.0,1250.1,8272800.0,0.0066,10586574900.0
2026-05-28,1290.0,1275.98,1304.0,1271.0,4589000.0,0.0037,5895475000.0
2026-05-29,1270.6,1326.0,1329.0,1270.0,7647800.0,0.0060999999999999995,10037388200.0
2026-06-01,1327.0,1309.6,1327.0,1301.31,4384500.0,0.0034999999999999996,5741133300.0
2026-06-02,1306.0,1307.22,1326.36,1301.0,3636200.0,0.0029,4769963100.0
2026-06-03,1304.0,1281.91,1304.0,1276.0,5247700.0,0.0042,6743202700.0
2026-06-04,1278.99,1268.0,1288.99,1266.69,3350600.0,0.0027,4273269300.0
2026-06-05,1278.0,1272.86,1283.0,1267.74,3130400.0,0.0025,3984001900.0
2026-06-08,1272.0,1262.98,1278.0,1260.0,3082800.0,0.0025,3898027100.0
2026-06-09,1262.99,1256.0,1263.0,1252.55,2786000.0,0.0022,3500590700.0
2026-06-10,1252.08,1275.88,1282.0,1250.21,3924400.0,0.0031,4991686400.0
2026-06-11,1272.12,1279.0,1282.88,1266.91,2535200.0,0.002,3230008200.0
2026-06-12,1271.18,1291.91,1295.0,1265.01,5049500.0,0.004,6477910200.0
2026-06-15,1292.7,1271.1,1292.7,1270.1,4158600.0,0.0033,5303656100.0
2026-06-16,1267.01,1255.67,1267.88,1255.0,3497000.0,0.0028000000000000004,4399957600.0
2026-06-17,1258.0,1240.0,1259.77,1238.56,4480300.0,0.0036,5581256300.0
2026-06-18,1235.0,1215.0,1238.87,1211.22,5747200.0,0.0046,7016713900.0
2026-06-22,1214.31,1241.41,1252.8,1205.0,5825100.0,0.004699999999999999,7163236300.0
2026-06-23,1239.0,1222.45,1264.0,1217.0,5800400.0,0.0046,7179745900.0
2026-06-24,1222.65,1207.68,1241.87,1207.51,4533500.0,0.0036,5516574500.0
2026-06-25,1207.0,1212.1,1227.0,1200.0,4844600.0,0.0039000000000000003,5860481800.000001
2026-06-26,1199.0,1168.63,1199.0,1168.1,5006600.0,0.004,5922014100.0
2026-06-29,1169.0,1194.96,1215.0,1151.01,6687800.0,0.0053,7949237800.0
2026-06-30,1187.0,1185.49,1195.67,1176.0,3960800.0,0.0032,4684236200.0
2026-07-01,1180.1,1193.01,1196.8,1166.33,4247400.0,0.0034000000000000002,5033838200.0
2026-07-02,1193.01,1203.0,1215.52,1190.51,5087000.0,0.0040999999999999995,6122360900.0
2026-07-03,1205.24,1194.45,1210.14,1185.0,3426800.0,0.0027,4099266200.0
2026-07-06,1186.0,1206.91,1215.0,1180.0,4097000.0,0.0033,4913750700.0
2026-07-07,1200.0,1188.8,1202.0,1188.11,2736500.0,0.0022,3264967800.0000005
2026-07-08,1188.77,1199.3,1200.98,1177.0,2577600.0,0.0021,3071933500.0
2026-07-09,1191.0,1182.19,1191.99,1178.0,3409600.0,0.0027,4035216900.0
2026-07-10,1182.2,1204.98,1204.98,1170.28,5221300.0,0.0042,6223343600.0
2026-07-13,1197.12,1210.99,1215.0,1190.19,4198300.0,0.0034000000000000002,5056689600.0
2026-07-14,1208.99,1214.88,1226.87,1205.0,4352700.0,0.0034999999999999996,5294785000.0
2026-07-15,1203.66,1251.06,1256.6,1198.66,7194400.0,0.0058,8922861400.0
2026-07-16,1252.0,1258.99,1267.97,1245.05,4761100.0,0.0038,5987570900.0
2026-07-17,1269.01,1253.0,1269.33,1238.98,5841700.0,0.004699999999999999,7322732700.0
2026-07-20,1270.0,1327.5,1329.0,1266.0,10615100.0,0.0085,13898351100.000002
2026-07-21,1338.98,1308.0,1344.7,1296.87,7714800.0,0.0062,10174304100.0
2026-07-22,1300.0,1305.0,1308.0,1283.24,6518100.0,0.0052,8431141800.000001
2026-07-23,1299.8,1292.01,1303.0,1285.43,3391800.0,0.0027,4392505600.0
2026-07-24,1305.0,1297.41,1309.21,1286.2,3569900.0,0.0029,4622242900.0
2026-07-27,1308.0,1289.5,1308.0,1279.58,3199000.0,0.0026,4129228600.0
2026-07-28,1299.0,1320.0,1320.0,1289.52,5313500.0,0.0043,6960058100.000001
2026-07-29,1333.83,1321.0,1343.48,1312.06,6233000.0,0.005,8282396800.000001
2026-07-30,1323.0,1361.76,1362.0,1322.0,7187300.0,0.005699999999999999,9712135400.0
2026-07-31,1330.03,1350.6,1355.72,1325.77,5512800.0,0.0044,7373462600.0
2026-08-03,1350.6,1358.98,1363.35,1346.0,3614700.0,0.0029,4898665300.0
2026-08-04,1350.06,1328.36,1350.94,1328.36,3745000.0,0.003,5004070400.0
2026-08-05,1328.36,1306.45,1333.8,1303.5,4268900.0,0.0034000000000000002,5600615300.0
2026-08-06,1310.0,1308.55,1314.4,1300.01,2546300.0,0.002,3326230800.0
2026-08-07,1308.66,1309.22,1315.28,1301.0,2497600.0,0.002,3266919400.0
2026-08-10,1325.0,1348.86,1359.97,1318.08,6268600.0,0.005,8428304300.000001
2026-08-11,1348.0,1346.5,1352.65,1338.0,2707300.0,0.0022,3640046400.0
2026-08-12,1346.5,1343.0,1356.88,1332.51,3506000.0,0.0028000000000000004,4717613100.0
2026-08-13,1338.0,1355.29,1359.6,1337.0,3235300.0,0.0026,4376205600.0
2026-08-14,1355.0,1341.99,1359.0,1338.14,2985300.0,0.0024,4024065600.0
2026-08-17,1295.0,1293.09,1301.0,1280.34,7843000.0,0.0063,10114852200.0
2026-08-18,1291.0,1297.99,1302.9,1285.17,3872300.0,0.0031,5007014700.0
2026-08-19,1300.0,1307.88,1308.88,1290.5,3754800.0,0.003,4876774800.0
2026-08-20,1299.8,1291.5,1306.88,1291.0,2533200.0,0.002,3280474200.0
2026-08-21,1291.5,1272.83,1291.5,1272.01,3347200.0,0.0027,4278311000.0
2026-08-24,1271.01,1304.66,1313.8,1270.33,4844000.0,0.0039000000000000003,6299794399.999999
2026-08-25,1311.89,1304.0,1317.0,1301.11,2111100.0,0.0017000000000000001,2757527100.0
2026-08-26,1300.0,1302.8,1314.45,1295.0,2173100.0,0.0017000000000000001,2838764000.0
2026-08-27,1304.0,1292.3,1305.0,1288.0,2476700.0,0.002,3203715700.0
2026-08-28,1289.0,1297.4,1297.89,1288.0,1612600.0,0.0013,2086008400.0
2026-08-31,1297.99,1299.52,1305.0,1286.0,2324800.0,0.0019,3003033700.0
2026-09-01,1295.0,1299.56,1307.99,1286.1,3266400.0,0.0026,4242440900.0000005
2026-09-02,1302.8,1297.5,1303.0,1291.2,2030800.0,0.0016,2634084200.0
2026-09-03,1297.5,1298.88,1305.0,1293.02,1774800.0,0.0014000000000000002,2305193100.0
2026-09-04,1295.88,1330.0,1338.86,1295.6,4541600.0,0.0036,6022594700.0
2026-09-07,1324.0,1316.01,1333.6,1312.66,2525000.0,0.002,3336029500.0
2026-09-08,1318.0,1309.3,1323.0,1309.05,1753400.0,0.0014000000000000002,2302823800.0
2026-09-09,1305.01,1290.88,1309.3,1286.68,3222600.0,0.0026,4168500500.0
2026-09-10,1291.0,1285.13,1294.99,1282.0,1890000.0,0.0015,2428698800.0
2026-09-11,1285.15,1275.16,1286.15,1263.01,3480100.0,0.0028000000000000004,4430841400.0
2026-09-14,1277.27,1277.96,1285.53,1270.36,1657100.0,0.0013,2116621900.0
2026-09-15,1281.0,1272.75,1284.5,1271.28,1376200.0,0.0011,1756915100.0
2026-09-16,1273.93,1258.0,1274.98,1254.1,2623500.0,0.0021,3307926400.0
