date,601166,601009,600519,000858,000651,002032,600886,600025,600276,600436
2021-01-04,0.07897324737867718,0.014728191746691441,0.4571797068504688,0.20635015760980807,0.06787237287094305,0.011664331884535504,0.010962831747671806,0.0146231453326648,0.10824792101107367,0.02939809356746556
2021-01-05,0.07423953199736595,0.014595788458632098,0.45623085045235345,0.21040175434931815,0.06881571084971688,0.011478706514700216,0.011059573348878625,0.014632838652705095,0.10782524059849408,0.03072000477783555
2021-01-06,0.06902161926386788,0.014085450962276466,0.4557520399540995,0.218803290639151,0.06915997203454066,0.010884622209351979,0.01061478059010938,0.01382542003570231,0.10635255812341783,0.031500246187483184
2021-01-07,0.0709387070559464,0.013942240987971382,0.45657212343006803,0.22055384120209257,0.06670758090592067,0.010945184782643289,0.010729948781308424,0.013925541651384639,0.10493878035806958,0.030746050844595106
2021-01-08,0.07128170148748351,0.013751763727475766,0.4589122884344699,0.21866712752235706,0.0664432037714737,0.01122736693696428,0.010607140305830853,0.013550926192510842,0.10467014325678356,0.030888338364650603
2021-01-11,0.07356497801346157,0.013916525464116751,0.45753845932782894,0.214434286876046,0.067829086907564,0.011833584484327777,0.010791967423398968,0.013708099021415053,0.10519946576826103,0.03118354671357977
2021-01-12,0.07520864435531856,0.014095663156475674,0.4655855220015501,0.20636907971882767,0.066313023095323,0.011942430213617497,0.01068497069669049,0.0137256916145861,0.10474667415065904,0.031328300996952045
2021-01-13,0.07454962538291816,0.013847646748711764,0.4672055455655294,0.20710408241268216,0.06591288553754669,0.011949996571687138,0.010406641413687788,0.013166693507467749,0.10470514642113964,0.031151736438629632
2021-01-14,0.0754575120821314,0.013815764325639671,0.46796265522953095,0.20402202985547022,0.06722995522238195,0.011758571144882221,0.01068437664908563,0.013293082768813386,0.10332030288240372,0.0324557498396609
2021-01-15,0.07810674451349027,0.014010005553901717,0.4720836788030126,0.19782298192795156,0.06686855399406336,0.011920433267133237,0.010954525613968567,0.013630365544795969,0.1034514074022263,0.031151303379456312
2021-01-18,0.08377683134800366,0.01462470628046964,0.46443125038588945,0.19830525258287232,0.06772676597711356,0.011827641113819629,0.010971900857996878,0.013904149956765302,0.10398501469101507,0.03044648680605436
2021-01-19,0.08947828314956782,0.015043887720008402,0.4610584591282816,0.19650291752607563,0.06823943866839408,0.01204124944331034,0.010893393378719144,0.013706135222387847,0.10228346600587823,0.030752769757377032
2021-01-20,0.09000380844038879,0.015395824002470027,0.45796157137602145,0.1982405633415495,0.06867197887692808,0.01189501201205,0.01117198356266346,0.014107780731371491,0.10152008787999484,0.031031389776562317
2021-01-21,0.08694653989677958,0.015079150889331297,0.4620492490239773,0.19929383841124726,0.0661430484956824,0.011839775714682923,0.010973697383147216,0.013951051240924073,0.10183943951198023,0.031884209432247596
2021-01-22,0.08602149754056097,0.01477993697104401,0.4599491748559237,0.20388086832716543,0.06529128564359317,0.011662308639922118,0.010707222324982125,0.01391346859907341,0.10199410863954944,0.031800128458185556
2021-01-25,0.0840726371124418,0.014517871709411255,0.46114491486475145,0.20248079303911357,0.06394811728736838,0.01150626887157403,0.010560761580647223,0.01391467656607897,0.10595756856475746,0.031896390403855765
2021-01-26,0.08119430424086063,0.01394771463717074,0.46611561290081793,0.20904936869926946,0.06159716875703523,0.01150024341770482,0.010101150923138518,0.013265774553030334,0.10137328644119753,0.03185537542977493
2021-01-27,0.08267064322784985,0.014168901437906535,0.46859342327497294,0.20671012443547687,0.0618132257692249,0.011448381635646585,0.010360350347468196,0.0136678433192031,0.09935548962592138,0.031211616926329677
2021-01-28,0.08640250386699345,0.014411859901410473,0.46543156630840254,0.2014260686477726,0.06338803917611065,0.011698351011050111,0.010699237596161076,0.014110881360680822,0.10082428182018095,0.031607210311237505
2021-01-29,0.08639973323382039,0.014315543117542483,0.4702067122557772,0.1990114250679673,0.06178279096225005,0.011541420670016402,0.011013984491855023,0.014488357302656227,0.1000341128554959,0.03120592004261896
2021-02-01,0.08528889232756978,0.014228234115676816,0.4724621405347724,0.20084911927786284,0.060193995754474997,0.011616009599167679,0.010758500132043167,0.014268021103197229,0.0983226183165638,0.03201246883867127
2021-02-02,0.0885882443297675,0.014608571064624598,0.46943599661289903,0.2010025289271508,0.060141511531742305,0.011622784460833837,0.01069967437238036,0.014318408071945714,0.09686762394861807,0.032714656680037736
2021-02-03,0.08488525389923612,0.01426542345162477,0.4667297895260193,0.20447341609603212,0.06213458538209463,0.011228450938513953,0.010328316421348677,0.014030243710664617,0.09789334179064893,0.034031178783816826
2021-02-04,0.08749928510211981,0.014356875422097123,0.46929247987863804,0.20444568123157927,0.06036326455308972,0.011023551805047266,0.010183936801205027,0.01381797232748028,0.09550270920619469,0.033514243672548835
2021-02-05,0.08522254264382814,0.013788985929570433,0.48284692115398825,0.2016007273206991,0.05837357112802672,0.010742836655650026,0.009621571028782845,0.013355338034790205,0.09077464797033949,0.0336728581343247
2021-02-08,0.08760412897064816,0.014186561025051236,0.47565083491073074,0.20318442404888928,0.05804343859846509,0.010865968014763364,0.009350697948878904,0.013436679242890852,0.09365294033554764,0.034024326904134566
2021-02-09,0.08941598800376713,0.014298315653222642,0.4787995142306272,0.1998614028295335,0.05695453908043753,0.010398835448298387,0.009302955520744218,0.013004274385026174,0.09117712984028388,0.036787045008059426
2021-02-10,0.08720975852799694,0.013961320448609357,0.48317735954008967,0.2002678561316604,0.055603910732169415,0.010602973227996903,0.008976758964184624,0.01240136061972291,0.09161702891868063,0.03618167288888917
2021-02-18,0.08347270429136568,0.013312492303180738,0.4928156929823341,0.20060814364861743,0.05488556407348699,0.01007839438366705,0.008699455257726,0.012461529180987092,0.08781645056932573,0.0358495733093093
2021-02-19,0.08962345618582136,0.01374716176554043,0.4829236529009188,0.2013980291191436,0.056594740251688175,0.010340750783047066,0.009103377722501395,0.01271382007724303,0.08701423057878707,0.03654078061530894
2021-02-22,0.0863123235942206,0.013646587343753758,0.4799743647520548,0.20763459950199817,0.05702386844804446,0.010074871450621449,0.009304626229445258,0.013056124795261073,0.08708484381897265,0.03588779006562796
2021-02-23,0.0890649551285266,0.014578034161967708,0.4774331591041739,0.20185243351140955,0.05843734779447398,0.010638413135774624,0.009951046576303415,0.013993072749763457,0.08857379528289427,0.035477742554712435
2021-02-24,0.0906351799956299,0.014729453229732101,0.4787512361259871,0.20198843947991535,0.05669546653017778,0.010673610386868995,0.009735319795691947,0.013737849868922467,0.08869534938744994,0.03435809519962431
2021-02-25,0.09230782051051073,0.015599959798476391,0.47524340111151947,0.19661206425245806,0.059553009557987355,0.011485846834338823,0.010076584174348646,0.014092336744333247,0.0918701777181386,0.033158799297888696
2021-02-26,0.09472399235314616,0.01613813070734593,0.46985661598756984,0.1950868852044144,0.06263562453219582,0.010983132787110998,0.010240027923374013,0.014154019773648179,0.09372862994626595,0.03245294078492871
2021-03-01,0.09103655212212966,0.015636294417919833,0.47348862099807415,0.19298174844087027,0.06302123964011305,0.010978146504581728,0.01032781809496347,0.01428652346762263,0.09637433661482904,0.03186871969889608
2021-03-02,0.0905080680184703,0.015349480510170925,0.4741316213931032,0.19621356272891147,0.06358145256743154,0.010675777751258352,0.010173057549887558,0.01394651451962617,0.09354073441326562,0.0318797305478746
2021-03-03,0.09318421485355213,0.015828752182251212,0.4662789919553782,0.19651537636564065,0.06581626837917513,0.010792904375899701,0.01059121047046476,0.014641699757617154,0.09457664573186648,0.03177393592815461
2021-03-04,0.09440498277864864,0.016897824779351516,0.47040361924713436,0.19378149368438058,0.06337000526255077,0.010458227559550504,0.010409558189710387,0.014205217890719303,0.09455613208931211,0.031512938518641904
2021-03-05,0.09604611906816107,0.017738282021332822,0.4666922532032948,0.1889010336020026,0.06469490079571655,0.010608210133976826,0.011265592280732765,0.014966459905876561,0.09791930887695158,0.03116784011195434
2021-03-08,0.09390199179432936,0.017509545693513387,0.47167998410513884,0.188541907548092,0.06373642949478532,0.010370979084747989,0.01113458860921413,0.014697705042606651,0.09746911762472132,0.030957751002850926
2021-03-09,0.09513259638090024,0.018623350450596488,0.4743404408040685,0.18283805440976195,0.06561971159490387,0.010693263390482127,0.012346374728440697,0.01602103368921318,0.09462307889658275,0.029762095655050263
2021-03-10,0.09385528007769604,0.018660771715215536,0.47363617113333706,0.18322421609979544,0.0679165860757063,0.010644400311661568,0.012230425483916785,0.01618728209422052,0.09525210912572757,0.02839275788272301
2021-03-11,0.09086824002400579,0.018032607834634992,0.4728992965443819,0.1873644660889084,0.06738704650424004,0.010462255343332696,0.012126519226224167,0.016097579069893446,0.09516038227347258,0.02960160709090594
2021-03-12,0.09118020131633393,0.018130012930773372,0.4746461586543322,0.18980388055399106,0.06502702522863835,0.010264620615277834,0.011913443175994702,0.01710258367118529,0.09195339879731913,0.029978675056154397
2021-03-15,0.0919763220763468,0.018614931693199502,0.47107300578690875,0.18999667247453803,0.06513808913345927,0.010261496413869892,0.013125446939725671,0.018890624386518846,0.0909791042736742,0.02994430682175895
2021-03-16,0.09506990977217021,0.019143276563020267,0.471418082505132,0.185090813931434,0.06603103481822234,0.010474075473895643,0.013391778364346843,0.019046266946369544,0.09074209384207867,0.029592667783330483
2021-03-17,0.09506501407378155,0.018719213826710736,0.46962055126640706,0.1893987219799403,0.06711577937037612,0.01033315284569748,0.013380146959416838,0.018508985896069863,0.08842361069989241,0.029434823081707785
2021-03-18,0.09210411718864715,0.018908683068079413,0.4715598574350786,0.1896841400292207,0.06918063346120559,0.010573393287142964,0.012569880298536448,0.018070829366944628,0.08735838348487159,0.02999008238027316
2021-03-19,0.09033702548526328,0.018347371269417597,0.4738453905526652,0.1912817483876259,0.06852351755305311,0.01046159852668944,0.012403417711279946,0.01807570879413082,0.08668657903292275,0.030037642686951804
2021-03-22,0.09046599737925656,0.018335731692177695,0.47353614148330747,0.18984608883562212,0.06769221026897054,0.010625164222067891,0.012724290508230464,0.018870497853588256,0.08804313502111294,0.029860742735666104
2021-03-23,0.09215932638413142,0.019143893758903373,0.4693106152462063,0.18910390279208744,0.06882437943258704,0.010665526545415669,0.013129879541872752,0.019667399734907384,0.08819495627325646,0.029800120290632066
2021-03-24,0.09104005197853177,0.019092426740248223,0.4703856983673941,0.1909689302054053,0.06930475620935435,0.010565349346179897,0.012767494549483732,0.018437443027292968,0.08767071670453867,0.02976713287157073
2021-03-25,0.0885628041620927,0.018834414484688266,0.47215105060817414,0.19129667025214794,0.06974147288728476,0.010741625223259716,0.012807859740012018,0.018673812694052824,0.08717094468186314,0.030019345266424535
2021-03-26,0.08977126357899222,0.018736817371257368,0.4711299805789885,0.18906615774995295,0.07026052203046859,0.010766284554944416,0.012737818326116212,0.018563842731960576,0.08849710305192113,0.03047021002539807
2021-03-29,0.08944940067089804,0.018604143453421196,0.4687118284800254,0.19134441025177035,0.06870909107078929,0.0106001679489906,0.012588799011141632,0.018350136738543077,0.09014907420869375,0.03149294816572643
2021-03-30,0.08834302648264557,0.018497480501408026,0.4685735155194123,0.19367415292446713,0.06891397720319158,0.010592513514521295,0.01264614561345972,0.018385485810112626,0.0885129923231214,0.0318607101076604
2021-03-31,0.08768410588840989,0.018481315954696882,0.469489893369313,0.19294788912595306,0.06790700035005767,0.010619326338282218,0.012396320983417536,0.018486534275118628,0.09071466249259096,0.031272951222160304
2021-04-01,0.09201030101437965,0.01861918578325656,0.4639952148165266,0.19124478180590973,0.06934760655709396,0.010801216964964507,0.012717459371011049,0.01916137212887926,0.09027242360073556,0.03183043795724317
2021-04-02,0.09068851123632607,0.018239913117304912,0.465797561395298,0.19224437269957984,0.06844090662802191,0.010839551219244802,0.012507278938732939,0.018281532517140476,0.09075142163900161,0.03220895060934963
2021-04-06,0.08536654130959584,0.01734205724524953,0.4773454444576373,0.19413533574370015,0.06601921526252594,0.0107080523255388,0.012035057120432093,0.01743183747340305,0.08685047183833658,0.03276598722358072
2021-04-07,0.08736052548247711,0.017507507778582364,0.4738819791444211,0.1961252163760338,0.06546424154283786,0.010868487730267825,0.012174596629584153,0.017949468667773954,0.0859951092994614,0.0326728673485603
2021-04-08,0.08784760612798961,0.01812529455160417,0.46987886986788097,0.1908052894953692,0.06734148041767288,0.011158433930960469,0.012490574490676715,0.01865342170601522,0.08774623677372292,0.03595279263810785
2021-04-09,0.08729298902822881,0.017827648496289525,0.4693541340715734,0.1913259341950906,0.06715840555597966,0.011033784332657452,0.012309220153806371,0.018584068921861218,0.08896092773066572,0.03615288751384715
2021-04-12,0.08885339959994089,0.017993390705423853,0.467006804057971,0.18952335463114015,0.06825512876925412,0.011164215532029124,0.012537999229399674,0.01908133686309625,0.08949025414086129,0.0360941164708835
2021-04-13,0.08818503433514814,0.017963339706235947,0.46942835472533917,0.18844762803967227,0.06736588564394172,0.01098938647156636,0.012996656481302719,0.021228382104450376,0.08879547006846453,0.03459986242387897
2021-04-14,0.08718442367130395,0.017632091143016414,0.47186220234598564,0.18966758275689855,0.06615776375686384,0.010937442129357268,0.012739768041809336,0.020742210769498486,0.08817598965857606,0.03490052572669034
2021-04-15,0.08363974650497216,0.01733066873114033,0.47731481244312396,0.1900564353900084,0.06690972497730222,0.011138202126362514,0.013137064211353881,0.02061516000646366,0.08463769472584393,0.03522049088342894
2021-04-16,0.08205082598566503,0.017496819855449843,0.4796397425073378,0.18808969316098983,0.06897819983881771,0.01124082930594895,0.013340727474886717,0.020526824979696524,0.08300151373653633,0.035634823154671175
2021-04-19,0.08123170026374876,0.01732644074550917,0.4832018813012028,0.1902148002683784,0.06855293157638498,0.01112574445453008,0.013012750523653287,0.01997975631489214,0.08045867481737763,0.03489531973432273
2021-04-20,0.08057403761061874,0.0170532966476322,0.48374920244940206,0.19018923421942327,0.06754524514403173,0.011181779979595888,0.01269299934592345,0.019686066039403233,0.08072147477410166,0.03660666378986745
2021-04-21,0.08159416251120678,0.0174501327056916,0.48455682205679995,0.1913750305285254,0.06644143126325967,0.01086775157606378,0.01272422572200478,0.01955548697861594,0.07884621274668162,0.03658874391115049
2021-04-22,0.08371101856417844,0.01790750291564375,0.47858291858901414,0.19256455269935718,0.06569256226651483,0.010721411386446025,0.012962987798759538,0.01938588631666819,0.08123100743124707,0.0372401520321708
2021-04-23,0.08294623590519506,0.017694340274339942,0.47708230649672817,0.1944926288776802,0.0657002707415485,0.010613414282312945,0.013346645670968715,0.019954532437344883,0.08097607293260511,0.03719355238127663
2021-04-26,0.08214590453661995,0.017279096339173898,0.47899973223605136,0.19650912607058063,0.06505418190485208,0.010724530055653781,0.013111105785236757,0.01855070327708681,0.08001256691182455,0.03761305288292026
2021-04-27,0.08239362377014442,0.01747805345855482,0.4803835920509473,0.19645658171574343,0.06476889382164754,0.010460232188745807,0.013320279445342585,0.01831976299868548,0.07999327516652516,0.036425705383663326
2021-04-28,0.0821828164415085,0.017626957587728653,0.47876601856310524,0.1990585568875669,0.06346933910790686,0.01032584910165596,0.012916567675203832,0.018440736651208506,0.08057570157090438,0.036637456413211276
2021-04-29,0.08190149892910163,0.01767096223255269,0.4703737112082874,0.20328210681522157,0.06404639742101013,0.010826948705097466,0.013028818100662374,0.01973799180176586,0.08101049709296732,0.03812106769333363
2021-04-30,0.08429573703729226,0.018118040642745678,0.465058483517479,0.20530200064907975,0.06540505093065198,0.01120725336855451,0.01295556300023727,0.019534031726235267,0.08021648636220197,0.03790735276552252
2021-05-06,0.08332501525005558,0.016930341530646178,0.4651034270999424,0.2041024800483616,0.06649354171813283,0.011363639671686505,0.012723380508882111,0.019460852819803948,0.08272844015403365,0.0377688811984553
2021-05-07,0.08683145558965902,0.017380976621824987,0.4620832975060271,0.20148390778271394,0.0677294937928846,0.012117394827405153,0.013092948440629693,0.019569461497127714,0.08221363299031746,0.03749743095141038
2021-05-10,0.08988792218364795,0.018027078474796374,0.45667352730912697,0.20176658191371466,0.06844663601705166,0.012210901493491494,0.013466821589021901,0.019943873865645393,0.08147264388237316,0.03810401327113047
2021-05-11,0.08838376445244242,0.018191067663925763,0.4564754671297169,0.19817154760309727,0.06961545778918836,0.012317075254862227,0.013861704866571607,0.021024958294829872,0.08282673828669576,0.03913221865866966
2021-05-12,0.08689428268442986,0.017679345805406185,0.46055555446206903,0.2000985822124084,0.0674380154649663,0.012068159554136522,0.01319306330453422,0.020144813405920694,0.08352836774988356,0.038399815356245176
2021-05-13,0.08702134529502059,0.01809527730090783,0.46317750871920704,0.20018801737915576,0.06605058250894753,0.011728887788561506,0.012932688830794776,0.019703145573239045,0.08242022108693038,0.03868232551723542
2021-05-14,0.08785086993160938,0.018310373948101567,0.46382357999902957,0.20064057818468553,0.06464678878321846,0.011776880869218097,0.012850197960797047,0.01914779876447802,0.08161060654748585,0.03934232501137641
2021-05-17,0.08726921628462345,0.01804502619880129,0.4617401505921564,0.20373682652482386,0.06352448376106198,0.011352376120511787,0.012573862073854388,0.01879682849786585,0.08174148526699909,0.04121974467930206
2021-05-18,0.08493175605828467,0.017666949607242636,0.463356928249131,0.2067600222246353,0.06284969261080374,0.011114093758860539,0.012510192683213068,0.018389421367328688,0.08159131765441141,0.04082962578608898
2021-05-19,0.08399844199960428,0.01755104116894112,0.46344191883513736,0.20826872497906188,0.06243203403765436,0.011089820559983728,0.012504284668997723,0.018026020877449308,0.08188709668189689,0.040800616191273155
2021-05-20,0.08070088066753696,0.01768801290006899,0.46377292331643244,0.21176715657751083,0.062227356024211304,0.011013757478387693,0.01253852541666097,0.01809723002666015,0.08170465743100228,0.040489500161528524
2021-05-21,0.08066347746600548,0.018178324466305597,0.46471546171996647,0.21168141916232544,0.06269233588626726,0.011078585450225836,0.012328489320714535,0.017788251189085356,0.08019411404196107,0.040679541297142796
2021-05-24,0.08090947208039191,0.017930791147241835,0.4666525237863388,0.20943121230403938,0.06292378364083552,0.011216176582817915,0.012557633780039181,0.0181074052582188,0.07969644788478332,0.04057455353529338
2021-05-25,0.08072495932590695,0.017637699671395553,0.4670084686508604,0.2124963977355243,0.06132852985991087,0.010966846842712319,0.012302588318264031,0.01789814775339842,0.07977202524914054,0.039864336592886546
2021-05-26,0.08217090495291567,0.017481799398179617,0.4712205413974951,0.21433107019746947,0.05747157632989274,0.010486363272730974,0.011811847908850065,0.017076390926919097,0.07860619908363903,0.039343306531908324
2021-05-27,0.08299069800095897,0.017638904198225603,0.4744803294672333,0.21067333367309055,0.05751149286318154,0.01043067148857699,0.011780647681537902,0.01702764182845282,0.07827710793129232,0.03918917286745018
2021-05-28,0.08093802856972965,0.017614128621267964,0.47730673384139355,0.20902957615248383,0.05909340168100518,0.010262590727055024,0.011600958145532641,0.016968790502907595,0.07787746955004281,0.039308322208581895
2021-05-31,0.08236662899325096,0.017527845835197127,0.4773024737704766,0.20958717684889938,0.058414121539218974,0.010192346727008948,0.011310954834839322,0.016530731198360668,0.07798276337442339,0.038784956878324665
2021-06-01,0.0820882053252176,0.01796596858047502,0.4764049558921531,0.20914348621330203,0.05790999060524776,0.009888816531507947,0.011493692861865934,0.01683513222777606,0.07866744108130154,0.03960231068115299
2021-06-02,0.07986261922972411,0.01778819665821107,0.4788518730080573,0.20844776937197287,0.057611315153233644,0.009918406424763108,0.011446262345830011,0.016748303674096538,0.07932272939168634,0.0400025247424249
2021-06-03,0.07988709434168234,0.018087896464173924,0.4800459323728855,0.2081729073399185,0.05798888084707533,0.009939430849315053,0.011644545704372065,0.0170570850506232,0.07734723790553992,0.039828989124414176
2021-06-04,0.07894911490388101,0.01803419643359621,0.480038375292112,0.20933047266449453,0.05790981401830655,0.009834342193252974,0.011583316544620074,0.016931315723645726,0.07570651988323113,0.04168253234285946
2021-06-07,0.07933656122272467,0.01768314693329245,0.4824198214203983,0.20875207898571946,0.057440267952669564,0.009772716193077638,0.011429988928188537,0.01657911823344541,0.07515632731286245,0.04142997281762148
2021-06-08,0.07872731763891445,0.01739569102322758,0.4852452756257063,0.2065937935903944,0.05664618074728315,0.00965384505830187,0.011421910712012269,0.0166248787961078,0.0747569653686959,0.042934141439356234
2021-06-09,0.08085289733686798,0.017698474040169682,0.483394964710729,0.20312191428285964,0.058353264712319414,0.010052826682683586,0.011683707116668883,0.01719780898749631,0.07769671801417874,0.039947424116026836
2021-06-10,0.07984398743718038,0.017741888622898303,0.48357936608617724,0.20142906617463444,0.058149931744920016,0.009849094693286218,0.01178929444975263,0.017799455608841195,0.0785176720040633,0.04130024317824614
2021-06-11,0.07865938183645758,0.018007906827149055,0.4833070873941104,0.20217985468313548,0.05687769146871736,0.009660905547174902,0.011553532866123121,0.01729403087057811,0.08026820488298696,0.042191403623567096
2021-06-15,0.0782540883728624,0.017816114096308507,0.47820218179680035,0.20451914841458418,0.05740824361193402,0.009683634260383121,0.011793250292639227,0.018146065875497917,0.08155071324495612,0.04262656003403426
2021-06-16,0.076093990530718,0.01755645884227094,0.48234882502382564,0.20338780587076938,0.0583213391555939,0.009511315140166248,0.011672182691084559,0.01840559735200847,0.08051585456795923,0.04218663082560374
2021-06-17,0.07701619486301547,0.018327525663316153,0.481092926409925,0.20136765262408676,0.05891007803411452,0.009640410105744669,0.011842968811855823,0.018623468233054434,0.08039385802220146,0.04278491723268588
2021-06-18,0.07656764254512886,0.018565606606862444,0.4801178782186481,0.2023679310905914,0.05830872583639158,0.00959244146436801,0.011849625709737096,0.018435637892351673,0.08065689582582405,0.043537614810096985
2021-06-21,0.07586599110529305,0.0186350363402749,0.47580838617165,0.20461485337479052,0.058496973784876824,0.009748559457467144,0.011974965731172557,0.017803182375250907,0.08279092070848523,0.04426113095073881
2021-06-22,0.07513314622133647,0.01837801862969785,0.47548446281868534,0.2095321477159547,0.05590709900155944,0.009556703128589937,0.011918946614750306,0.018885174214149033,0.08085906949651825,0.0443452321587587
2021-06-23,0.07531948039772574,0.01886576815598505,0.472051060505398,0.21081076592839007,0.054276426890107386,0.00949304474273356,0.011744766367021833,0.018776477261467917,0.08165707064670293,0.047005139104467374
2021-06-24,0.07693147198084446,0.018785695462504266,0.46887921795552917,0.2068301682263792,0.056983050042558145,0.009721490234663751,0.011954018968532354,0.019219400450646868,0.08336475032432794,0.04733073635401387
2021-06-25,0.07735197797133049,0.018612160780686608,0.4732443962884606,0.2069668616610372,0.05638196340931141,0.009858405120101473,0.012257985896464178,0.01898530095062888,0.07924723226248005,0.047093715659499165
2021-06-28,0.07724964239661587,0.019395947657057957,0.4716309749922161,0.20892947539755585,0.056388564224248,0.009448435324499745,0.01201383251375198,0.01841322976059777,0.07814178539666934,0.04838811233678736
2021-06-29,0.07483995946415294,0.018800553779753756,0.47044939251007895,0.21173194933479567,0.05641346814932302,0.00944524679387965,0.01220630501654636,0.019456949063753882,0.07815314061734743,0.048503035270368096
2021-06-30,0.07431767061588349,0.018809101708270156,0.4708575831680357,0.21065493125356133,0.0559560044358905,0.009510785241033777,0.0121433094052228,0.0191412921068249,0.07931147520304821,0.0492978468622292
2021-07-01,0.07742157333054153,0.01909178027985075,0.4685490135926732,0.2096976920651955,0.05683975194268513,0.0094500262506669,0.012140176839669455,0.0189006665480493,0.07885915058020097,0.049050168570467276
2021-07-02,0.0788954953893961,0.01956392128092476,0.47125369818182544,0.20628324598568515,0.05559881743496045,0.00928473891038075,0.011967329548262604,0.018605662612919686,0.0794554845989868,0.04909160605665818
2021-07-05,0.07996522925165339,0.01997312313839437,0.4681924280089325,0.20556342411654005,0.05679315474122881,0.009717090609043801,0.01231690318533467,0.01896301348046975,0.07925421809711625,0.049261415371286525
2021-07-06,0.08188185898113128,0.020396299249952426,0.4692464826129486,0.20440445823180928,0.056223741964493326,0.009481341529511455,0.01239701202959269,0.018917041204624823,0.07544359090387445,0.05160817329206173
2021-07-07,0.08338885555414326,0.020580180317518165,0.472750593124463,0.2012032927047751,0.05635917874760889,0.00936776880391644,0.012867209513430506,0.018946664025893487,0.07422879301253765,0.05030746419571348
2021-07-08,0.08265457737884456,0.020224709770666496,0.469357892527601,0.20595848567788358,0.05629294562269211,0.009594657295189374,0.012779652706667538,0.018491514545450095,0.07448856293081718,0.050157001544187854
2021-07-09,0.08185507880126935,0.02015308211820036,0.4746458740194167,0.19937429900655146,0.056338421211232566,0.009717884340477323,0.012928000493575266,0.019152941554866996,0.0747336282269184,0.05110079022749151
2021-07-12,0.08096044122451312,0.0197011158611819,0.4753658638042418,0.19907511045510795,0.05690810792093545,0.00948275959800274,0.013018872047274099,0.01923829270805246,0.07623233134393147,0.05001710503675892
2021-07-13,0.08175128926034456,0.019181164046503302,0.47265086515030247,0.2017927994054315,0.05646504552720329,0.009449104609552377,0.012804007444663137,0.01937493264421705,0.07747839200559888,0.04905239990618336
2021-07-14,0.08068466778003971,0.0190998283729101,0.47400479678106017,0.20386592979131457,0.05655086386501615,0.009301564851454242,0.013083279576310582,0.019592616114320442,0.07540564687058048,0.04841080599699353
2021-07-15,0.07916591661769158,0.018932598030326354,0.47387905193602,0.2054605118044693,0.057369432669939026,0.00941857209289542,0.013098600845599908,0.019553811863378543,0.07393770751676888,0.04918379662291111
2021-07-16,0.08150407193488234,0.019366175078982324,0.473416287396281,0.205611324811369,0.05616754666158401,0.00888550971658786,0.01277125849864829,0.019250739649689333,0.07272802961017671,0.05029905664179924
2021-07-19,0.08135650287556606,0.01958530670162161,0.4705215509310538,0.20629124949047198,0.05758990746477766,0.0091354139240754,0.01295297861414786,0.018751941932572905,0.07363055774400752,0.050184590321705115
2021-07-20,0.08017276542462283,0.018940806103015385,0.4691209982803965,0.2061615625991346,0.058558060204580334,0.008865682514345812,0.01277635741310869,0.018174961789491993,0.07374175617553212,0.053487049495771544
2021-07-21,0.078544898494235,0.018700479801112266,0.4695005844096047,0.2068404487968552,0.058139498147650445,0.0088751201636155,0.011807686910578274,0.018109757403022713,0.07629591987567225,0.05318560599765371
2021-07-22,0.0776908285563517,0.018645614764870037,0.4688374524800735,0.2069075944623462,0.05695638862691075,0.008972480667750514,0.011698437216128918,0.017912259045491166,0.07637126472247138,0.056007679457605895
2021-07-23,0.07956007199988292,0.01903709689578512,0.46877213632480724,0.20913396725083788,0.0577994471231573,0.008957593943147654,0.011965389079805547,0.018212016775008857,0.07540971901386415,0.05115256159370333
2021-07-26,0.08080859516530722,0.019531766890452273,0.4691365577514266,0.20692121556913948,0.05796279959475195,0.008894836107262338,0.012117317627733593,0.01790237580000284,0.07732161457183125,0.049402920922092426
2021-07-27,0.08071015173783597,0.019252098069669203,0.47085098628566086,0.20123999033411033,0.059529388717465416,0.008952110707597867,0.012475135800712899,0.019221977577768598,0.07871175917307725,0.049056401596101605
2021-07-28,0.08206591943557542,0.019589862040048374,0.4727554449211018,0.19713085688239895,0.06180333897581651,0.009172663384083131,0.012779418318231728,0.02024843690731063,0.0766045054017829,0.047849553733650484
2021-07-29,0.08136897208984688,0.019651350306795934,0.47482498164539955,0.1963113841313547,0.06105964269477783,0.008983942343810437,0.012518255732017371,0.02011622310645521,0.07643117135941552,0.04873407659012654
2021-07-30,0.08037735970124368,0.019315895803514203,0.47405763001790824,0.19677010285887855,0.06170458382401305,0.009296400269435613,0.01249931124257315,0.020264233934478865,0.07603724391898957,0.04967723842896496
2021-08-02,0.08211478803825076,0.019542476200604775,0.4718096828961178,0.1916783660939201,0.06392087635351758,0.00946705373220418,0.013229516605687044,0.021018596826358586,0.07782312901840913,0.04939551423493004
2021-08-03,0.08009255845936987,0.019074928905498348,0.4748431421493119,0.19600941512237788,0.06251737548575473,0.00939324132005737,0.012947961234186855,0.02054770848080554,0.07613004329060112,0.04844362555203647
2021-08-04,0.07838899456131132,0.01873031527727841,0.4700615441293642,0.19931766160969946,0.06332484895298182,0.00950717881330663,0.012918945604210199,0.020407075581048,0.07855124344316788,0.04879219202763204
2021-08-05,0.0784715943487067,0.018726258552941362,0.4701477944907274,0.19760304609100354,0.06335177493041408,0.009655561522320225,0.013035327680058792,0.021726331907088246,0.078232577301584,0.049049733175155506
2021-08-06,0.07960567855111182,0.01878775248295053,0.4697562529997487,0.19408135485468822,0.06371404535634638,0.009715765875645134,0.013308112437683359,0.021869192391715832,0.07857133547230429,0.05059050957780569
2021-08-09,0.08110149090037089,0.018921308394495167,0.4669410768214472,0.19514063600361983,0.06388492894070535,0.009703075201560359,0.013635964068513933,0.022222508979685814,0.07798605184929137,0.050462958840310206
2021-08-10,0.08267731507237405,0.01895123909100006,0.4647656620487357,0.1950169094758308,0.0636905934988279,0.01000069153509938,0.013709267220012537,0.021663966769566282,0.07954035808581197,0.049983997202741236
2021-08-11,0.08058274013042382,0.019034085115550773,0.4697810220351326,0.2008365942169459,0.060650783343607316,0.009410513805321217,0.013148242305282032,0.02072948660934396,0.07678773008500274,0.04903880235338975
2021-08-12,0.08216865825674438,0.01979049792310915,0.46412251544696537,0.20170293475969794,0.061009053174336095,0.009439242758618627,0.01337917887013823,0.021313160730863055,0.07681697502254249,0.05025778305698473
2021-08-13,0.08391116426890616,0.02017760468534997,0.46078039413197186,0.20044345723082096,0.061066781033490385,0.009596830493344735,0.013803703119638662,0.021799973357668426,0.07748046728082261,0.050939624397986154
2021-08-16,0.08355571847883932,0.01996254074844772,0.46105886461648904,0.20179358941832812,0.06041813473526865,0.009396020644719229,0.013715436072538303,0.021606603619130752,0.07807769200789741,0.050415399658341555
2021-08-17,0.08340426405986985,0.019991052292962014,0.4599957429890946,0.20134416573651795,0.062214330770066766,0.009546219745679017,0.013705586851514283,0.021489858430771367,0.07785344699738683,0.050455332126137495
2021-08-18,0.0852583253967921,0.020411822639148567,0.4583600302180103,0.1991939036420165,0.06325933685951655,0.009592290787281353,0.014006554606551846,0.02181239172976964,0.07816707318508985,0.049938270935823356
2021-08-19,0.08888516047678909,0.021106972478575688,0.4537359748970058,0.1981879877695578,0.06389844994598415,0.00966904172913784,0.013745135188495343,0.021832404838718796,0.07843730514326439,0.05050156753247112
2021-08-20,0.08690572449756252,0.02033338963561769,0.4589288457475752,0.19490129724700123,0.06406115100035743,0.009586458167697433,0.013965538625594964,0.022163865360186306,0.0776773105101548,0.051476419208252355
2021-08-23,0.09000224070206193,0.02172471881376109,0.4613785697198773,0.19006743615639526,0.06579876741462354,0.00991127885830691,0.014742422785803096,0.023190001047151538,0.0735564255837864,0.04962813891823305
2021-08-24,0.0895223736375803,0.022044995550490804,0.4647335261602786,0.18843300945359384,0.06376731937279163,0.0103503516307633,0.014574118886291136,0.023070933800921057,0.07111487947081153,0.05238849203647781
2021-08-25,0.08894043445889616,0.021847850506528828,0.4701703513951495,0.18772698764649817,0.06161000874842002,0.009991083332684383,0.015160136936385541,0.02350451562308083,0.06954189387679773,0.0515067374755589
2021-08-26,0.08638674327675891,0.021180201018184762,0.4734687429306477,0.19111059581288128,0.06047599225965154,0.009748319845033935,0.014522755788736316,0.023347530822751733,0.06865822304562966,0.0511008951997242
2021-08-27,0.08860246106167607,0.021398946142228484,0.47134899122528523,0.18917441818420186,0.06105094716098948,0.00981940797385163,0.01486300852926036,0.024221018421037424,0.0681909438654082,0.05132985743606115
2021-08-30,0.08810108797335339,0.021631705482484227,0.47210926411503656,0.1879953824388661,0.06067082736006013,0.009711567936306776,0.014778957785116675,0.024244429976359234,0.0693716224487026,0.05138515448371418
2021-08-31,0.08901996292162924,0.021369575399398124,0.4716783369503655,0.19022462622694455,0.058392487321991544,0.009518463889388621,0.015436048759815375,0.024673785674374178,0.06906505075897232,0.05062166209712059
2021-09-01,0.09213706088435177,0.02250328838153425,0.46920647076241045,0.1876871552275777,0.059274613670921066,0.009554541853969013,0.015130116864888424,0.02498558831045813,0.06932433612344753,0.050196827920441715
2021-09-02,0.09241492047798877,0.022351268867390903,0.4730793922656103,0.18719384070558365,0.05818755907247588,0.009355653483501637,0.01484706908797002,0.024740967921181783,0.06920284646810822,0.04862648165018899
2021-09-03,0.09463012112418417,0.022404769915685005,0.47674231885109464,0.1831204649491417,0.0570760728995436,0.009287840679846747,0.015612266156758332,0.02544616257651319,0.06878207989118308,0.04689790295604956
2021-09-06,0.09315308077511435,0.02183597657304283,0.4804818912426346,0.1843417794165573,0.05632280785003746,0.009213534028212922,0.016003381530327137,0.02487002228314171,0.068027818732064,0.04574970756886778
2021-09-07,0.09131246089652917,0.021492966020032443,0.47648505321487994,0.18635475643958468,0.05653070543139081,0.009239422790339968,0.01559383979385995,0.02546016014462728,0.06986415797683185,0.04766647729192383
2021-09-08,0.09355518339748535,0.02196681202403743,0.47446592529251763,0.18619873993483038,0.05683757523507711,0.009192839132567588,0.015590589204251682,0.02566278098582891,0.06960875970391421,0.0469207950894897
2021-09-09,0.09259111762618526,0.022335202140473135,0.4705905675051845,0.18495343408974718,0.05730898820587409,0.009372525618694812,0.016937677123078834,0.02861397216688975,0.07007362103231964,0.047222894491552724
2021-09-10,0.09184994483817283,0.022087744500728427,0.4719617943268194,0.1850330565859216,0.057344688445273,0.00931156246714751,0.017008875065912515,0.028390439869060008,0.06977967693362268,0.047232216967342186
2021-09-13,0.09288104240302401,0.02212128095022549,0.47303840082410925,0.18787630682291356,0.05619049698991643,0.009196871504913889,0.01609279811636968,0.02719281427404688,0.06875444928126827,0.04665553883321252
2021-09-14,0.09524636856265273,0.022289423129139604,0.47417418707541215,0.1840690167910379,0.05601352922425035,0.009013249459115661,0.016215118254439435,0.027563819664474014,0.06825504594820116,0.047160241891277085
2021-09-15,0.09153188826187983,0.02176950603763538,0.47866683605073196,0.18363780915503858,0.055625672474239087,0.00888493962108812,0.015954665901095157,0.02794017229557353,0.06885055232695128,0.04713795787576704
2021-09-16,0.09237764512739531,0.02197787681702221,0.4788074759248474,0.1817622137272618,0.05533157748221265,0.00874838341338727,0.016120406863461948,0.0281949937067277,0.06899957452928826,0.047679852408395354
2021-09-17,0.09089146099308942,0.021820786276307985,0.4840347147745361,0.17987215012073826,0.05406938901009335,0.008681060637673675,0.01587761898658062,0.028198938434476725,0.06944908112063967,0.0471047996458641
2021-09-22,0.08898144197741495,0.021316642553421992,0.48563955356486194,0.1797438272368784,0.05277543448085877,0.008482840696604196,0.016483662870663662,0.02984071705933769,0.06887202025920933,0.04786385930074915
2021-09-23,0.08812257978687925,0.021224512718730052,0.48160902854738846,0.17622258456645473,0.053219425911004745,0.008568807299976429,0.018508717621480448,0.03349997847619635,0.07173798620178498,0.04728637887010445
2021-09-24,0.08854957801385017,0.0212103015151995,0.4804960188600443,0.1765495527973862,0.053634144315050016,0.008696838029969716,0.019637067320884008,0.03284589619323693,0.07152532045450331,0.04685528249987583
2021-09-27,0.08521344617478396,0.02056965378298474,0.48709923035801417,0.17816212320459887,0.052202126240050016,0.008516754450295356,0.017874223965017335,0.030530697199719032,0.07292629084545789,0.04690545377907857
2021-09-28,0.08051576741285386,0.01904954662808242,0.49897661117386566,0.18333119307926518,0.04951650973011972,0.008185396717615288,0.016855136116604077,0.027442946911173504,0.06952212958303194,0.046604762647388456
2021-09-29,0.08273610743753008,0.019581736224191237,0.493810107749642,0.18167308176613775,0.04946142457924666,0.00829245208749006,0.018469992939352,0.03040699759814131,0.06954924255159402,0.04601885706667508
2021-09-30,0.08278336364960427,0.019690800268747036,0.492200387551873,0.18273985455096062,0.050897152333603854,0.008342673133057242,0.018340643352855984,0.030070923182431424,0.06875366995949148,0.04618053201737502
2021-10-08,0.08124473132541687,0.019354110560904178,0.491280040584334,0.18199041067362773,0.04981729107673345,0.00807245724125333,0.017953241948187544,0.03285113491608094,0.06867393826473105,0.04876264340873092
2021-10-11,0.08153593620491235,0.019322718324583786,0.48554502055422755,0.18612874587624184,0.0503186119027989,0.00837665981205095,0.016655815874564776,0.029083516772074082,0.07284101683811153,0.05019195784043431
2021-10-12,0.08383916282420671,0.020109401040036348,0.48893116942715087,0.1843244130199107,0.04997285823910826,0.008428753505390438,0.015842283816707048,0.02739131171356423,0.07149440328437971,0.049666243129545685
2021-10-13,0.08382774171045783,0.02037800365730826,0.49038443446374075,0.18573710186613335,0.04950311037143884,0.008112365786183844,0.015376887017286891,0.025650769056060004,0.07181219987318747,0.04921738619820287
2021-10-14,0.08127357967533241,0.019829665364402106,0.4937313945398451,0.189320205620503,0.0479030389010821,0.007903592538647725,0.014867391069631574,0.024341004303179384,0.06898785575389285,0.05184227223348363
2021-10-15,0.08148371583947628,0.01969749176638868,0.4932413726362785,0.19140959250303893,0.048180468220188795,0.007919006585318954,0.014799154180857211,0.02411353506418432,0.06711666464353268,0.05203899856073557
2021-10-18,0.0823155767406182,0.020300384410811466,0.49645269413834925,0.18751048646440152,0.04842994373504395,0.008019097379913525,0.01464806547931477,0.023749638643150328,0.06601116270235935,0.052562950306037616
2021-10-19,0.08637273847658661,0.021149056513277652,0.48862765149357396,0.18061073187766777,0.04986714495734138,0.008057837645737415,0.016212081700808036,0.025944532266034364,0.06787936519627984,0.055278859872692855
2021-10-20,0.08544493176134044,0.02148924994197978,0.4869027971807856,0.1817938558740239,0.050244941563364766,0.007868188009471302,0.01582278761195357,0.025910182818691854,0.06788298146339794,0.05664008377499083
2021-10-21,0.08408751169207665,0.020918933326159083,0.4888216410765124,0.18044900981268286,0.04905567210438259,0.007684945541314452,0.016564056532341852,0.026822560270247202,0.06974751180388018,0.05584815784040253
2021-10-22,0.08646594253184488,0.021183479397537983,0.48743153479738216,0.18050073485414148,0.0507353650706699,0.007737408313721305,0.016592685375987015,0.02628613010680111,0.06798213963942572,0.05508457991248817
2021-10-25,0.08519514955414564,0.020818913271185534,0.49287073595311437,0.18027893445090953,0.05049582349358999,0.008348577033844515,0.014865824456355849,0.025225231864221466,0.0677359187947295,0.05416489112790345
2021-10-26,0.08539908389447515,0.021102393183962228,0.492231388297141,0.17894146172617745,0.0495473414006678,0.008469022201530856,0.01519939930134964,0.02579464876998602,0.06853778920917335,0.054777472015536476
2021-10-27,0.08491865770967356,0.021318234894900413,0.493107153358688,0.18065938258237882,0.04946015431621156,0.00821291651900142,0.015397921085094201,0.02631061336700415,0.06665933172430986,0.053955634442737946
2021-10-28,0.0852530400932626,0.021631074220558218,0.49147124913161633,0.18033200663101626,0.0475761635496385,0.007896581574363824,0.016181050700945568,0.028300706107165865,0.06750620698834592,0.053851921003087
2021-10-29,0.08521772340088593,0.02141913132249849,0.4937968548721159,0.17994772703198836,0.04728159258584529,0.008696314844781937,0.01612481983441408,0.027170733064867347,0.06717123035598617,0.05317387268661647
2021-11-01,0.08338148881434551,0.02091264889557025,0.49420883363915247,0.18105991422368775,0.0475001579403409,0.009233884309482864,0.015832908755875577,0.026331460893404553,0.06786713145572887,0.053671571072411155
2021-11-02,0.08597234784179723,0.02178725512324822,0.4941071022403194,0.17354245942327226,0.04851825705033172,0.00948071054359193,0.01580433600763192,0.026663037323744195,0.06950330515920988,0.05462118928685317
2021-11-03,0.08260378231100783,0.02113185421946886,0.5002298914432415,0.17243269992691632,0.04826511059004972,0.009534152406239447,0.015739704056633986,0.02557875512556522,0.06846546213520949,0.05601858778566765
2021-11-04,0.08476781513717577,0.0217895179800502,0.49464760106923816,0.17244139898795618,0.048691017107588004,0.00970805090655207,0.01644199116728546,0.026624361566177975,0.07010682522979421,0.054781420848182126
2021-11-05,0.08276092828427982,0.0209719016865899,0.49528739630802365,0.17543602482893633,0.047878761773354823,0.009937074299300604,0.016151227234776407,0.02588290201834786,0.07159424588177377,0.0540995376846169
2021-11-08,0.08181462906070447,0.020509080918989717,0.49634616051146113,0.17723160323520348,0.047487777204810115,0.009710668092882504,0.015138373609916805,0.02485416565760184,0.07196012908389633,0.054947412624533495
2021-11-09,0.0817632846553571,0.020510220159021698,0.49799999738693707,0.17838141692209764,0.04718322077672773,0.009687565140912967,0.015111618275966372,0.024464320468972695,0.06914194555425925,0.05575641065974751
2021-11-10,0.08369235709764539,0.02071894320443126,0.4947511652753341,0.17830072378208747,0.04632752518481648,0.009867998829227518,0.015403342623082445,0.02467367794897983,0.07011301698465208,0.056151249069743225
2021-11-11,0.08394734122699722,0.021030321134486798,0.4894803626488113,0.17737650695893054,0.04555328869235233,0.009754967912860582,0.015118902601556034,0.02471218302683917,0.07636172768299297,0.05666439811417316
2021-11-12,0.08645765585024845,0.021143195563794417,0.4897568526730024,0.17660384093806308,0.04706638984093615,0.009690413874583723,0.014978653514004257,0.024032143717968305,0.07470196508515745,0.0555688889422419
2021-11-15,0.0864048183422467,0.021142168128882834,0.49191575264474974,0.1746848891348512,0.046261516264148685,0.009726261254215359,0.014763174560199231,0.023803031726186457,0.07421888777896679,0.05707950016555277
2021-11-16,0.0863247033247509,0.021244199338723936,0.48821663047381153,0.17534370418084505,0.047104598265082155,0.009884800498457285,0.014603596963047133,0.02371414634378901,0.07534711632987416,0.05821650428161891
2021-11-17,0.0832982659741558,0.020386156149547193,0.48961572332314907,0.17739706786721812,0.04630847764283008,0.010621991843450331,0.014295897437521004,0.02374776970844386,0.07495614168434166,0.05937250836934299
2021-11-18,0.0834268780663688,0.020430063575333786,0.4892129442574434,0.17812219501617524,0.046618320026913504,0.010884867113475444,0.014312022527724417,0.0233142953826158,0.07484005798663154,0.05883835604731804
2021-11-19,0.08309437834168631,0.020516530164010633,0.49203100692092216,0.17699624554747623,0.04621556291441073,0.010994176553643249,0.014509916486450967,0.023527193663436658,0.07240478327249417,0.059710206135468784
2021-11-22,0.08276331206906691,0.0203000710492636,0.494622234519974,0.17771208152360693,0.04573758047461377,0.010856371609560019,0.014430874993495215,0.023800325409515637,0.07162598537326688,0.05815116297763696
2021-11-23,0.08087395950373517,0.019885364387847295,0.49824643923270134,0.17931569603589148,0.0451897996816813,0.010755727851256065,0.014199782023823769,0.023178333082093456,0.07118562863046508,0.05716926957050499
2021-11-24,0.07971957332630898,0.01952893697874791,0.5042406939940327,0.17647735999125022,0.04494208924541636,0.010492510318052945,0.014139603379362764,0.023278594853783603,0.07052170368210342,0.05665893423094094
2021-11-25,0.07895480617475192,0.01910990711428814,0.5061155446226655,0.18081703572833277,0.04386467251549689,0.01043405212894831,0.014097636293555647,0.02241763882448534,0.0688929613669512,0.05529574523052408
2021-11-26,0.0784158601513532,0.018938315978201503,0.5076621539311414,0.17879707088430152,0.04323294690981489,0.010659523979973056,0.014564558847740402,0.022722439909573913,0.0700396458240683,0.054967483583831696
2021-11-29,0.07865896590082977,0.0189243620965988,0.50726924319102,0.17996851395330807,0.043226158555100466,0.010400581326283301,0.014347079276519877,0.022468624436718394,0.06967519440175761,0.05506127686186382
2021-11-30,0.07729262966133074,0.018605793745851345,0.5134218593364525,0.17960918499660242,0.04217198757512939,0.010398343078304246,0.014371401114958599,0.02238542062771815,0.06729774183428565,0.054445638029366965
2021-12-01,0.07862378642107241,0.019073397097842743,0.5096883393018597,0.17782151074390753,0.04295419889534518,0.010458020843470618,0.014565143970878354,0.022695506670190244,0.06744798842194606,0.05667210763348721
2021-12-02,0.07887596233129,0.01920712985716698,0.508803392440311,0.17939105768428334,0.043598742213725825,0.00995172227013342,0.014917252199515642,0.022818665512377177,0.0676959230274645,0.054740152463732296
2021-12-03,0.07978671226955956,0.01914357432620939,0.507939277129984,0.18077013646554504,0.04340304284816789,0.009985426629685542,0.014621993450272758,0.022730382400626047,0.0656196055938968,0.0559998488860532
2021-12-06,0.07795784499250821,0.018878917310773576,0.5079525339354026,0.18263514652509966,0.04242483759053475,0.009949740519641488,0.015112832261670107,0.023254000372482292,0.06454438942335183,0.057289757068535355
2021-12-07,0.07885863078056744,0.018890715234860342,0.5065388443535417,0.1848183205174927,0.04291441133143264,0.009878847436581252,0.014848857789924019,0.022800539063646468,0.06461950210653206,0.05583133138542124
2021-12-08,0.0813028946278044,0.019031806886190855,0.5002954158425459,0.18495072663892015,0.04411448271968038,0.010423368785772505,0.014907568019341937,0.023567417079098988,0.06536841281914284,0.05603790658150189
2021-12-09,0.07979305223128055,0.018299405477390517,0.5068130071693647,0.18703498898430723,0.04264311808190249,0.010156740506854863,0.014182591574714647,0.02271405748202497,0.06360867406653573,0.05475436442562424
2021-12-10,0.07807453241237218,0.018097922476228073,0.506989892192195,0.1884507510356033,0.04217949508468973,0.010386194221208251,0.015095900401479316,0.022769984223459182,0.06357704786240971,0.054378280090355315
2021-12-13,0.07832098808469803,0.018067264482919818,0.5096935429817463,0.1861287433826964,0.04202441391593062,0.01032229955758814,0.01536841918789747,0.02313317864847212,0.06364916096747017,0.05329198879058103
2021-12-14,0.07819708857945498,0.01763217975942255,0.5112779049262519,0.18644424019991365,0.041673378013101156,0.010131074580322997,0.015282567266551774,0.023138257803348515,0.06267747219357622,0.05354583667805626
2021-12-15,0.07623187830749655,0.017414385498728917,0.5159191271158929,0.18536887928200393,0.040898697197779846,0.009838576653339003,0.015008096568504615,0.022727889295944326,0.06231097988370803,0.054281490196601744
2021-12-16,0.07666238317457029,0.017498593683316944,0.5176380836510537,0.18264832297709688,0.04098080868898232,0.010074939420638387,0.01565305359025225,0.023207014866795224,0.0617233630973043,0.0539134368499897
2021-12-17,0.07836305895350683,0.01765436612429763,0.5149197976081953,0.1828366665064747,0.041233784732368634,0.00983807508739761,0.01612108699620112,0.023468485058537367,0.06214770512038842,0.05341697381263243
2021-12-20,0.08024543549449627,0.017898574538170228,0.5108194564712715,0.18100159298259128,0.04163431143911322,0.009897125380270464,0.016377473107816145,0.02437813510051237,0.06313518059085131,0.054612714894907065
2021-12-21,0.08031722038338965,0.017758954220034238,0.5122838675825198,0.18143807078819518,0.04129330326499084,0.01004104458429737,0.015945140889459086,0.022995187831486266,0.0631888498475669,0.054738360608060546
2021-12-22,0.08084966949110615,0.018027062208411618,0.5102191046165107,0.17918261479092826,0.042264714392267165,0.010266806563924494,0.015983210740837955,0.023386864066770333,0.06377911014447993,0.056040842984763486
2021-12-23,0.07976884733238565,0.017979397999466004,0.5113167974932163,0.17907143591730224,0.04223524904052092,0.010225195685724442,0.015644650353511484,0.023181930013116435,0.06312742268074577,0.057449073484010675
2021-12-24,0.0778197617595242,0.017536338761330015,0.5179685469170843,0.17893192910534336,0.041078550630018425,0.009718597102838738,0.015976842629077052,0.023666209250446376,0.06146581111129034,0.05583741273304717
2021-12-27,0.07539480267743567,0.016987759017015814,0.5245405500869572,0.178725265941944,0.04007120122295668,0.009572665190624925,0.015760882220929175,0.022848881212316135,0.06100801956315095,0.055089972866669557
2021-12-28,0.07592406119826536,0.017132048727327934,0.5192213257627194,0.1777681346934963,0.04310543671852058,0.009890347014660867,0.016374714427433403,0.02282412906087519,0.06251293972626214,0.05524686267043863
2021-12-29,0.07644575136888114,0.017251695548819793,0.5191162046260932,0.17823124768666537,0.043208566385090554,0.009962084877282507,0.01612100990783227,0.022125439957230226,0.06201770052964298,0.05552029911246187
2021-12-30,0.0792397853415552,0.017935126353166048,0.5168911262501202,0.17662056803150658,0.04390334295404475,0.010138985081788641,0.01606481069733781,0.022970701505923116,0.06411186746269747,0.05212368632186019
2021-12-31,0.07903547160171705,0.017846746271165125,0.5205699365316496,0.17480794808419858,0.04350312304384048,0.010066441287520994,0.01642019575477236,0.02289891428395166,0.06388061264762566,0.050970610493558395
2022-01-04,0.07932650899287591,0.017982210027919495,0.5164629513249314,0.17333296367129408,0.04392348167642959,0.010094219658340108,0.01714709543129351,0.023789493896334987,0.06504743229460146,0.0528936430259794
2022-01-05,0.07973100093132042,0.018149486185332735,0.5169642597078412,0.1740980500420136,0.04459238178385042,0.009976277205263607,0.016136503617120407,0.02336495327679811,0.06466090124539585,0.052326186005063724
2022-01-06,0.08393304679881963,0.018432759978652534,0.511835067554977,0.17483815694265908,0.046494148874211064,0.010166461669765424,0.015471058561929249,0.022864587214345002,0.06556305168194441,0.050401660722696466
2022-01-07,0.08499906001541216,0.018933850559733963,0.5104337157666001,0.17463693368901986,0.04681068920286113,0.009976025219110956,0.015769177153285744,0.023024306913663938,0.06569966237638718,0.04971657910392491
2022-01-10,0.08759436303063267,0.0191738525629094,0.5042305216192732,0.17462731481711866,0.049069881287905764,0.01033467935891501,0.015468758279332395,0.02306673206273483,0.06726331125837232,0.049170585722805915
2022-01-11,0.08807836878780513,0.019229380972356755,0.5075600854897466,0.17148070018309167,0.048948942339725736,0.010196153638399914,0.015733169710493933,0.022602664320354987,0.0671964034694629,0.04897413108856251
2022-01-12,0.0919251242361976,0.019885087107221575,0.5040564805856241,0.17124622817162477,0.048869464416409755,0.009840534499141273,0.015644520014058288,0.02303878071989985,0.0663645659244299,0.049129214325392974
2022-01-13,0.09095797655647829,0.01997003762815792,0.5062610805018609,0.17330892098211922,0.04789000164752502,0.009629719632233927,0.015440564458993524,0.022754632323697878,0.06498535947489846,0.04880170679403494
2022-01-14,0.09370167419756548,0.020825842128686177,0.500819524917944,0.17219432645022154,0.04910901725599945,0.00973018678665184,0.015655425600776186,0.023508035834437866,0.06448945363021888,0.04996651319749864
2022-01-17,0.09203383506901157,0.020342728253825746,0.5029159780705846,0.17246243484079204,0.04851100696575709,0.009788878037638246,0.01569655835521512,0.02431678426881148,0.06398143839798168,0.049950357740382534
2022-01-18,0.09141302053041679,0.02043915821289921,0.50172416133318,0.17391764393309422,0.04891684395090988,0.009648217007773062,0.015736684805569945,0.023672889103472535,0.06368528790427226,0.05084609321841198
2022-01-19,0.09333727205685416,0.02077084939081321,0.5014094535360659,0.17316212123552438,0.048917470335128624,0.00950299340069412,0.016085215467345374,0.02357846294710986,0.06234428058477333,0.050891881045691055
2022-01-20,0.09387113107736043,0.02079081863747261,0.5045607247582351,0.1718896814576584,0.04901514544788773,0.009467437622952025,0.016113235853050734,0.023292748777699247,0.0614437892422794,0.04955528712540437
2022-01-21,0.09468706983154195,0.02075683517327592,0.5091095636567905,0.17030697905738368,0.04868201946344992,0.009528401728321268,0.015860367063663918,0.022890422658777537,0.060134437603026385,0.04804390376376886
2022-01-24,0.09300735965414822,0.020592648259942982,0.5120979751148774,0.1731921314026744,0.04749295882166042,0.00924391179626272,0.015584194102950873,0.02277141006900492,0.059030850305655476,0.04698656047282248
2022-01-25,0.09529223347162602,0.020808254740357544,0.5094071818542755,0.17358787747379714,0.047778737396195994,0.009317339430048192,0.015871855592207485,0.023168132969991064,0.05757377852591013,0.04719460854559096
2022-01-26,0.09372717761649363,0.020972625970293247,0.5141061355703791,0.17035229212654357,0.04844797883911987,0.009070212332520682,0.015857809469066463,0.022861871276026808,0.05768699079873849,0.046916906000818125
2022-01-27,0.09326896667878883,0.020684329887058532,0.5169243436457917,0.16834742908826672,0.04875067582743477,0.009280127133670619,0.016066527261288915,0.02295975894287858,0.05666441174723072,0.04705342978759072
2022-01-28,0.09352955400725027,0.021130920017471563,0.5217539289908563,0.166881336168912,0.04675547892520805,0.009213185047811658,0.01610259628178745,0.02282805448504862,0.05555082974642296,0.046254116329231224
2022-02-07,0.0943588346170556,0.021377022772710863,0.5156534024888058,0.16750875850364888,0.04867209759037512,0.009094825821947553,0.01621540584983569,0.023258778841935033,0.056975891492457034,0.0468849820212285
2022-02-08,0.09952222136112905,0.02180307526057063,0.5107419191309612,0.16527258992694735,0.04920195380537063,0.009392205975610508,0.016370688072002072,0.023820561132896476,0.05727293702452123,0.04660184830999092
2022-02-09,0.10213179635360062,0.02224667236652156,0.507477195438216,0.1620100847278985,0.05000811069507695,0.009592822688654265,0.01729181400125139,0.02475275889951913,0.05861791099794061,0.04587083383132097
2022-02-10,0.09949062577960283,0.02134800400435031,0.5121882494565171,0.16359169739986454,0.04906997271694077,0.009375254075701694,0.017168294921929398,0.024580123512035448,0.057782958762136974,0.045404819370921
2022-02-11,0.1018527003488337,0.021856426937756773,0.5093027628094818,0.16219565279375062,0.04959702255538072,0.009408807405580106,0.01745851702936112,0.024975302716865145,0.057553205176578075,0.045799602226411905
2022-02-14,0.10382151630475968,0.02249326981861076,0.5051809849622818,0.16392368035118265,0.05129947724553903,0.009172848904296729,0.01733835627093216,0.02480767388197305,0.05736708317753931,0.04459510908288486
2022-02-15,0.10039823642464817,0.02199683713478302,0.5098736819649826,0.16694397591436885,0.05107802452217515,0.008963412970304513,0.016595704109099187,0.02404471172675569,0.055222790797224384,0.04488262443565835
2022-02-16,0.09783171107461712,0.021417122194872053,0.5118778879051273,0.16715187468225623,0.04989312164460112,0.008913344672568971,0.0163871763982338,0.02389776632917053,0.056795061365131176,0.04583493373342158
2022-02-17,0.09918918806226115,0.021542021321194316,0.5117808944519981,0.16662389668630098,0.04993465233519,0.009010498734785955,0.016351316549945295,0.023791375670324286,0.05585897344543364,0.04591718274256638
2022-02-18,0.10004117879544228,0.021955902992919843,0.5118909476147007,0.1654994822691385,0.0493517665451934,0.008838163747382772,0.016225953172868315,0.023827737222226787,0.05594168826217627,0.04642717937795135
2022-02-21,0.10158559969669857,0.02201948912805632,0.5117654498048055,0.16501635590540728,0.04932735320078182,0.008641354311622622,0.016035834870052088,0.023610387628885583,0.05581808670563698,0.04618008874805305
2022-02-22,0.10195453889043493,0.022182530110190384,0.5084288422933215,0.16672902133048065,0.04952144919047559,0.008744943609847863,0.01620207312683019,0.02375385599482896,0.056299520194263535,0.046183225259326464
2022-02-23,0.10611634086341046,0.022612879145435257,0.5026290356774382,0.16614622997124912,0.04962401435155787,0.008796739933591894,0.01643166411696492,0.024022166003510936,0.05662754912644166,0.046993380810399665
2022-02-24,0.10267093342573567,0.02206898518142028,0.5041268516329032,0.1672829024470959,0.04967919198947599,0.008877956505144884,0.016291603125782695,0.02411810698780033,0.0573082230070849,0.047575245697556195
2022-02-25,0.10497706285152798,0.022542753696745105,0.5017181387483596,0.16581990862598067,0.04981209581859076,0.008892422720173964,0.016572478483263396,0.024451182528123127,0.05730605768788719,0.04790789883934821
2022-02-28,0.10264470273328226,0.02196053643271927,0.5050418414250055,0.16522841656644707,0.04912833067428697,0.00930151596667837,0.016891238828201382,0.024497032672033237,0.05717801873590056,0.04812836596544534
2022-03-01,0.10279149462667392,0.021897186805977464,0.5042417836757476,0.1653468815390872,0.04875735359208271,0.00916852704314454,0.016745507654539644,0.024859016921579005,0.05732066267067145,0.04887158547049671
2022-03-02,0.10077646461168814,0.021765240373536318,0.5108403934476886,0.16408377071479918,0.04766359460379302,0.009095117485330984,0.01629426077455901,0.024143614607088717,0.05731139933005267,0.04802614405146354
2022-03-03,0.10118289762131892,0.02217928156013019,0.5116861247101431,0.16214751456297755,0.047767988443130925,0.009025567802312345,0.01652384322627633,0.024520829542622274,0.05719568104836967,0.047770271482718674
2022-03-04,0.10343506373065887,0.02317186635616576,0.5098884047059907,0.1593656319782707,0.048146815433373395,0.009108691195625403,0.017246136808214876,0.025855714267109534,0.057754111749932904,0.046027563774657825
2022-03-07,0.10335320660269591,0.023754692817522228,0.5125544677333745,0.15688318825477107,0.04856267351483112,0.009260304134287817,0.017782409630823573,0.02598681600599824,0.0581510488977435,0.04371119240795185
2022-03-08,0.10572609486450242,0.02472140006936129,0.5113935082816542,0.15366799471092993,0.04921306267785866,0.0094192256335024,0.017919424472298596,0.0269155777844193,0.05712501925018554,0.043898692255287634
2022-03-09,0.10149758147612493,0.024015109212611394,0.5223406785399904,0.15305153415372774,0.04759529038314484,0.008941543867910367,0.01723728403529794,0.026084233170282994,0.05549405271647667,0.04374269244443262
2022-03-10,0.10051223494239638,0.023696276110112158,0.5282687111507958,0.149436403786875,0.04660777067413589,0.008750414878298399,0.01726644428887166,0.02680340858582985,0.054339359044897256,0.044318976537787755
2022-03-11,0.09989796200065997,0.023346877801855955,0.5244167883981335,0.15545716325995645,0.046094871274086464,0.008829141454895469,0.017324367538544556,0.027177483365003172,0.053677626292775796,0.04377771861408851
2022-03-14,0.10096085046077236,0.023705223133198283,0.5192229336825885,0.15578460617800816,0.04670872507727125,0.008999575313644117,0.017277348214059924,0.026369724725096595,0.056070844662048404,0.04490016855331231
2022-03-15,0.1011274149730738,0.023965669797007826,0.5161694234849538,0.15599507824200476,0.047218225413751286,0.009036184756584128,0.017620735951477243,0.026495683197821533,0.0576646531111226,0.044706931072202916
2022-03-16,0.10012347469572731,0.024480900439275366,0.5148633691011597,0.15596476802030787,0.047181397475725924,0.009035615970220644,0.01751522895363342,0.025910831099629047,0.05892792678876297,0.04599648745555768
2022-03-17,0.10113448088493444,0.024083701078813843,0.5168105374307105,0.15712321850480113,0.04612442623672167,0.008739770828805678,0.01721072644820485,0.025820035594266967,0.057565647416395305,0.04538745557634578
2022-03-18,0.09948701719004505,0.023656559046747367,0.519751059461045,0.15707677264465084,0.045623201512096805,0.008967013928927136,0.016997272466189085,0.025198026293163353,0.05741529163853645,0.045827785818598844
2022-03-21,0.10358765547206474,0.024320737876678804,0.5152868199021428,0.15653768628652762,0.04582860790573186,0.009092243635423582,0.017026952333837185,0.02550827299178795,0.0574566848235975,0.045354338772208104
2022-03-22,0.1015576094773066,0.024505116291389607,0.5176202710305232,0.15551332086426262,0.04598741585435827,0.00912474818699919,0.01712106091655495,0.02532810471812349,0.05752661132321154,0.04571574133727043
2022-03-23,0.10462433894033997,0.02562008527892627,0.5153048888048501,0.15434258508129295,0.04644799755287319,0.009188571778640868,0.017192114550963564,0.025266031332147568,0.057027742477600056,0.04498564420236528
2022-03-24,0.0975805815495551,0.024727571717317376,0.5245560358292459,0.15350248951879752,0.045611771336483954,0.009239034235094505,0.016751905688545503,0.02530912783785728,0.056795285530932396,0.04592619675617039
2022-03-25,0.09958405294247868,0.025105656179121322,0.5220671960887674,0.15125604187012523,0.04580573899137627,0.009528222134960015,0.01697527145784951,0.02542924947927273,0.057983916079538386,0.046264654776510594
2022-03-28,0.10237214716374615,0.025525645313533036,0.5212607899914612,0.14981210750477653,0.04577330765208593,0.009806752953345831,0.01711282855988286,0.02536849611347189,0.05696477453711914,0.04600315021057743
2022-03-29,0.10386817212320046,0.02575038349692638,0.5207781917011638,0.14650110169246885,0.04671212906657312,0.009757980696747968,0.01719290485017645,0.025745690949304647,0.057164265831842434,0.046529179591595964
2022-03-30,0.10317544852329036,0.02617198163813219,0.5231539379188246,0.14466322679484872,0.046218769356900065,0.009713510486576728,0.017244345712237593,0.02585688597138491,0.05724333862809688,0.0465585549697079
2022-03-31,0.1016874392177643,0.025466590882840652,0.5243127070245731,0.14697184411355216,0.04575893112633141,0.009682361820533584,0.016742129368200548,0.025229566364374092,0.057586102873324524,0.046562327208505686
2022-04-01,0.10397920850315627,0.025877105478242776,0.5228966033425823,0.1457449011536577,0.04625942184994721,0.009796891592947993,0.016858877525003813,0.025367484595045994,0.05687461328179474,0.04634489267762119
2022-04-06,0.10458589987309809,0.02587062675569487,0.5260363064773412,0.14601429896149354,0.04594392356913451,0.010159033445232543,0.016448941321173007,0.024814490939183094,0.05519499914744052,0.04493147951020865
2022-04-07,0.1071840773056418,0.02682731643844865,0.5218772281246219,0.14619226973175792,0.04620496270124696,0.009823705892815568,0.016948942217486475,0.026607113220467455,0.05442850137562128,0.04390588299189207
2022-04-08,0.1059408404448661,0.027087037208337262,0.5237082250959834,0.14710859674861618,0.04621339986323903,0.009701541669051171,0.016814729764148998,0.026190263858598326,0.0532181910690879,0.044017174278071544
2022-04-11,0.10739183430622214,0.02724109972149095,0.5268352124787159,0.14653861716538408,0.044784569474902045,0.009646022327823571,0.016734978218694383,0.02640456461433111,0.05088133910255359,0.04354176258988223
2022-04-12,0.10966030250702033,0.02734563084981497,0.5243877510539413,0.1447566643147492,0.045617945171605084,0.00988977259524689,0.017222764987842625,0.0269977171770355,0.050779996187485445,0.043341455155258606
2022-04-13,0.10609224557502527,0.026550839735029613,0.5260966407211812,0.14949870498011072,0.045119479273465456,0.009766845149966579,0.016642680263706147,0.026101019412817204,0.050477248531177944,0.04365429635751983
2022-04-14,0.10661339732963208,0.027024851224131525,0.5250657717160985,0.14887149704560085,0.04466325597578364,0.010079203058761844,0.016802584391779785,0.026198779763303166,0.05070334258731617,0.04397731690759255
2022-04-15,0.10415981882131009,0.026173670299304147,0.5255492470698839,0.15401742173321595,0.04444084387049611,0.0099495706258194,0.016291028192588246,0.025851213127224895,0.0498934095411105,0.04367377671904657
2022-04-18,0.1067082286209583,0.027502043079275743,0.5235064118786312,0.15217863673734042,0.04419175434467951,0.00993487863953887,0.016289152094515872,0.025835181999283367,0.05017973849762898,0.043673974108147544
2022-04-19,0.10498663656933686,0.027478717140297832,0.5243974776876328,0.1512678469156158,0.0441180563171249,0.009988963659286454,0.01709801099157015,0.026098378146137143,0.050497638405534374,0.04406827416746374
2022-04-20,0.10446990778131718,0.02763666432962893,0.5272585608723453,0.1501534858199184,0.043747669865495976,0.010071026763673408,0.017021531016730745,0.026754791000543766,0.049516704984876515,0.04336965756546968
2022-04-21,0.10328657063815254,0.02742727992362621,0.5279132815886421,0.15059638386412585,0.04388764907700227,0.010114019005042257,0.016543315758148953,0.026098808298960115,0.05119841531343914,0.04293427653286047
2022-04-22,0.10396116845299803,0.027989742838941904,0.5295667278320698,0.14946046668110283,0.04367565367001787,0.010020540766631858,0.01659492360198218,0.02617510401615595,0.050112465287080236,0.042443206853019354
2022-04-25,0.10483682262186333,0.028787202325009708,0.5247313749508141,0.15128511961602753,0.04454804682111892,0.0102691599306127,0.01717548411282855,0.02667432381088555,0.049594893871689555,0.04209757193915005
2022-04-26,0.1038919456277659,0.02936574542702278,0.5290974990299918,0.14836558961969495,0.04479044663107582,0.010485430828554207,0.017554685338263612,0.026854538516116987,0.046719589707690225,0.04287452927382374
2022-04-27,0.10377839270826672,0.02878951277476592,0.5324187550885736,0.15051092636827126,0.04340743312878263,0.010898726236009067,0.017105264323212556,0.02664127264710155,0.04328987193994219,0.04315984478507441
2022-04-28,0.1019040515290079,0.02745858453447303,0.538480551152386,0.14960812954398545,0.04302417571751185,0.01038057114726994,0.01659138621818029,0.026308181178812624,0.04274716529283278,0.043497203685540005
2022-04-29,0.10232021588103535,0.027629205634944795,0.5393607382577117,0.15063031463278925,0.04194565028708474,0.009824168446104165,0.016586914779753,0.026112558573110973,0.042463937331831104,0.043126296175635015
2022-05-05,0.10005221309513578,0.02732121332982545,0.540128536148454,0.14799522032839194,0.043409238113913826,0.010474720602005487,0.0169686719326959,0.02599043260571198,0.04422347526150463,0.043436278582360995
2022-05-06,0.098996185222689,0.02716225098739719,0.5390528690627752,0.14647244478321841,0.047278092396329366,0.010106338563920427,0.01715142748286101,0.0260271929215942,0.04422632272190023,0.043526875857315045
2022-05-09,0.0992153949031657,0.027103562557436005,0.5389304612937882,0.1458719139536319,0.04805934612374659,0.00984697302423092,0.017389972406350106,0.025755388331707714,0.044782391237327426,0.04304459616861544
2022-05-10,0.0991998122620519,0.026398882917443505,0.5356484622478543,0.14622251496268712,0.04803521087259498,0.01039983442693472,0.018214670058549907,0.026635681709577464,0.04548918013442609,0.04375575040788008
2022-05-11,0.10010632673193566,0.02652005794259653,0.5345678859852016,0.14526949679970505,0.04780966519249685,0.010589680261870595,0.018498840321575234,0.02823325227694743,0.04517100551477122,0.04323378897289981
2022-05-12,0.09878225587373311,0.026484427153941024,0.533910948512527,0.1469766498231102,0.04734657126438668,0.010307281684508101,0.018098799761177016,0.028386044680249568,0.04592806211701447,0.04377895912935287
2022-05-13,0.0981463632311197,0.026997104074580128,0.5329160970039368,0.14767888308814642,0.047330076825809066,0.010412606658192828,0.018083820724512274,0.028678754848303737,0.04610392352346699,0.043652370021932084
2022-05-16,0.0980208832774402,0.02766015387787928,0.5336736992727893,0.1455367658703801,0.04737799882818075,0.010384408146811205,0.018431794100340456,0.029242117272655133,0.0456890136169418,0.04398316573658171
2022-05-17,0.09722995097154973,0.026855213132450217,0.5344368322922184,0.1457695806233572,0.04769141822474067,0.010773397628510763,0.018309875364691277,0.029795322381061272,0.04543206751172253,0.04370634186969816
2022-05-18,0.09778644398139864,0.02884186393804782,0.5336547647037405,0.14563768454613174,0.047409121400859684,0.010718160192207095,0.018072204499540737,0.02915093599067108,0.04515497453219395,0.043573846215208795
2022-05-19,0.09753051478332456,0.028123798748325695,0.5347915792878076,0.14505481639559364,0.04718423068974193,0.010775868147355011,0.0183088365546403,0.029633762295390262,0.045307669547242836,0.043288923550578146
2022-05-20,0.09718605370002599,0.028377585698565983,0.5352483573327472,0.14459372284912134,0.04695716413303493,0.010853063537199443,0.018430913077414283,0.030223962562808817,0.04527426728552796,0.04285490982355405
2022-05-23,0.09650653472008487,0.027568157028869066,0.5334820811835419,0.14878931546443724,0.046369562088681864,0.010972513958130797,0.018096814263373808,0.02917535388623738,0.045511529833901866,0.04352813757274123
2022-05-24,0.09755828696764382,0.02719611579715163,0.5338717058417879,0.1476714970628361,0.045699091246081174,0.010929847071313165,0.018338908595073533,0.029293538585206155,0.04581779759189441,0.04362321124101207
2022-05-25,0.09807380783941255,0.026997878033734084,0.5358098169578429,0.14728556886543587,0.04556656184074829,0.011045537093985664,0.018227663402098783,0.029445317937868615,0.044229352838784416,0.043318495190088714
2022-05-26,0.09813935170397274,0.027468787092616742,0.5334308916410014,0.14783292375945906,0.04545166572826613,0.011292608393796243,0.018716043408722943,0.029999122639425873,0.04463936592085736,0.04302923971188159
2022-05-27,0.09838419182566137,0.02783636458548262,0.5308899987344796,0.14798525013506617,0.04552203300502552,0.011389415997165982,0.018925419275204615,0.03094693939543063,0.044920888030074005,0.04319949901640951
2022-05-30,0.09878683142253898,0.02758186148601076,0.5316707538935881,0.14784251270272186,0.044968433978860745,0.010937784286631972,0.01835243252443002,0.031078035430211544,0.04580843770572153,0.04297291656928449
2022-05-31,0.09647290771194192,0.026611372160074875,0.5312132882428603,0.15338024938642317,0.04477832374491988,0.01085087959287338,0.018203266091489336,0.03051694430390892,0.04506448568445568,0.04290828308105246
2022-06-01,0.09556230110657751,0.02598268710286671,0.5305199413303074,0.1557479795732409,0.04454169633538104,0.01066578084365507,0.01804348121165581,0.029917877728648127,0.045277442012125094,0.043740812755542396
2022-06-02,0.09586760134452167,0.02650082757731167,0.5299869279744425,0.15605785993600116,0.044275628074304685,0.010855930295373531,0.01799096229236316,0.030066623446842855,0.045119396413846435,0.04327824264499237
2022-06-06,0.09530533637576362,0.026241473407198002,0.5319264880104095,0.15621890591998877,0.04419916915856301,0.010734911924435318,0.017867473784179348,0.02931847496908908,0.04512983127916267,0.04305793517121058
2022-06-07,0.0940983536541436,0.026076648820149775,0.5301618563201866,0.15844920509096247,0.04425455318653996,0.010498361151721954,0.017770685172390093,0.029273500783350476,0.04596872905839718,0.04344810676215788
2022-06-08,0.09427272210609694,0.026461390546045776,0.531168951371585,0.15720450821118423,0.043912009167054726,0.010482613900915505,0.01747692646617504,0.028386174091872673,0.04627780957615787,0.04435689456291223
2022-06-09,0.0929533094529485,0.026329774042583135,0.5341915373476577,0.15760470732710324,0.04288445290481046,0.01015659008548274,0.017245919246471415,0.028104995409245676,0.046659804644843296,0.04386890953885387
2022-06-10,0.09610869392873576,0.026986541957541958,0.5333787254337317,0.15654934656333713,0.042432739566068994,0.009867286483051003,0.017370929520774295,0.028830483270080337,0.045239276606534616,0.04323597667014413
2022-06-13,0.09492509855491327,0.026539942063999965,0.5366218058619511,0.15478676110275139,0.041940604848989926,0.009771353093354095,0.017558229024257507,0.029573957545401992,0.045249034254407274,0.04303321364997342
2022-06-14,0.09497223167468119,0.02667830750136099,0.5356183560074466,0.15383154497112067,0.04255562448259889,0.009918711460257612,0.017432797831040913,0.029938533494518225,0.04586871211223904,0.043185180464735934
2022-06-15,0.09563723545537352,0.026964768859791644,0.5348584135449742,0.1535212376041915,0.042585255127387145,0.009880440422457362,0.017624728160223178,0.029533490998755164,0.04590094622681218,0.043493483600034084
2022-06-16,0.09695694915044975,0.026898718018868045,0.5305759223295267,0.15500171138597274,0.04309780215749159,0.010065882115655886,0.01749575378107471,0.028989693406522268,0.04684200028986984,0.04407556736456862
2022-06-17,0.09145207857913212,0.026318483491819443,0.5347690095851646,0.15635024520092516,0.04292493750041259,0.010063632629340385,0.01759926471888172,0.028740154247495032,0.04717886472750267,0.0446033293193262
2022-06-20,0.08896349576388714,0.024467912576967354,0.5412840297006867,0.15532159652032546,0.042649001131724124,0.0100409924613303,0.01735203402122852,0.02782790172031451,0.04701309894913354,0.04507993715440245
2022-06-21,0.08793313077269051,0.024011559211195004,0.5397904263140619,0.15759321898978434,0.04313367053668338,0.010236730802990325,0.0173511815784398,0.02732184805720601,0.04722719419721668,0.045401039539732145
2022-06-22,0.08902555993474214,0.024315308589411357,0.5404800420912343,0.15592214863731718,0.0433939286521665,0.010067487636772303,0.017373099255641747,0.02790148698321687,0.04656237320216008,0.04495856501733751
2022-06-23,0.0886423886819942,0.024358367368654356,0.5433095636584055,0.1544139035168364,0.04243998949516351,0.009802562991108219,0.017501954410223237,0.02818866389796481,0.04651434132274832,0.04482826465690138
2022-06-24,0.0887063431986375,0.024146142122915232,0.5439316095800806,0.1549249841472704,0.04220061053004293,0.009770601773877336,0.017250623661483673,0.027637911886566863,0.046474822528943346,0.044956350570182255
2022-06-27,0.08634987239973317,0.023639435989451642,0.5466416735701504,0.15554140356358373,0.04342882419801214,0.009896621074352144,0.016711014806462556,0.026746024073627504,0.04631475566814894,0.0447303746564776
2022-06-28,0.08605108687171001,0.023791776795094102,0.5403806613578169,0.1602861051274565,0.042075986244875414,0.009912463434201293,0.01644316524318578,0.026958606348907267,0.048533476495224194,0.045566672081528495
2022-06-29,0.08531145250293434,0.02375833335917238,0.5394523282710791,0.16345501848270458,0.041728152277041276,0.00976150766369264,0.016681400810851878,0.026955545403374075,0.04797901917258758,0.04491724205656204
2022-06-30,0.0868148933573162,0.02440339999500471,0.5420516540006396,0.15841617068238242,0.04182685118528458,0.009622379838385722,0.01677963198405224,0.02716548489044576,0.04816286592260843,0.044756668143880365
2022-07-01,0.08658763925302748,0.02249182328764803,0.538058536815523,0.16416883094572943,0.04177163881771428,0.009542408908333685,0.01639333630408757,0.026352866764194988,0.04955503369332751,0.04507788521041428
2022-07-04,0.08671914405496857,0.022244948365669225,0.534672745084065,0.16528939182487418,0.04150010101581137,0.009346561384148922,0.016730961910442505,0.02699701922890477,0.05210578859534313,0.04439333853577251
2022-07-05,0.08584118470555444,0.022039068863459042,0.5325322283455649,0.16393091238552535,0.04179635945383466,0.009570762582652518,0.017099728219533403,0.027225239388552702,0.05516966280582959,0.04479485324949326
2022-07-06,0.08615783481376568,0.022130072823998665,0.5376522360805315,0.1622993196378879,0.039324771137212264,0.009433113456746231,0.017105283433650947,0.026829320640880176,0.05440250695844944,0.044665541016877364
2022-07-07,0.08613244216720005,0.02205855963103771,0.5377574262216029,0.1616334174512289,0.03950821100235547,0.009420292949879455,0.0176924166198426,0.02751964719019811,0.053769214474550166,0.04450837229210481
2022-07-08,0.08596905478648585,0.022144885076343403,0.5382390907367457,0.16012112894886016,0.039879051833700746,0.009516927335164127,0.018055790937118565,0.028175462076335953,0.053084335639250975,0.04481427262999429
2022-07-11,0.08601029263015421,0.02222901675860337,0.5384115116382999,0.16037508654201615,0.040328010760826774,0.009397358510310448,0.018507678108327777,0.02836634355199123,0.05258872182458582,0.043785979674884165
2022-07-12,0.08656387382283894,0.02253547270252134,0.5361681168133191,0.15978489450667116,0.04160618703520337,0.009562067996907677,0.01840636917788719,0.028679159080888396,0.05278682815839428,0.04390703070536873
2022-07-13,0.08738912576211791,0.023160168295479018,0.5340280957180625,0.16091295255992974,0.04291816378559737,0.009465824516506093,0.01870352360587335,0.028944477946555608,0.051315861283936934,0.043161806525941565
2022-07-14,0.0841451117547043,0.022532209533770785,0.535869930283213,0.1632244668537887,0.04288483679848234,0.009354323203407051,0.018716320835500073,0.02904571175662796,0.051370166565870345,0.04285692241463552
2022-07-15,0.08204047957109596,0.022474818374068315,0.538259024323377,0.1619173439233856,0.04222988761942723,0.009314367009616983,0.018431251615675662,0.028512857969239244,0.05392408865650464,0.042895880937609335
2022-07-18,0.08087071038845929,0.022846873635948693,0.5407488152068135,0.16276122435217605,0.04190453527719615,0.009333183474839137,0.018385157112177242,0.028179484807699922,0.05245377364969193,0.042516242094997984
2022-07-19,0.08148760497963134,0.023119234511959127,0.5402678240784292,0.1602381498954785,0.042565511179408974,0.009387623750862306,0.018644152191254693,0.028599252614296335,0.05331906360538593,0.042371583193293615
2022-07-20,0.08154341395071509,0.023359767666820234,0.5397828420211497,0.16214722782698335,0.04244067677307257,0.009463433303007038,0.01833034109336525,0.02854023574566016,0.05309679009064329,0.04129527152858342
2022-07-21,0.08138721116665304,0.023269527483356853,0.5406896835853945,0.1620165357977087,0.04239666652408016,0.009493495690165814,0.01814715500441495,0.027929361198260155,0.053530098433574515,0.04114026511639134
2022-07-22,0.08024320288523021,0.02306803682592361,0.5419631204032268,0.1612463489468337,0.04253931525641883,0.008753459695328534,0.017978896947014048,0.02775489807211936,0.054928484779347524,0.041524236188557405
2022-07-25,0.08077046705826563,0.023177295303847652,0.5424628744350568,0.16005176456771358,0.042391101168711816,0.008363237904781905,0.017871935924019335,0.02818533798595586,0.05517767602399252,0.041548309627655086
2022-07-26,0.08103238095560494,0.023297012080593604,0.5414031412797868,0.16179890784972095,0.042721354448404476,0.008380285068465772,0.017643811584945546,0.027924913720398126,0.054401279611102804,0.04139691340097695
2022-07-27,0.08217622162116531,0.023434849347534405,0.5413865229505747,0.16382883255170852,0.042473802223188556,0.008441913865083214,0.017592969487334742,0.02832177913564444,0.05098815515181616,0.04135495366595006
2022-07-28,0.08291728524345394,0.023854368473488128,0.5398056130025729,0.16344404306202467,0.042117435676727134,0.008631134173063527,0.01763776197997222,0.02852820122592651,0.051735627068995566,0.041328530093775386
2022-07-29,0.08385244670392077,0.023959349725089906,0.537640331000085,0.16378325081251047,0.04229889821221954,0.00868887407059402,0.017632461947561195,0.02881830656740534,0.05192751765930916,0.04139856330130468
2022-08-01,0.08416635040568564,0.024295466351705413,0.543726934451542,0.15788194485937623,0.04270365097138607,0.00865245783737374,0.017556022472613782,0.029014685109690408,0.05132516545308116,0.040677322087545396
2022-08-02,0.08344574373467512,0.024483756716415103,0.5434889348238927,0.15865232360877576,0.04254654385928239,0.008476770328277698,0.017675087113125276,0.029332862226624595,0.0513630181858788,0.040534959403052635
2022-08-03,0.08358982049099174,0.024622772400794118,0.5467512098508055,0.15785671045828553,0.041537569970759095,0.00836291037295747,0.01746460917972075,0.028962483864432113,0.050507672779944085,0.04034424063130973
2022-08-04,0.08260423317519731,0.02417659231400271,0.5483732563381233,0.15694154485339137,0.04149768579261157,0.008172494183269173,0.017297146703796173,0.028845992285186067,0.05126124091433603,0.04082981344008627
2022-08-05,0.0824374235415253,0.024340472167449015,0.5476569508124104,0.15613404404599,0.04120839155663588,0.008118042165008225,0.017368112544812814,0.028669713254670968,0.05328315663147668,0.04078369328002076
2022-08-08,0.08270154857109234,0.02414985040675544,0.5466758837219213,0.15731750703708436,0.03914310096933316,0.008232805518016806,0.01728222192942262,0.02886653051166706,0.05487252322063192,0.04075802811407499
2022-08-09,0.08266524904625584,0.024764425645234088,0.545384634554139,0.1568468445023331,0.03907435205815698,0.008301664555525019,0.017556679115246093,0.02919002508524566,0.0551858175720346,0.04103030786582943
2022-08-10,0.0826780534841088,0.024585566071989876,0.5472188920591639,0.1566771100658434,0.03931423556561988,0.008223754817896155,0.017306822062989807,0.028901131828765216,0.054310078887080566,0.0407843551565425
2022-08-11,0.08341838486208401,0.02494868719161134,0.5454162020761758,0.15631407877891845,0.03964726205425793,0.008247896787785943,0.017441675081701535,0.02924467434402359,0.054403572781469234,0.0409175660419722
2022-08-12,0.08431089243758015,0.024626454903057076,0.544635928968815,0.1570118298919534,0.0394739588977777,0.008319589897890478,0.01738871803299887,0.028934251993991147,0.05428663528471095,0.04101173969122522
2022-08-15,0.0838029871429081,0.02452049726474715,0.5467324856381925,0.15658351891067154,0.039268521412537595,0.008280296001284793,0.017432892042607163,0.02860585847502655,0.05391361071374807,0.0408593323982766
2022-08-16,0.08294809334259454,0.024511353665256523,0.5483920444627491,0.15533921762228475,0.039554099198121674,0.008219157235114084,0.017559671623981078,0.029059465682538334,0.05352243876391279,0.04089445840344711
2022-08-17,0.08319375437045498,0.02433506065822143,0.5491161762348695,0.15502936657003624,0.03961015827350882,0.008257238817702565,0.01753369299048351,0.02916996732284492,0.052996126296341796,0.04075845846553644
2022-08-18,0.08442290288895735,0.02468387995179192,0.5470018011207891,0.15527434428927067,0.03960776692568673,0.008290849908078352,0.01761703099358328,0.029096089488109583,0.053048340274387304,0.04095699415934568
2022-08-19,0.08438463729089521,0.024452938701771294,0.547993453387094,0.1549278349670505,0.03943776770195377,0.008324448021857105,0.01751536366756648,0.02912201244247187,0.05290918748796583,0.040932356331373966
2022-08-22,0.0849197167941657,0.02451895778137771,0.5466796957845657,0.1548013989159681,0.03939219015999006,0.008340065459217923,0.01838516596795619,0.029721094938474045,0.05259090145200757,0.04065081274627707
2022-08-23,0.08501139637931794,0.02493315306043037,0.5482043536358079,0.15338569634862026,0.03956246168079114,0.008375326645643486,0.018549520275302177,0.029820193594180762,0.05150221619149986,0.04065568218840604
2022-08-24,0.08529850059221804,0.02494210540409376,0.5477203452056417,0.1520470058474056,0.039692813371357966,0.008354523030472287,0.019118308478488277,0.030385611938142133,0.05149164142459367,0.040949144707586586
2022-08-25,0.08574122994397558,0.025041760886806222,0.5468400052977628,0.15240440063653557,0.03971571826092919,0.00831539298710208,0.018900325906116205,0.030384148438809898,0.05163755704244483,0.04101946059951766
2022-08-26,0.08593272110771774,0.02503006401378375,0.547204615016397,0.15196063012401143,0.03950926540522676,0.00841482929447561,0.019155126286519716,0.030739536299461582,0.05157949287881089,0.040473719573595565
2022-08-29,0.08550676260431764,0.025005023744598256,0.5488605559247182,0.15199306507836466,0.03908516235599462,0.008332222472571985,0.018995698565018235,0.030331324176916256,0.05105816850085583,0.04083201657664438
2022-08-30,0.08217238645822146,0.025570968055552368,0.5514256708258034,0.14995455114295925,0.03990552296808174,0.008496296492803179,0.01934896325736662,0.031078548028350573,0.05101565103075717,0.041031441740104195
2022-08-31,0.08210815511430578,0.025669645966611872,0.5519945284682624,0.1496132639600766,0.040426223407034854,0.008594581226008275,0.019197538882640603,0.031045860584505036,0.05046973346983543,0.04088046892071916
2022-09-01,0.08144362274730436,0.02507756136665466,0.5537898676346922,0.14869757359124564,0.0412000408897937,0.008495408057319019,0.019043932808359417,0.02998394863544743,0.05065977127079151,0.04160827299839218
2022-09-02,0.08266792094145653,0.02531072791017266,0.5495197010809342,0.14765583635447513,0.043024321911724485,0.008645683635261957,0.01972894976974885,0.030643998142187604,0.050946562809966914,0.04185629744407165
2022-09-05,0.08256554933087078,0.025446239212258304,0.5496906660612227,0.14660764128455683,0.04339632471692382,0.008643458174153984,0.020110217141626644,0.031379944340439385,0.05046746810026586,0.04169249163768165
2022-09-06,0.08397681001837347,0.025951761778166858,0.5455573853087436,0.14608639301663356,0.044462021405058644,0.008631492129068354,0.020182373102260544,0.03224888672551452,0.05092317110546559,0.041979705410714635
2022-09-07,0.08349880805433073,0.025712891682049793,0.5460475757890675,0.14680605382889955,0.043995415693866266,0.008739122343178144,0.020301764344253615,0.03218773116423437,0.05091810625587595,0.04179253084424396
2022-09-08,0.08454318395137335,0.025964257982829624,0.5438331391874947,0.14691165650239982,0.04421271029628876,0.008775126694522475,0.02048410742851996,0.03261884161754668,0.05078091309720433,0.04187606324182053
2022-09-09,0.08409592722188926,0.026169099606880995,0.5426004415664972,0.14694182888207374,0.04446708759458182,0.008775529337020449,0.020755404924441122,0.032813062046736514,0.05120526088440441,0.042176357935474515
2022-09-13,0.08443679537862078,0.026246026375318855,0.5419531808678957,0.1465660650809282,0.045659112565943794,0.00883154488838109,0.020116965820016784,0.03224468065196518,0.05188467969285187,0.04206094867807751
2022-09-14,0.08422580373426304,0.025701608053389165,0.5440501925634692,0.14639584979125142,0.045624309886500576,0.008743445100549885,0.01967249802131862,0.03136522883183596,0.05222517138330895,0.041995892634113165
2022-09-15,0.08372222792521154,0.02568935380077038,0.5444188700015774,0.1461717813699949,0.045599165437191676,0.008888064065799202,0.019670163319746043,0.031053551806945766,0.052776847196032615,0.04200997507673053
2022-09-16,0.08469964666833255,0.025747600322737055,0.5443077008224255,0.14707609451345263,0.04555672929022163,0.008785797191484349,0.019516718414640314,0.030616635787623865,0.05217799145336127,0.04151508553572064
2022-09-19,0.08377225444768312,0.025436735730607382,0.5468639682704812,0.14641824165022513,0.04561516735542589,0.00871089377462204,0.019253835970268605,0.03047563010328477,0.05202931674528277,0.04142395595211906
2022-09-20,0.08391807522195963,0.025664797224810305,0.5477237878903962,0.14741233311693772,0.045207797465507835,0.008795653757705888,0.019223335294301792,0.02981421384080771,0.05155114467366715,0.040688861513905786
2022-09-21,0.08252115087466332,0.02528620069292155,0.548663237118798,0.14966568973563324,0.044791455016215176,0.00863232783399095,0.019191093874705547,0.030015384139445003,0.05063388959875697,0.04059957111487001
2022-09-22,0.08386358089876077,0.02566543661788967,0.5464420458985688,0.1493415701330749,0.04553314768923702,0.008677941143452404,0.019686877280183954,0.030675749639721712,0.050196478072154174,0.03991717262695667
2022-09-23,0.08498648531598701,0.02611217904610153,0.5488112171255136,0.14799120042993866,0.044751486762344556,0.00853721054592851,0.01999594752369601,0.031096056912207844,0.04995779113839886,0.037760425199883416
2022-09-26,0.08494405165542919,0.02602282798468838,0.5510244498166507,0.14769827889016435,0.044544492679054803,0.008573741405019954,0.019820579505800316,0.030688363657053443,0.05022919114354665,0.03645402326259244
2022-09-27,0.08275075340408589,0.02539046248648597,0.5565483041469759,0.14964198517655591,0.044006452358980444,0.008696120181977839,0.019286824986114448,0.029878576877415335,0.04839220601761245,0.035408314363796003
2022-09-28,0.08121692162827211,0.02531025030924828,0.5515865460803356,0.15421600977711852,0.04380932759945346,0.008658685308073682,0.018965785394266636,0.029261954253631237,0.04992194203796185,0.03705257761163843
2022-09-29,0.08170150491609045,0.025367769971102648,0.5524222377271099,0.15374476146408297,0.04340038312917693,0.008691053300172544,0.018749011325506063,0.02921595681793626,0.0498621813120474,0.0368451400367749
2022-09-30,0.08036502911669519,0.02526077059826659,0.5524629515726703,0.15298321722039718,0.04287204980647242,0.008601810826676173,0.018724515179558116,0.029006689321793965,0.05217408311529095,0.037548883242179185
2022-10-10,0.08096479530119975,0.025377648679998317,0.5506005181164692,0.15376085673070988,0.04274846539167302,0.008731788550181531,0.018739625438148146,0.028987963393725728,0.052410298632856116,0.0376780397650385
2022-10-11,0.08345589731220726,0.02651269954607506,0.5465760967505643,0.15026115539113116,0.04417574097491105,0.009010944336072123,0.019485463360400645,0.029950519562319533,0.05324162074077143,0.03732986202554749
2022-10-12,0.08282968817805311,0.02639544490142315,0.54594665460026,0.15030107683863977,0.043916361286310296,0.008849311141314375,0.020293144574150393,0.031115757701140764,0.053110666819121306,0.03724189395958677
2022-10-13,0.08420164326621135,0.026689804196389565,0.5437619729054477,0.14950012951593333,0.04470833347693912,0.00897367263352807,0.02086316833865402,0.031431781021213114,0.05216540013136751,0.03770409451431622
2022-10-14,0.08502317764163429,0.026989055902329983,0.5362025801894461,0.1496726897496904,0.044808825717360966,0.009492248829060444,0.021318080224407964,0.03226972178757703,0.05532221937492192,0.038901400583570854
2022-10-17,0.08393950809995855,0.026104378209579032,0.5342007074904782,0.1511578019501484,0.044639764043337055,0.009168946064773732,0.020359081529577282,0.031188887645295302,0.05930839530945466,0.039932529657397534
2022-10-18,0.08455335898919908,0.02646646732628626,0.5315453864764994,0.150674041708093,0.04474541833576673,0.009224823873619547,0.02028125987709203,0.030492549075030663,0.06212008379874623,0.03989661053966703
2022-10-19,0.08495941413342192,0.026672646546479273,0.5291998635983837,0.15212988911209585,0.04497620232575559,0.009142494973302114,0.020304921902018984,0.02987223555994882,0.06216354671816504,0.04057878513042868
2022-10-20,0.08527967482319662,0.027412337355841886,0.5262147477721196,0.1524361383390405,0.044559849937314086,0.009208497794940049,0.020804150346168056,0.030654560043586975,0.06323610962548859,0.04019393396230359
2022-10-21,0.08526632639187792,0.027431123658918106,0.5266523370447783,0.1526340692428521,0.04404384733302738,0.00909080462238402,0.020288996260862228,0.03062630603009477,0.06375488510947375,0.04021130430573148
2022-10-24,0.08542321454024727,0.027759823187633145,0.5246217242962158,0.15187484533078272,0.04431394995137628,0.00892326367942689,0.020434277444582594,0.031152276326218233,0.06556757510123115,0.03992905014228596
2022-10-25,0.0870344873179128,0.028851133416184928,0.5164097611958659,0.1522370578055286,0.04622992224804652,0.00930008676722741,0.02135041217694194,0.032234799161260735,0.06808780081354036,0.038264539097490724
2022-10-26,0.08818179303219942,0.029145843712743126,0.5136991620837792,0.15245067578439386,0.04637624306022503,0.009430569628383696,0.02212415158593395,0.03337778443212912,0.0671998229979575,0.03801395368225513
2022-10-27,0.08755217579262893,0.028927238807988084,0.5089377285690704,0.15402905000225114,0.04678098025607916,0.00945882201020139,0.02161737503950964,0.03332271920671115,0.07011384875745079,0.03926006155810933
2022-10-28,0.09030674330231575,0.029857164968644954,0.501673627865102,0.15169603776526314,0.048815568017798905,0.009644501353080443,0.021864540077261636,0.0340181852048226,0.07222492582988574,0.039898705615824946
2022-10-31,0.09088815659337712,0.030879070793910727,0.49631114848339913,0.1550498915738599,0.049389772549694934,0.009596484131663365,0.021871488039094035,0.033832483575095475,0.07218007231908326,0.040001431940822
2022-11-01,0.09154488476700426,0.03128553487573445,0.4972120775926443,0.1519297464056481,0.04733630827549048,0.009485962829516598,0.022073495383960855,0.033617221048735525,0.07518456346172049,0.04033020535954489
2022-11-02,0.08855726256562756,0.029556236550045595,0.5077184575376786,0.1529976871010887,0.04572306614902699,0.009277386968698908,0.02068941242661881,0.03184689231737497,0.07316624587047006,0.04046735251336995
2022-11-03,0.08762384341153268,0.028269998456075765,0.5080924320733857,0.15318466339985531,0.04572597703134517,0.009257014622970473,0.020585177445972443,0.03229790670979603,0.07358408274780213,0.04137890410126432
2022-11-04,0.08792657208248558,0.02783616097091267,0.505520457280612,0.15291614707137896,0.046111073012317996,0.009440446214807646,0.02100532635568466,0.032406147915508034,0.07505864503524388,0.041779024061048525
2022-11-07,0.08596350475569145,0.027035947124702777,0.5109088755005033,0.1561442125937186,0.04554818904777002,0.00931644502350317,0.02053020403465159,0.03181126047763102,0.07150756619702149,0.04123379524480652
2022-11-08,0.08625970076904381,0.026809180903951634,0.5081540417142864,0.1574648039957287,0.045753217930773235,0.009333055632097745,0.020507661174778372,0.032128211834810086,0.07189373322887525,0.04169639281565485
2022-11-09,0.08740779517426828,0.027060377738639424,0.5079790933214482,0.15590882654482432,0.04622282871090703,0.009381430082644146,0.020746613294959873,0.03220581745805166,0.07070394047013592,0.042383277204121085
2022-11-10,0.08859936621193566,0.027329973826376003,0.5049345697262817,0.1553924984447958,0.04691802377966404,0.009466952950074513,0.020975133215096694,0.03221364214255237,0.07157054727869594,0.04259929242452736
2022-11-11,0.08859959692088958,0.027207094918583478,0.50786346673412,0.15507684562023513,0.04649098106402112,0.009453202352136971,0.02079910110045478,0.03177278591960662,0.07026963330995172,0.0424672920600005
2022-11-14,0.08946739101223648,0.027076499629773043,0.5119069562349736,0.15528440877096675,0.0467179575019402,0.009460141797805452,0.020474066307815616,0.031343876198758024,0.06671559493812108,0.04155310760760978
2022-11-15,0.09151236907787849,0.02715934978446649,0.5088844176304167,0.15416636224277996,0.047188049969514215,0.009566852067570355,0.02009180733604313,0.03086996742972206,0.06870777767119347,0.04185304679041501
2022-11-16,0.0896239060460805,0.026791505263170715,0.5153362510729353,0.1545743294132272,0.046538590577031684,0.009511364215007605,0.01969961165068786,0.030364620215694894,0.06631211750671924,0.041247704039445
2022-11-17,0.08873015108503715,0.02669583284413881,0.5151749157484841,0.15485425044847673,0.046225946226122035,0.009539525117343798,0.019978300337273425,0.030640603653354637,0.06683542262284717,0.04132505191692216
2022-11-18,0.08884014621165737,0.026968055961349217,0.5139219448867203,0.15464516500921305,0.04667998273396526,0.009734827378186886,0.01992828650571382,0.030546116206272803,0.06728283151764078,0.04145264358928062
2022-11-21,0.0880147914240383,0.026467912112222138,0.5142125096971225,0.15574379355537082,0.04671720995098542,0.009568432151270186,0.020171546892531707,0.03056085122370569,0.06709867921117647,0.04144427378157685
2022-11-22,0.08929382336834092,0.026953131871706143,0.5094441166590564,0.1542391110325427,0.04672807146367525,0.00981260009633129,0.020862963641163343,0.03126469114872349,0.0694235969511192,0.04197789376734139
2022-11-23,0.09066540100373084,0.027168752143668793,0.5113684535027665,0.15414790482953733,0.04657916152645695,0.009587264877813164,0.02092635867131574,0.03135647277133132,0.06731511215333526,0.04088511852004394
2022-11-24,0.09141805583996074,0.02713711294902273,0.5127429843252009,0.15318871923136979,0.04629794277680336,0.009473767747980285,0.020918943752252755,0.03196853114077419,0.06639572739297574,0.04045821484365949
2022-11-25,0.09214841577774523,0.027237221357608345,0.5096011314973565,0.15312535770181707,0.046922521542840406,0.009707649114672352,0.021227356207268403,0.032234923930065607,0.06702700224094547,0.0407684206296805
2022-11-28,0.09381826779850926,0.027946000884876206,0.5076137780439266,0.15188262490209037,0.04748486199874629,0.009699896237744393,0.021373787462731483,0.03249670178447357,0.06711733386790383,0.04056674701899786
2022-11-29,0.09293592396729589,0.02775940715338447,0.5071809252801661,0.15325250317333092,0.047434008139416915,0.009747861564588886,0.02206530502853849,0.03263357473390324,0.0668312584935671,0.040159232465808
2022-11-30,0.09439042891495172,0.027301919626722775,0.512442690792012,0.15354025450259695,0.046648525264304644,0.009529053554597593,0.020766404680004732,0.030996673495747515,0.0651769581989148,0.039207090970147095
2022-12-01,0.09375261343047747,0.027338687884475937,0.5121431630528934,0.15524183682268808,0.046190511053370756,0.009449258699917699,0.02090631242293108,0.030978555638474483,0.06478104516424568,0.039218015830525414
2022-12-02,0.09115146423198366,0.026346219470135192,0.5127612944797074,0.1599085274675241,0.045696857331157074,0.009456323758950669,0.020542045499300332,0.030411145699999843,0.06461635640963076,0.03910976565161095
2022-12-05,0.09066152286728514,0.026307469454897765,0.5144903039158175,0.1586565923114675,0.045496305770197296,0.009504783671500774,0.020479032125936818,0.030365929445011233,0.06475999245307028,0.03927806798481556
2022-12-06,0.09146640937200143,0.026308445563920226,0.5141466343740767,0.1607970840642444,0.04551865737558952,0.009585858551128968,0.02030394553190816,0.030090003153915707,0.06253868168230882,0.03924428033090602
2022-12-07,0.08961435079905726,0.026074965836931596,0.5141701453628894,0.16508881468527342,0.04497972538340866,0.00925510561119152,0.019773956360154058,0.029374058458087653,0.061685670841554505,0.039983206661451796
2022-12-08,0.08889710450389032,0.02574738769804129,0.5149245892282128,0.16409864720897255,0.04539945746210702,0.009280859699434043,0.019595986649803103,0.029355590672882355,0.06300983106532511,0.0396905458113315
2022-12-09,0.08969909307943438,0.026022185549017533,0.515807279491503,0.16510602362036866,0.04524509982911142,0.009347045817949241,0.0192860076893807,0.029659947706698223,0.060349893051365545,0.03947742416517129
2022-12-12,0.08890088368004763,0.025467254137669298,0.5166690836199478,0.16912639746731273,0.045359531928456126,0.009516484337203677,0.018129417108676774,0.028800227129339027,0.05887306299371039,0.039157657597636474
2022-12-13,0.08692364176828331,0.02500081903366387,0.5214268288815795,0.1652401408021483,0.04473329662543668,0.009531139987132202,0.0182014616696149,0.028656893315326483,0.059198374403053214,0.04108740351376144
2022-12-14,0.08735337000246245,0.02517787408150973,0.522248553459819,0.16549493482627783,0.044643084606049134,0.009540055001199362,0.018487642354803924,0.028564730840049297,0.05816194159147873,0.040327813236350325
2022-12-15,0.0866490214918052,0.0248419182856612,0.5224445235090779,0.16780842157271542,0.044173189457248324,0.009543211144719293,0.018049035578795836,0.028450050473887722,0.05758794853501044,0.04045267995107884
2022-12-16,0.08560913914588617,0.024556412769360523,0.5268057902236832,0.1657517002591124,0.04362472804781879,0.00943169552875614,0.018157983052324973,0.02792186054165818,0.056826296077721106,0.04131439435367853
2022-12-19,0.08588820956824637,0.024801479584676617,0.5257927535398239,0.16595324365029174,0.04387353970354123,0.009497535702838707,0.01808936116059178,0.027996529251547487,0.05678059825024849,0.041326749588193705
2022-12-20,0.08542797178932895,0.024854199050002197,0.5284976585931319,0.1657447684712601,0.043856270762024065,0.009498269703177001,0.017988589872323237,0.026951203783940465,0.05629310951276699,0.04088795846204497
2022-12-21,0.0862118521874122,0.025321288719435595,0.5265337490569614,0.1636552758152943,0.04445528532094824,0.009703949935715127,0.018491407377364932,0.027451188701086517,0.0569204926536861,0.04125551023209583
2022-12-22,0.08592754802715245,0.025370980170117532,0.5280983259792773,0.16373419834564654,0.04414900785282193,0.009576958699923303,0.018110194140016845,0.027152778391732267,0.05573116036984414,0.04214884802346776
2022-12-23,0.08537394371671823,0.02488997736109173,0.5288099423398283,0.16589582267947037,0.044167186674123796,0.009432563921017887,0.017908134718259618,0.026529097559850442,0.055635116058329326,0.041358214971310224
2022-12-26,0.0851754506854402,0.024674470830442368,0.5287820462614133,0.16633491669026254,0.043875884032489744,0.009283467833816336,0.018107182178747547,0.026525544406058695,0.05571988505498309,0.041521152026346146
2022-12-27,0.08550072117269567,0.02502260121066014,0.5248659536387803,0.16627248763832486,0.04369365440241693,0.009367795264216862,0.018700740914172898,0.02724138156733315,0.057465290379313166,0.04186937381208605
2022-12-28,0.0866956526593019,0.02540013869162644,0.5212322695899262,0.16826155877945329,0.04399553436562247,0.0096439342417068,0.018650516274252564,0.027883769866082254,0.05661741632649666,0.04161920920553143
2022-12-29,0.08742438310383359,0.025697765026787098,0.5202410078438185,0.16713455468367122,0.04383112008103058,0.009716419455468209,0.019131637189757335,0.028131846858441292,0.05701279735015245,0.041678468407039745
2022-12-30,0.08710831799981496,0.025755008446693498,0.5191846252716656,0.16681904984982898,0.04354324361389407,0.009672617136950773,0.019122831629924685,0.028303371472804126,0.05848001565349895,0.04201091892492406
2023-01-03,0.08730948924029436,0.02574258296264539,0.5183471856062842,0.16757767919371933,0.043486910056358324,0.009556249622319976,0.019288510832771215,0.02838486411186469,0.05872488091731472,0.04158164745642778
2023-01-04,0.08824252037188662,0.02591212466711098,0.5194834345091144,0.16534247555236622,0.04374870896508695,0.009402029775119744,0.019314977529825604,0.028999964270442467,0.05861397802308456,0.040939786335962514
2023-01-05,0.08950713267196561,0.026513021397782763,0.5166824651476176,0.16531636116187182,0.04472656332582,0.009700439011786716,0.01917764989708686,0.028927205382478918,0.05896884688959863,0.04048031511399111
2023-01-06,0.08648977115990308,0.02559092070711518,0.5206819319356344,0.16883957305580582,0.044324484315347246,0.009350038341435815,0.018527822678281916,0.027879715367884556,0.05806307217871669,0.04025267025987513
2023-01-09,0.08638261821038547,0.025568857652129805,0.5205489339501893,0.1698391580471894,0.04411574031745173,0.009530215766009684,0.018494644709186943,0.02799519824022914,0.05760738667723291,0.03991724642999576
2023-01-10,0.08492866650163328,0.02521308021775263,0.5229852721136565,0.17192230858595187,0.043408450594409884,0.00959044924711116,0.018034915242207666,0.027106734269804193,0.05704659257687087,0.03976353065060199
2023-01-11,0.08342732100417395,0.024694645396569865,0.5261678195911093,0.17117155663242944,0.04339872474138422,0.009534208038784305,0.018048693735652016,0.02707683263940756,0.05673872797341208,0.03974147024707728
2023-01-12,0.08468929674468942,0.02488315751735382,0.5254798334158447,0.17082468732150644,0.043960969961499695,0.009466262516223308,0.018084106907585194,0.02722148185981054,0.05561123313887145,0.039778970616615596
2023-01-13,0.0853519064565644,0.025286665698202832,0.5244063777059695,0.17086625203501937,0.04373573674370466,0.009437064366813167,0.0185621291854403,0.027205154052377004,0.05487066882653522,0.04027804492937361
2023-01-16,0.08417268261873895,0.024806026899959685,0.5268524617420355,0.1713192901246817,0.04311864755898336,0.009448438852463874,0.01804208932366322,0.026644392293362337,0.055676604726871054,0.03991936585924035
2023-01-17,0.08232387730522016,0.023833964002446546,0.5223529224400832,0.17425591320599038,0.04343243352165708,0.009369230790368735,0.017483768270153868,0.0261765469216921,0.059806164120399866,0.04096517942198808
2023-01-18,0.08266667154322752,0.024289278295230553,0.5240467690160651,0.1721637623376122,0.04364823708622851,0.009427288207311812,0.017666999425399708,0.026132095299925922,0.05882920523386363,0.04112969355513496
2023-01-19,0.08223936222290484,0.024241847725073106,0.5218268578675916,0.17529714010063402,0.04351115681600584,0.00938898276537248,0.017666129306198323,0.02654358408540829,0.05819029609230694,0.0410946430185044
2023-01-20,0.08242062836513048,0.024164102115580607,0.5185811666563663,0.17496572390699022,0.04339865692895928,0.009296403947107087,0.01734834630514595,0.02726929747682156,0.06112091577487751,0.041434758523021094
2023-01-30,0.0820877795153539,0.024259423196790045,0.5140671980083746,0.17824703985683185,0.04342615987464862,0.009367160370476853,0.017695705985983693,0.027563117092979587,0.06110655032887649,0.04217986576968432
2023-01-31,0.08069284812560053,0.02359042797048625,0.5146552905398057,0.18328502748814643,0.04283130084288128,0.009273942728003722,0.01703274553362653,0.02628717960712379,0.05986807470472967,0.0424831624595959
2023-02-01,0.08141905624464987,0.023904892647850163,0.5157364517849241,0.18044819011076788,0.04337743626205493,0.009293857854046982,0.017475718652884848,0.02674505757162474,0.05989115363677414,0.041708185234422365
2023-02-02,0.08074514494724312,0.023892566271570017,0.5147544581227382,0.1810955652929511,0.04371362060888841,0.009545947531934197,0.01748302430880253,0.026665585156295073,0.06041193304035216,0.04169215471922527
2023-02-03,0.08041764820426602,0.023642685318629442,0.5128421721235404,0.1834079060878065,0.04367373172981363,0.009398152793515491,0.01738610742120706,0.026734740571144822,0.06098853749683727,0.041508318253239425
2023-02-06,0.08048959967536211,0.023567640696415162,0.5126551127019024,0.1829803083610885,0.043865156142768,0.009613562559176017,0.017419030473922566,0.026869991928981617,0.06128721850979077,0.041252378950592854
2023-02-07,0.08132007891974147,0.02398713974214542,0.5146720193347301,0.17870045145626975,0.043496593938658255,0.009669844044979458,0.017762677841721388,0.027321354541151113,0.06186536288145336,0.04120447729914945
2023-02-08,0.08123696168381397,0.02402894143584503,0.5141192817500503,0.17960939168899195,0.0441454015742481,0.009615557616827405,0.017859668364115653,0.027425617167131922,0.06116354365534789,0.04079563506362775
2023-02-09,0.08143139450566976,0.024076128950774812,0.513415706639951,0.17745150175594224,0.0442385187057164,0.009777968926754518,0.018101809963256044,0.027587661909769856,0.06278173331770992,0.0411375753244554
2023-02-10,0.08025708396958083,0.02368823886607251,0.5132557417046996,0.18091784062522343,0.04347358644685366,0.009510331133288284,0.017807995508690094,0.02734645970092984,0.06257760161225531,0.041165120432406645
2023-02-13,0.08056414421981617,0.023732198088952754,0.5129522444884987,0.17925440986160332,0.043538278672308854,0.009519352317539519,0.01802747825278391,0.0278977753843211,0.06274506555121359,0.04176905316296217
2023-02-14,0.07775346775297855,0.023182869861919624,0.514923088239684,0.18204999093677945,0.04316143817753868,0.009351258081507857,0.01751321850535285,0.027265978958292594,0.06334321742587443,0.0414554720600719
2023-02-15,0.0786071139181583,0.02313923998439772,0.514021590693441,0.18024709073776818,0.0435793395520434,0.009511537882168722,0.01755202081766424,0.027483549485814284,0.06401698148795955,0.041841535440584644
2023-02-16,0.07829099571874842,0.023030574962900983,0.5138924003073777,0.18199292636530037,0.04322146971471699,0.00937441573594437,0.01740856438551778,0.027518282294771806,0.0635167223421989,0.041753648172522494
2023-02-17,0.07806789566120391,0.022768168943837947,0.5179177078567831,0.18118686846243184,0.042586560676553996,0.009258029880079604,0.01724968602580641,0.027383835826841382,0.061857553928024056,0.04172369273843778
2023-02-20,0.07807559523418592,0.022705954428317614,0.5144329364123091,0.18171942486911868,0.043025470648027184,0.009361176346533306,0.017469514936060235,0.027772174436476085,0.06337141723975837,0.04206633544921339
2023-02-21,0.07800713470058808,0.022638105882258844,0.5160089311861565,0.18108698467374337,0.0433650714818906,0.009430123467451717,0.01732659267201177,0.027367170226971018,0.06319478388592756,0.04157510182300045
2023-02-22,0.0785846448937428,0.02264473555328787,0.5155058294080455,0.17923698002576835,0.0447338422331101,0.009669257561110933,0.017351101816364085,0.027734590463124664,0.06239416861354039,0.042144849431905454
2023-02-23,0.07878077047803501,0.022904710366295447,0.5132816618641433,0.17924820648971285,0.04521769198304707,0.009928668754383961,0.01738546013727111,0.028201370050908343,0.06262025874787204,0.04243120112833085
2023-02-24,0.0793685562016843,0.023085246987447395,0.511741235969053,0.17839219183764146,0.046727122506076434,0.010364718941720037,0.01753830705398136,0.028435451502639163,0.062207127836008354,0.042140041163748455
2023-02-27,0.07980733079596698,0.023348362095433225,0.5105708708022517,0.17744110616472136,0.046800823733096956,0.010404229339024249,0.01774095671574986,0.029010100347873696,0.06262769844885656,0.042248521557025326
2023-02-28,0.07882890529243095,0.023148468657942307,0.5130608566104218,0.1793480859002324,0.04473183949691704,0.010351093698042085,0.017774965430688558,0.028871943517980638,0.062067768084420966,0.041816073310923144
2023-03-01,0.07904814895707579,0.02306602942714382,0.5126908493572091,0.17854905888956882,0.04501033890793883,0.010359211147803821,0.01816564518132184,0.028757647795834385,0.06244023380106855,0.041912836535034984
2023-03-02,0.07915861991590104,0.02283065676948657,0.5128425952629061,0.17874499290294074,0.04554200018239229,0.010267447379459988,0.017892906717641623,0.02857813522615143,0.061998994130089254,0.04214365151303104
2023-03-03,0.07960418205305239,0.022886294763128572,0.5121785121692954,0.17855487382555219,0.045983675579579865,0.010403402008023048,0.018105681566220166,0.02882598017958786,0.06145017094300852,0.04200722691255195
2023-03-06,0.08032203404999487,0.02308097807394211,0.5101213522633881,0.1783958164927472,0.04650271500576335,0.010467150644682002,0.018281601732799697,0.02934995264046645,0.061837870587315255,0.041640528508901146
2023-03-07,0.07929642819656679,0.022647798202773288,0.5103171650751138,0.17851108855048697,0.04672520480475895,0.01041071426950485,0.018348659110556897,0.02937646100787901,0.06226341331823737,0.04210306746412194
2023-03-08,0.0803700507237295,0.023045126852447913,0.5112321241511902,0.17706693347037714,0.04644347839522461,0.010452761977856816,0.018524318216938892,0.029862060021349054,0.06114498602895386,0.041858160161932015
2023-03-09,0.08052604421232128,0.02295192970409085,0.509801962203906,0.17733160331838355,0.04710400666605631,0.010502839579512998,0.018641969007165846,0.029872958701030156,0.06135576899562414,0.041910917611908925
2023-03-10,0.08036418154936621,0.022943349120203276,0.511080159653871,0.17665652564129106,0.04740105184340656,0.010466496722727594,0.01867579858441226,0.029623634936916117,0.06118626754324642,0.041602534404559494
2023-03-13,0.08013157355452864,0.022881454182780762,0.510817855880251,0.17609639547746866,0.04659708891027701,0.010539461638234798,0.01893171763866951,0.02977984900585968,0.062047169387732894,0.04217743432419707
2023-03-14,0.07920799237772418,0.022910514145511335,0.509620647596385,0.17749004594319268,0.04811614848482842,0.010499005716550096,0.018947504552421966,0.02988070587575844,0.06083393849625826,0.04249349681136966
2023-03-15,0.07910473003091385,0.022667263839571527,0.5122770906194994,0.17503530186468835,0.048036340763831814,0.010324423040655818,0.01910640807963183,0.03013468931591474,0.06110091463122951,0.04221283781406307
2023-03-16,0.08009167491780145,0.022633075041601353,0.511448125583455,0.17358547590920476,0.04903948498900088,0.010304355004819627,0.01932644568535662,0.030512464892342935,0.061379098093220535,0.04167979988319677
2023-03-17,0.08074422651530551,0.02248786193493571,0.5128371680832777,0.1729375908493482,0.048945806947630205,0.010322261676635866,0.01931499023715691,0.03057664811471227,0.06122578904549155,0.040607656595506116
2023-03-20,0.08147385034326916,0.022418421447774957,0.513289708355113,0.17162454813396574,0.04954733052295459,0.01026163675544753,0.019477868618798168,0.030568029847161712,0.06107762409786147,0.040260981877653555
2023-03-21,0.08174160583170144,0.02226010042255026,0.5143873272187893,0.17083530209802475,0.04946263906009804,0.010355391713478589,0.01948298484210691,0.030682557511214462,0.06101276085726376,0.039779330444772616
2023-03-22,0.08001123746472392,0.02181285188479564,0.5167146361882857,0.172921824873525,0.04909417743692001,0.010108071710887451,0.018966909911861885,0.02953249507691581,0.061495093340439844,0.03934270211164473
2023-03-23,0.08064639972464435,0.022004855603252896,0.5156782552649847,0.17231325014889978,0.048506821801868855,0.010057873436571555,0.018842947289951915,0.02941734929148503,0.06294980956896684,0.03958243786937395
2023-03-24,0.08087120945218491,0.021911526125121417,0.5144881727095586,0.17428625539683235,0.04826274105644699,0.010205262574076846,0.0187318645505381,0.02899220139670997,0.06280998142532865,0.03944078531320212
2023-03-27,0.08067148960429771,0.021831021046656088,0.517063318752003,0.17338699326563362,0.04803686753738258,0.010534083894446076,0.018785825028123326,0.028867439818446368,0.06155896952922902,0.039263991523782134
2023-03-28,0.08035137060653387,0.021820234683687018,0.516492656279289,0.1719003961080234,0.04764912868839758,0.010679079817371387,0.018845378198229814,0.028928505784454824,0.06421189082663487,0.03912135900737824
2023-03-29,0.08016685121280413,0.021739695785645934,0.5175232693670411,0.17276481813180494,0.047394844372544,0.01050780994221235,0.018665568383412347,0.02892478958505895,0.0634211497772717,0.03889120344220461
2023-03-30,0.07940710197446464,0.021483690446088957,0.5177698139169147,0.17454005527141706,0.046876026251503534,0.010429277791193075,0.01843443422554592,0.028557316505968676,0.06339570865939494,0.03910657495750874
2023-03-31,0.07973043153847152,0.021265421949435946,0.5159445940827301,0.17571303698814614,0.047839032545960676,0.010491615907900341,0.01855654620198123,0.028996777690775084,0.06260294043687228,0.03885960265772673
2023-04-03,0.07978443456241448,0.0210740560248383,0.5198670586442913,0.17387645763436432,0.04705838791924571,0.00995690442722936,0.01832265653192344,0.028937086445588837,0.06211011061644496,0.039012847193659383
2023-04-04,0.08037247096809204,0.021442619978299726,0.5185393476962534,0.1735486623493528,0.04806309145780562,0.009928412580247415,0.018389401666668134,0.02857312699575536,0.062187973953635386,0.03895489235389008
2023-04-06,0.08035442042588718,0.021322623964245366,0.5186468614503725,0.1732348242305802,0.04744667070740171,0.009733160372246152,0.018418951383103527,0.028545686747928286,0.0626280326737806,0.03966876804445448
2023-04-07,0.08087913587033756,0.021587136096159903,0.5194059771502282,0.1701799298754854,0.04761948204836577,0.009856063034321141,0.01860973147816633,0.028619435091706318,0.06279196035277891,0.04045114900245035
2023-04-10,0.08102756861843437,0.02153925914071321,0.5171023545517239,0.16866953755153125,0.04826524648593054,0.00987851331237976,0.018520422233928552,0.028380624434313582,0.0661966234317443,0.04041985023930049
2023-04-11,0.08200062151951747,0.021791431067012937,0.5152468380298949,0.16593122080736986,0.049215386133485625,0.00972177020410883,0.0193279150505915,0.02867002455872098,0.06833125198937358,0.03976354063992432
2023-04-12,0.08254480158622067,0.0218441775617448,0.5128006789946258,0.16388219301735704,0.05189000959474967,0.009796318342612255,0.019559755903649164,0.028667533384960548,0.06863975112275822,0.0403747804913219
2023-04-13,0.08424355678461909,0.022158637378056182,0.5082418702472156,0.16298713286533023,0.05298908381519993,0.009940229082468664,0.019867234959261074,0.029618638868287427,0.06951469078349076,0.04043892521607106
2023-04-14,0.08357960318630532,0.022136259176150436,0.5101342122557193,0.16273461478905787,0.05112628566935222,0.009916375261723676,0.019641869081878954,0.02944239400169964,0.07118916269594026,0.040099223882172415
2023-04-17,0.08413704036480958,0.022305256127453935,0.5094873937877175,0.16133293550773092,0.051186993997967625,0.009901884105990959,0.0198501580326682,0.02956947119567147,0.07205510814275114,0.04017375873723877
2023-04-18,0.08346629795974377,0.022051106720902183,0.5108313815153446,0.16043837476542888,0.05259303267935312,0.00996585886560127,0.01962607028914728,0.02977142753354281,0.07293721890322376,0.03831923076771239
2023-04-19,0.08372854655898512,0.022101823088787255,0.5112414304344073,0.16023628680810628,0.05290272025917742,0.010083701135913,0.019568703839519492,0.029460564283185477,0.07225653222358558,0.03841969136833313
2023-04-20,0.08382437997392411,0.022130018529344066,0.5132970402873436,0.1589586789134069,0.05235266517655471,0.009949817463014154,0.019549637007016413,0.02943676334549434,0.07210572596572339,0.03839527333817842
2023-04-21,0.08449767712570048,0.02240308315711016,0.5117947306996998,0.15751818644156176,0.05507018505032978,0.01002386274369472,0.019718869725730795,0.029554877680416206,0.07131817193977347,0.038100355435982856
2023-04-24,0.08396638794925039,0.02257766625231809,0.5120298309341339,0.15771389018807475,0.05456853541748909,0.009919917314613948,0.01979228780739266,0.029764621730520413,0.07130620368873773,0.03836065871746904
2023-04-25,0.08395236685013044,0.022665759890431937,0.5112493385835748,0.1556579490564599,0.05550243660829375,0.009985196226544358,0.020106137798296366,0.029474535401082583,0.07362063901566875,0.03778564056951716
2023-04-26,0.08464643347954044,0.022769295130417564,0.5128498144218704,0.15550345694962983,0.05426168052550782,0.010033239967016147,0.02006671098376986,0.029387949640490334,0.07221105465737634,0.03827036424438121
2023-04-27,0.08444179405419415,0.022350606065880314,0.5162080938143244,0.15421894095322625,0.053078607868736055,0.009969259299159471,0.020199490603185617,0.02909640505883559,0.07245068707898364,0.03798611520347442
2023-04-28,0.08340378785917708,0.022653649893127507,0.5172570919757643,0.1538099186135273,0.052498779810485,0.010212266847475915,0.02060303448188441,0.02947128003287293,0.07201933607649072,0.03807085440919485
2023-05-04,0.08371551751737699,0.022802125836679094,0.517542681511406,0.1535131416025884,0.05184398244446537,0.0097232601346537,0.02056652174155504,0.029275511363054455,0.07262443749455891,0.03839282035366215
2023-05-05,0.08209025064579359,0.02302190077452398,0.518278493692772,0.15461862227620757,0.047028086068288295,0.009668732251164698,0.021880696566255884,0.030386274420082626,0.07410154235148328,0.03892540095342804
2023-05-08,0.0836428580129818,0.02282909573117529,0.5167041372530866,0.1584828807921569,0.04652517446769279,0.009710869849127444,0.022023229439819606,0.030080702024860836,0.07117342255396407,0.038827629875134675
2023-05-09,0.08657115779397176,0.023471657676787258,0.5108730913666357,0.15725981728093044,0.04606952058420519,0.009603697932113171,0.02239446484721107,0.030676304790227777,0.07012847110392527,0.042951816623992486
2023-05-10,0.08595654147667055,0.023056701331641994,0.5097062487884275,0.15984805026225968,0.04600440765778908,0.00959443893084588,0.022025520618156314,0.030283042020320255,0.06903637588191872,0.04448867303196992
2023-05-11,0.08493319750522384,0.02262262566188118,0.5118019017051831,0.15889678955930983,0.046006812886472806,0.00966476966316577,0.021919163827600986,0.03022712717312943,0.06983244738505494,0.04409516463297814
2023-05-12,0.08489949721550756,0.02261878830759269,0.5110182480097746,0.15869650184162523,0.045374706713748325,0.009662044548293662,0.02260477628404656,0.031898075578148645,0.07016843985014809,0.043058921651114496
2023-05-15,0.0844903803253243,0.022602960558961167,0.5119244222883239,0.15700559905885997,0.04608906540801741,0.009737774457728776,0.02289326894900222,0.03236938582764666,0.06933085729580685,0.04355628583032892
2023-05-16,0.08428225174788054,0.02260974128624523,0.5100322024267178,0.1583419742377782,0.045920273828268146,0.00961909909467603,0.02246547773083499,0.03151015876068514,0.07158858919662904,0.043630231690284994
2023-05-17,0.08503158065625643,0.022495211487028988,0.5080003094041365,0.1571187217485051,0.04527110807984034,0.009607986303929702,0.02258228529883132,0.03170981892217009,0.07440752736247046,0.043775450736831076
2023-05-18,0.08482754713966635,0.022350384288763046,0.5090527577494341,0.1565927614230484,0.04564062478794416,0.009669683639918686,0.02267729311504185,0.031646764800479364,0.07370466015062896,0.04383752290507515
2023-05-19,0.08534111498305336,0.02248281321442042,0.5079385209832165,0.15654286749086324,0.046240936813538955,0.009668922342900435,0.022654523313674912,0.03176423357495714,0.07324608669284123,0.044119980590533944
2023-05-22,0.08415883624002593,0.02223054845788779,0.5075556763776358,0.15761735416176165,0.046617617894067466,0.010041039456658529,0.02220523770562148,0.031196403230740063,0.07450818991659439,0.04386909655900681
2023-05-23,0.0824357782843091,0.021724406605800436,0.5095707662595044,0.16017005551419586,0.0460534022486153,0.010149816574274047,0.02211530830298583,0.031531605762767874,0.07217452846194923,0.044074331985598014
2023-05-24,0.08269994508735434,0.021815414611859582,0.5087960117415729,0.1586246959297006,0.04635693577047614,0.010232014223248211,0.022198774363346854,0.031875259600091035,0.0735604078657535,0.043840540806597016
2023-05-25,0.08264534084185386,0.021879403571044464,0.5113745585902089,0.15732954097895446,0.04621324623395551,0.01012596501738482,0.02224097711310209,0.03164997755317486,0.07279279484640443,0.0437481952539167
2023-05-26,0.08283643275714932,0.021401958223924013,0.5111195484068879,0.15617007382732287,0.046256978296303666,0.010193329007435649,0.022555400277942613,0.031861364728838694,0.07333253070471277,0.04427238376948257
2023-05-29,0.08348475746892606,0.02125465878033362,0.5086021733664773,0.1581268365523002,0.04639432452335524,0.009162387172552291,0.02283284363538851,0.031900230345265394,0.07394140742204859,0.04430038073335279
2023-05-30,0.08347739283894688,0.02099307437772841,0.5089980332815695,0.15668267792061522,0.04597346044711991,0.009114117274961869,0.02337243053280034,0.032861364154888884,0.07391427372754117,0.04461317544382783
2023-05-31,0.08408613869945629,0.021473036081362338,0.5082437058839048,0.1554838470427773,0.04590159382782235,0.008980750173707612,0.023320185898897536,0.03317634444620829,0.07470546895592628,0.04462892898993733
2023-06-01,0.08531462805427659,0.021649966663088344,0.5074461734202536,0.1551530639385824,0.04605799207043633,0.008945398573067314,0.024382722137393203,0.03347890913207927,0.07205741338831334,0.0455137326225096
2023-06-02,0.08517729354317924,0.02167942790533451,0.5091201543702737,0.15705481129271578,0.045383823521806164,0.008894421491744518,0.02301007877205302,0.03255334077208971,0.07258542125487236,0.04454122707593097
2023-06-05,0.08429784899229327,0.021639877070142522,0.5099233370145716,0.15835681330627255,0.04664640763129375,0.008960723980154416,0.02274908251279855,0.03179664503691632,0.07134575112294546,0.044283513332611636
2023-06-06,0.08478093007416375,0.021548235951506508,0.5102098782715818,0.15642217283320148,0.04693949301344782,0.008958521611963558,0.02271113813132687,0.03200933339500232,0.07235729224959148,0.044063004468214366
2023-06-07,0.08484525853512183,0.021425522905696503,0.5109018880166214,0.15684509430662638,0.04683713320421765,0.00903869766209111,0.022551115721533753,0.03183882238539682,0.07207323611975529,0.04364323114293943
2023-06-08,0.08585912660883512,0.021743852017027325,0.5098846171050414,0.15651235876053352,0.04772558015640466,0.009148289684013714,0.022578947067652004,0.03199660619475387,0.07136039862675651,0.043190223778981934
2023-06-09,0.08639733651438081,0.021912067466836153,0.5102005511029358,0.15577882840460253,0.048664208838459476,0.009174052582546138,0.02254282337425592,0.03225797997997094,0.07081238106447243,0.04225977067153967
2023-06-12,0.08646893313786716,0.021954917719795027,0.509414261497119,0.15550816394201541,0.0482500265245348,0.009198403487515697,0.023152005233024152,0.03307939290031376,0.07109866958657408,0.041875225971240854
2023-06-13,0.08457642584274071,0.021478354359085555,0.5120282018235205,0.1589705793099986,0.0488307453861888,0.009204214542813232,0.022321733139870896,0.0319255856287632,0.06852835166073773,0.042135808306280755
2023-06-14,0.08462567426729273,0.021402423480024513,0.5111205226308344,0.16089052662157283,0.048644626527443224,0.00923350180095736,0.02217141298207525,0.03125233158696557,0.0687443773313984,0.04191460277143568
2023-06-15,0.08284780009374713,0.021015939511725083,0.5119040291624484,0.1627490941660436,0.04866351990315172,0.009300160072025205,0.021670998962905117,0.030412623608411384,0.0692434898913149,0.04219234462822745
2023-06-16,0.0820421504159782,0.020761237585134495,0.5121501998728218,0.1641138599070573,0.048456271556540365,0.009327974149576798,0.0215071892652071,0.030065165077123094,0.06954493546302394,0.04203101670753689
2023-06-19,0.08089344393402224,0.02053001282170482,0.5175673372566245,0.16376168957207143,0.04788337558025684,0.009095537072498269,0.02053517278673563,0.02904284748226858,0.06944490633924602,0.04124567715457172
2023-06-20,0.07747344242392469,0.021131883766583332,0.5174272730391692,0.16276187996169542,0.04793430210235539,0.009312035908210739,0.02168979157721307,0.029758795722520315,0.07062934310671665,0.04188125239161096
2023-06-21,0.07768123991121452,0.021030413896220873,0.5189831406577556,0.16005495196104838,0.048533694694175726,0.00941175395455729,0.021903059480917867,0.02981486961049388,0.0707125026423055,0.04187437319131041
2023-06-26,0.07822409887422559,0.019708934627904434,0.5206527629263157,0.15885666886548097,0.04862148288179093,0.0094970204707627,0.022123505950010076,0.030042262728451098,0.07067302757038252,0.041600235104676066
2023-06-27,0.07847310420625532,0.01967396333470389,0.5195078378565422,0.15654350927972485,0.049017286967779135,0.00958781052682911,0.022691986574138276,0.030708148708441338,0.07156294378618515,0.04223340875940087
2023-06-28,0.0787622201983633,0.01983336757876996,0.519716738058227,0.1559120106156394,0.0502173402332006,0.009796708348557623,0.022691936984811412,0.03046607592204138,0.07087355992541562,0.04173004213497359
2023-06-29,0.07816156368315139,0.019818393948925234,0.5206449253699306,0.15513632143221098,0.05036977723075823,0.00992861162012339,0.023022904177189156,0.030948245966702453,0.07067065419636812,0.04129860237464051
2023-06-30,0.07803605869612104,0.019939726946975142,0.5200371580625232,0.1535999597717647,0.05004787287225312,0.00987430729416907,0.023048828173754008,0.03126370270903004,0.0725022361554487,0.041650149317960926
2023-07-03,0.07902890598947761,0.020114670383710356,0.5163536730118083,0.1543337692942911,0.049977472260325895,0.009804655899005641,0.022921129980489223,0.031196629096751693,0.07427350260847843,0.04199559147566166
2023-07-04,0.07869399365308213,0.0200244454562329,0.5182689109798178,0.15545261053238052,0.05039913689286707,0.009904975593104971,0.022617978920441522,0.03079734119511202,0.07229347955489036,0.04154712722207088
2023-07-05,0.07774292354740456,0.019823560495653758,0.518852058852778,0.15583970592318047,0.04956744668843796,0.010009798877116373,0.02202466569234382,0.030372513616402582,0.07437143161925472,0.041395894687427784
2023-07-06,0.07792565339292257,0.020021796347852894,0.518141324935143,0.15435635802211664,0.05003352746103877,0.010038225146596242,0.022171721975356676,0.03047018035411148,0.07545003405217193,0.04139117831268967
2023-07-07,0.07834275179503246,0.0199801551373074,0.5184785716536533,0.1545654683593328,0.05007578509573424,0.010123763696711049,0.022311566198629625,0.030493896140649762,0.07437917378141996,0.0412488681415293
2023-07-10,0.07850565614752117,0.020098489873537254,0.5169346927838062,0.15468117378123794,0.050021289847779704,0.010216139360808937,0.02230668241001819,0.030767545716535692,0.07516083848980853,0.041307491588946414
2023-07-11,0.07789623827218195,0.02012021741484078,0.5182243458181562,0.1549610348719263,0.05008512148940732,0.010266177859262529,0.022490610613392237,0.030690844053440434,0.0736600383784967,0.041605371228895446
2023-07-12,0.0775859525793941,0.019989225234322793,0.5182511633748529,0.15465006322481537,0.05039179161141307,0.010175094308572741,0.022695793198506058,0.03035539074625133,0.07424140853847908,0.04166411718339257
2023-07-13,0.07770687262925068,0.019956709021743166,0.51920612420617,0.15489105373424655,0.05054926294227763,0.01023349781425608,0.02256135759826307,0.03025707367079144,0.07349023527358876,0.04114781310941249
2023-07-14,0.07730094913913223,0.019858141221401854,0.5182275728623756,0.15903438438947395,0.04974002080910549,0.010106043286222433,0.0221824838974066,0.02998626618175647,0.07267704109201428,0.04088709712111122
2023-07-17,0.07716277857709129,0.01987165135421421,0.5216458427346816,0.15814325641912572,0.04901079838928002,0.009881595251916269,0.022107518584227027,0.02984738937040527,0.07180670438861365,0.040522464930444806
2023-07-18,0.07743049022121842,0.02003098093922648,0.5195609480293051,0.15744578466056014,0.04965324448223494,0.009926834602921035,0.022615249639947273,0.03025295004616864,0.07198378119957877,0.0410997361788393
2023-07-19,0.07751239417467923,0.020016419700951308,0.5189535137584516,0.1567434231806685,0.050287732885447224,0.010082232072760692,0.022486200058172753,0.030343340835867455,0.07219885678123962,0.04137588655176183
2023-07-20,0.07830785183280889,0.020140029535844095,0.5190032544602822,0.15666578982212326,0.05065130726713891,0.01001625883456428,0.02248574494538262,0.030385888470703958,0.07141729652492104,0.04092657830623071
2023-07-21,0.07874095808503849,0.020186471620316733,0.5198617462106206,0.15705753201231767,0.05035419618367613,0.009903073730171711,0.022366727576685407,0.03037528779429597,0.07037612466264832,0.04077788212422893
2023-07-24,0.07743247729808594,0.019912466992249765,0.5255817935538821,0.15703018200390553,0.04925617604616869,0.009628445516088905,0.022185058102569776,0.02971938666054053,0.06920530131663892,0.04004871250986985
2023-07-25,0.07693896745687362,0.01993716989973298,0.5261892537982256,0.15547161941747845,0.04877123596290756,0.00956216827731656,0.022388870649702765,0.029798825537540714,0.07134288595814965,0.03959900304207223
2023-07-26,0.07595678803564852,0.019669082874761858,0.5268865953147867,0.15981899993161738,0.04998964645365925,0.009246520735884466,0.02120185353439604,0.028530069753719377,0.06988264850445644,0.038817794861069954
2023-07-27,0.07602764249144192,0.019722554525652126,0.5270474441841513,0.1583537215540383,0.050211646016289066,0.009110520083028739,0.021396464450107653,0.028745282933094217,0.07037235079398839,0.03901237296820835
2023-07-28,0.0760779227608747,0.019697599133934613,0.5284735964210643,0.15854963018990145,0.049224254505966375,0.008986503207396275,0.0212072161281248,0.028715603835466397,0.07024263321531123,0.038825040601959855
2023-07-31,0.07641401083827935,0.019704322902814552,0.5315592816747338,0.15687302697444727,0.04873880663689942,0.008963128148862272,0.020850849176325414,0.028065709610011723,0.06979400418877697,0.03903685984884927
2023-08-01,0.07797122870237326,0.01997061816364248,0.5322102433011431,0.15827912370898695,0.04917382316492428,0.00908880863688607,0.02136094012348303,0.028467085432909666,0.06406579335899217,0.039412335406659206
2023-08-02,0.077819005820925,0.019967585651610668,0.5345119533658214,0.15727583122206082,0.048773126813794414,0.009214627072754496,0.021978950243081524,0.028746579466041578,0.06233181027341019,0.0393805300704998
2023-08-03,0.07718506759040221,0.0199908313227067,0.5363396122797925,0.1568941942785835,0.04896955771508561,0.009310550802981297,0.022041180141728414,0.02881944533646373,0.0612507952261352,0.039198765306120695
2023-08-04,0.07777878775811357,0.02012577855443431,0.5351190295558751,0.1572103855074899,0.04880851621538824,0.009293269530344756,0.022262490241472404,0.028818097703875785,0.061146711873606555,0.03943693305939927
2023-08-07,0.07772388292954781,0.020050848220833677,0.5373838619096423,0.15722140802335535,0.04890670018433078,0.009262314882204697,0.02177542057102115,0.028751471838922647,0.059189629680902155,0.039734461759239365
2023-08-08,0.0779139894455447,0.019961376832903284,0.5390752842802232,0.15644093722165708,0.04870538546804083,0.009377410884557574,0.022111381613377827,0.029090260498594665,0.0567372274255591,0.040586746329541915
2023-08-09,0.07755655727256434,0.019953673018416756,0.5388234141823097,0.15581778669969532,0.04843760440751195,0.009412195691270709,0.022161430295773336,0.02912652422155225,0.05811078629198952,0.04060002791891616
2023-08-10,0.07789335737034866,0.02002660716724628,0.5396033700500815,0.15628484189166186,0.047297617778879024,0.009286934627916573,0.0219022571833971,0.02908255722930567,0.058287753279465,0.04033470342169837
2023-08-11,0.0780914473327974,0.02019811472643664,0.5385610808324004,0.15648196302754874,0.04706302799494288,0.009198812168520469,0.022293757519924764,0.02938639975693004,0.05819709651321023,0.04052830012728872
2023-08-14,0.07808328679166508,0.020260281533010766,0.5378529763615878,0.15619041422799285,0.04721048269487675,0.009343125037427862,0.022379328379635823,0.029625646643832878,0.058377439232004974,0.04067701909796517
2023-08-15,0.078298343820018,0.020201169078422485,0.5348690281245609,0.15456617338032713,0.0476360887951987,0.009437705367138036,0.022743435782993805,0.030052846578365808,0.061190833852539345,0.04100437522043577
2023-08-16,0.07852801743486981,0.0203417061829171,0.5363825548561265,0.15221221839317445,0.04740181492591529,0.009277416295622341,0.023033360335621332,0.030777456679307362,0.06084590892930934,0.04119954596713641
2023-08-17,0.07845490465722141,0.020406317794093166,0.5369544890404853,0.15196911547696748,0.04737513513807443,0.00913212435494511,0.022968982662601334,0.03056461033906048,0.061439912327624,0.04073440820892737
2023-08-18,0.07792530295227525,0.02017494196889325,0.5376951173408386,0.15309002772223768,0.04749528760364085,0.009206450797146033,0.02263757144938567,0.03026125557613293,0.060596530468170894,0.04091751412127896
2023-08-21,0.07866418650414225,0.020787889851320535,0.5379200488453718,0.15078976237968938,0.04746387326052845,0.009198578101473788,0.023090864910098933,0.031000825386434228,0.060538587805791855,0.040545382955148854
2023-08-22,0.07825012633287583,0.02062232960721005,0.5397753103665498,0.15083622630764076,0.046760357194704075,0.009230036987856884,0.023123724698274634,0.03135223655505463,0.05938050463155465,0.040669147318278594
2023-08-23,0.0792997637506344,0.020684555180710187,0.5385529132526775,0.1509146720867875,0.046584211716246535,0.00909885757680644,0.023235180613994988,0.031290560904724554,0.059880767749792035,0.04045851716762589
2023-08-24,0.0799268669305256,0.020861232601465565,0.5389000949729834,0.1501949795875926,0.046614425330399306,0.009151215163282518,0.023379566597430058,0.031557829673442936,0.05969807649464882,0.039715712648229144
2023-08-25,0.07860246480752402,0.020391528776166602,0.5419260240340955,0.14959515978673887,0.046506740831029104,0.009095578883294203,0.022715427561222783,0.030739428645314266,0.06127146993276142,0.03915617674185326
2023-08-28,0.07878326438027487,0.020434310852105134,0.5430412048963059,0.14853721730073027,0.04622071980849567,0.008952471747191923,0.022918764533828854,0.030912003795960593,0.06152861973133462,0.038671422953772176
2023-08-29,0.07954091488238281,0.020584435618776795,0.5447993374361049,0.14448216200732053,0.0459581958454247,0.008957345042700498,0.022515432386874694,0.030715619329847885,0.0632009497749874,0.03924560767557977
2023-08-30,0.07810250351059664,0.020173180292444956,0.5464631058351604,0.1453847890956098,0.046035220415600334,0.008965960828134301,0.022086857505733914,0.030241095926658232,0.06332839030043598,0.03921889628962541
2023-08-31,0.07711593422055583,0.020061677650384885,0.5481153959183267,0.1440156585156352,0.04649511510279872,0.009099404300471143,0.02199275267939545,0.03038316065633687,0.06321007951251224,0.03951082144358285
2023-09-01,0.0775691363718553,0.019347888369926125,0.5479690336081205,0.14292780993489765,0.047600291289407744,0.009070808361422074,0.022375693637898004,0.030820636571650368,0.06294370246934797,0.03937499938547412
2023-09-04,0.07771831252240448,0.01929982979860583,0.5457393008384146,0.1455239273043574,0.048492389266447715,0.00911826579227159,0.021851001858723223,0.030712556448527526,0.06217613756825194,0.03936827860199561
2023-09-05,0.07809825800610735,0.01915563769148405,0.5426239974701884,0.15089306888828657,0.04850715660104319,0.008959964515197882,0.02141415658088441,0.030334246598454784,0.06083861259846411,0.03917490104988935
2023-09-06,0.07813093524565051,0.018981971255854366,0.5430681550436898,0.14961447362980881,0.048410078996840133,0.008974372831413861,0.021758582505881523,0.03102256638796729,0.061142385795641824,0.03889647830725188
2023-09-07,0.07874621716304317,0.019086799365209562,0.5439851246053584,0.14965478079273717,0.048130499626130294,0.008963398723179476,0.021334751939835018,0.03091088855180966,0.06045744499578007,0.03873009423691726
2023-09-08,0.0792128660386465,0.019257881104780713,0.5434483249424208,0.14901169499815653,0.04849912995362597,0.009045721014887091,0.02149268489356421,0.030927875195998572,0.06049294714010692,0.03861087471781267
2023-09-11,0.07960657489503094,0.01940150280313912,0.5416926246662863,0.14903688287937178,0.04815308657847777,0.009122746954140898,0.021829732309326624,0.03115852954151551,0.06138275665035649,0.038615562722354405
2023-09-12,0.07924196006279553,0.01927740986810142,0.5386332036420672,0.1501162075937411,0.04799670968294876,0.008980817404761776,0.02164518113702457,0.03113192999365918,0.06454571463048459,0.038430865984415884
2023-09-13,0.07917271279546845,0.019186313815056404,0.5388394497815077,0.1491026975957981,0.048511389378936266,0.009238535439558384,0.021627057223590984,0.03130894109344792,0.06451352675385061,0.03849937612278545
2023-09-14,0.07925913959952957,0.019207258048570708,0.5394128398902286,0.14987908206350095,0.04819230679571935,0.00922387624356141,0.021721017303329638,0.03147052972486278,0.0635153284199199,0.03811862191077719
2023-09-15,0.07966408292892982,0.019320506454242718,0.538806385013569,0.14830053427237389,0.04818369752822281,0.009153097755277095,0.02234402664949926,0.03209300079460086,0.06407320130661859,0.03806146729666597
2023-09-18,0.08004877042024458,0.019532466931413847,0.5357548199649929,0.14837016523686075,0.0484662366063514,0.009184439649158535,0.02180087202844612,0.032137650867771664,0.06656440312288399,0.03814017517187625
2023-09-19,0.07869690221386294,0.019179289004916486,0.5393210043860346,0.14831811210408422,0.047780779911419546,0.009145173762778326,0.02123961616427452,0.03138986387280038,0.06641595287719,0.03851330570263899
2023-09-20,0.07918421022201211,0.01932440689402765,0.5393169367654719,0.14677647578332093,0.04777335780394625,0.009285327887911608,0.021335798357497555,0.031682253813759956,0.06690235260330983,0.0384188798687424
2023-09-21,0.07932258734222716,0.019528626313984623,0.5393900000761942,0.14605525049343157,0.048519680549399924,0.009349030604365984,0.021267797270988112,0.03169524631378503,0.0665988008212731,0.038272980214350334
2023-09-22,0.0799354216287697,0.019764799669855906,0.5382482882449879,0.14580551356393653,0.048489277975015045,0.009596636244726123,0.021294124887451037,0.031735472932948816,0.06670510738973115,0.038425357462577865
2023-09-25,0.07940726714127944,0.019418645085847168,0.5423510889003677,0.14494393005631792,0.048271053866593534,0.00940510958916742,0.02083433250844326,0.03101804657325181,0.06562704151545651,0.038723484763275424
2023-09-26,0.07974480068358239,0.01969522886817902,0.5397607186391148,0.1446316284288401,0.04839700673919379,0.009303212603647146,0.02095785112164609,0.03131872795298769,0.0670877008225942,0.039103124140214954
2023-09-27,0.08023578974921093,0.01979186403097374,0.53888767866879,0.14363704277570274,0.04862152561249486,0.009270943690196353,0.021147900209140737,0.0316351444483176,0.06735729860606257,0.039414812209110583
2023-09-28,0.07977647681325105,0.019701887469833403,0.5385063203999305,0.14363860963407268,0.048574146401598586,0.009266971605096822,0.020962463478862464,0.03177522252561483,0.0683033984890725,0.03949450318266719
2023-10-09,0.08048887005045645,0.01980441105171422,0.5373649019256159,0.14411305696111765,0.04861969129661974,0.00930182321692936,0.020867243287660327,0.03176619248346869,0.06818276008633782,0.03949104964007983
2023-10-10,0.08077860836886566,0.019787891419508992,0.5351367600372287,0.14355306943404028,0.049410270702831105,0.009232481812300094,0.02140799578201574,0.032535926595623856,0.06844822073659394,0.03970877511099148
2023-10-11,0.08111251451529655,0.019818964520227505,0.5365552565518358,0.14369726553171236,0.04790260148965016,0.009042439150280556,0.021495667130271734,0.03279462097044919,0.0683007298943798,0.039279940245896414
2023-10-12,0.08075031361473542,0.019680242926571972,0.5373887504106535,0.1435034080064357,0.04750389910967048,0.008890956288855733,0.021479954380287877,0.032385512617646155,0.06912326204248036,0.0392937006026626
2023-10-13,0.08121950410923899,0.019799279136383855,0.5368112093040496,0.14463255266606814,0.04737484242910164,0.00886919750311456,0.021366765061749688,0.03221485610512277,0.06860638654029029,0.03910540714488059
2023-10-16,0.08203187993092065,0.020058248200386417,0.5338424408547265,0.14472935557480013,0.04757620157068057,0.008869187627520035,0.02176378435984485,0.0328954933630707,0.06912627315990491,0.039107135358145244
2023-10-17,0.08257088764627639,0.020226529412464823,0.5331688614126543,0.1429861052244353,0.04777795515440929,0.008956143662193597,0.022330645546931555,0.033563855884974146,0.069223801700508,0.039195214355152594
2023-10-18,0.08278037204437526,0.020252841113707704,0.532658860183962,0.1434295783350905,0.04813063412222605,0.00918777773240346,0.02270763394211487,0.03391706038482937,0.06968996107981462,0.037245281061476
2023-10-19,0.08275707928991347,0.020284266738095896,0.5347745280350159,0.14271376436150385,0.04771093653355577,0.009241418053971018,0.022532707186544248,0.03383498509771553,0.06886429039057404,0.03728602431311007
2023-10-20,0.08452210374067619,0.020524455081741257,0.5256061956137403,0.1437283168106507,0.04872932715134934,0.009573163006489964,0.022980406900960457,0.035208078139324084,0.07108163123657904,0.038046322318488736
2023-10-23,0.0840975445085983,0.020631551701152065,0.5297841093108029,0.14300243739845,0.048481104782317916,0.009544724991167344,0.02274164218633906,0.034841308227801696,0.06986489293729303,0.037010683956077914
2023-10-24,0.08391614071446277,0.0205993542328725,0.5299917926682449,0.1431970641851948,0.04834232428802682,0.00932665900800839,0.022458593100479547,0.034414650535235985,0.07050862000282332,0.037244801264650886
2023-10-25,0.08342708646286323,0.020491260976407886,0.5289252099849137,0.14329691126874988,0.048419604273224205,0.009435702623842027,0.02263758563157594,0.03505887607879995,0.07067240723294325,0.037635355466679864
2023-10-26,0.08168930859024838,0.020350035703386612,0.5321952285212121,0.1463990440842585,0.04763019789852013,0.009371842218847438,0.021894246218000974,0.03354897732605852,0.06954809277734897,0.037373026662118385
2023-10-27,0.0820527047146454,0.020362429257677665,0.5281345344671508,0.14740863756854,0.04727415405094332,0.009465532395098258,0.022470336426606473,0.03407673752128518,0.07128777337958343,0.03746716021846955
2023-10-30,0.08177559932214613,0.02028104800493282,0.5254199167686665,0.14813758753919634,0.04807146667256081,0.010263073564898405,0.02223932450114456,0.033811001081449604,0.072243563202222,0.03775741934278283
2023-10-31,0.08025867106014442,0.02007063971117921,0.5239657569030657,0.15082752195407728,0.04757853864577682,0.010028399039157157,0.02215816771147863,0.03381002935581682,0.07372748244578765,0.037574793173516405
2023-11-01,0.07766817631097757,0.02010522506556645,0.5246446475459863,0.15012459574836717,0.047371404007571435,0.010026053088138934,0.02254629952736807,0.03427277761003765,0.07581695960167988,0.03742386149430645
2023-11-02,0.07521325649458331,0.019282379918492853,0.536072154809736,0.14881112409570138,0.04566157772668933,0.009761393838776057,0.02187961583645475,0.0336842807774933,0.07332063460960674,0.03631358189246631
2023-11-03,0.07604222692899304,0.019266277646316016,0.5365557032526321,0.14711352423757312,0.04599785321666487,0.009708672285546154,0.021971364315562802,0.03382930392917012,0.07334104016281706,0.03617403402472457
2023-11-06,0.07500885424501968,0.019091544878382233,0.5404764613279522,0.14722370922636885,0.04549526577299168,0.009497094740699437,0.021832611947282334,0.03335107699753474,0.07199138729574202,0.036031993568026784
2023-11-07,0.07523005201407386,0.019158189693015602,0.5398117808293468,0.14713746934750735,0.045513741846644626,0.00943743491358008,0.02114254093070557,0.032869217622225805,0.07311318252908472,0.036586390273815744
2023-11-08,0.07536440000052545,0.01934288920902484,0.5373745800893236,0.1476852069896784,0.045445124191957495,0.009569586250172712,0.02145206945188799,0.03348823405385746,0.07378184474992598,0.036496065013646106
2023-11-09,0.07491601201559567,0.019032863507387265,0.5384425432019228,0.14675960465242552,0.04519282290264629,0.009709964222817087,0.0212846354382053,0.033506809234714344,0.07492607630017346,0.036228668524112204
2023-11-10,0.07504004111677276,0.01910169367680089,0.5384212339547438,0.14702561504905381,0.04533794212846956,0.009753671810784676,0.02154767010295867,0.03388549281913348,0.0737282124755358,0.036158426865746274
2023-11-13,0.07492494543254996,0.019151027147986055,0.537093994044906,0.14663007336485656,0.04539318981420914,0.009808362970351453,0.022038735063849416,0.034366406742880266,0.07431847895064606,0.0362747864677651
2023-11-14,0.07551491723367672,0.019302496722963317,0.5384328865394518,0.1460770478843326,0.044566604476497046,0.00968515421000595,0.021988394455761597,0.03468331985987554,0.07331432938846527,0.03643484922897005
2023-11-15,0.07429769399317637,0.019275870445158806,0.5387788081093701,0.1470276873473403,0.0448504809553258,0.009572683692034638,0.022095357389938272,0.03476810094104144,0.0729056868985337,0.03642763022808051
2023-11-16,0.0745129891441914,0.019237443949412743,0.5379339582754813,0.14742857662297332,0.044681890176476544,0.009539760468884934,0.02218144912004941,0.03495488659577235,0.07292368477199886,0.0366053608747591
2023-11-17,0.07458972715068128,0.019311270774412474,0.5374714114478621,0.14754939927595684,0.044641620658737606,0.009660140871710942,0.02252388634219427,0.035442949722298445,0.07257230961445735,0.03623728414168868
2023-11-20,0.0745303226624173,0.019298914141455095,0.5372026230745047,0.1467362828251318,0.04463693030614632,0.009705590714556019,0.02261592651708831,0.03533967291967883,0.07333925185403463,0.03659448498498702
2023-11-21,0.0748461437645242,0.01917288399300323,0.5371603417336321,0.14540380052065194,0.04479969148479702,0.009879906873932847,0.022569983235954744,0.035242185039333934,0.07349735563321169,0.03742770772095835
2023-11-22,0.07431625797772516,0.01903570718516217,0.5402241649368441,0.1448258472789183,0.044471263713950104,0.009709958879992325,0.02211718083471672,0.034855433968070906,0.07291890561913145,0.03752527960548869
2023-11-23,0.07448845872811258,0.019106233448997097,0.5403593106876781,0.14387478662615366,0.044531207302387826,0.009727508109813139,0.02242612570722669,0.03529107441436524,0.07260703149552064,0.037588263479745004
2023-11-24,0.07432186174024537,0.019014351171897786,0.5412385521003814,0.14333458639079305,0.04477682160609237,0.009860906986509071,0.02238816277483186,0.03508593919607872,0.07258850864077891,0.03739030939239149
2023-11-27,0.07444190346615244,0.019095808863828213,0.5401093290294883,0.14391024044807066,0.0449642114559442,0.010005332867204227,0.02247264175447181,0.03523361862274328,0.07243351045534352,0.03733340303675337
2023-11-28,0.07489430025949363,0.019037189524709817,0.5413035800981268,0.14159782201356105,0.045104909866888594,0.010018356251395643,0.02253720848078577,0.035415953939605345,0.07296744992089647,0.03712322964453679
2023-11-29,0.0749112235861891,0.01852352452407048,0.5414453998869019,0.14067846993472743,0.04512733423901458,0.010092904230470013,0.02224820304843564,0.03569898734731272,0.07382532261623151,0.03744863058664649
2023-11-30,0.07388327931627155,0.018141655438558654,0.5430659130555678,0.1402232229700856,0.04510407152483214,0.010226361113752835,0.022116391608245755,0.03608605937977523,0.07407386880234512,0.037079176790565355
2023-12-01,0.07332422709577802,0.018054395024344746,0.544055600397219,0.13995982047317704,0.04485808013112547,0.010191886230582191,0.022345495699024304,0.03629167390830174,0.074053119318194,0.03686570172225353
2023-12-04,0.07437620662564302,0.018452970722851313,0.5418728576853902,0.14002532916104932,0.04484951954142135,0.010518833749818005,0.02294283691226736,0.03687537090268136,0.07281315607507657,0.03727291862380148
2023-12-05,0.07431276844467015,0.018462295566971862,0.5421782300177336,0.13956867091770422,0.045536589168751106,0.010733440918742792,0.02297098992857154,0.03692033780121469,0.0723245934507795,0.03699208378486049
2023-12-06,0.07413082646397089,0.018689520542924297,0.5402521557558952,0.13936083935601848,0.046014586658723815,0.01094619091078275,0.02344802638778517,0.037777652991423376,0.07263864893968117,0.03674155199279481
2023-12-07,0.07412434943691948,0.01864898379827488,0.5386882802743604,0.14084469910243957,0.045972135748452436,0.01098749143682772,0.023406213816521037,0.037846335175914195,0.07294056273172932,0.036540948478561
2023-12-08,0.0741145466315557,0.018608006885534174,0.5395721377752907,0.13977517809537846,0.04669796569008546,0.01078238799062219,0.023504824615241993,0.038384644038224926,0.07217377344220541,0.0363865348358611
2023-12-11,0.07369633163886315,0.01867215337184011,0.5384615499222791,0.13948507221467485,0.0465523158902071,0.010826496753971682,0.023894762139756685,0.03855713561264498,0.07311643571813488,0.03673774673762738
2023-12-12,0.07530889134571798,0.01886579588346707,0.5373471884246277,0.13611631292774407,0.046588554320191856,0.010864379774633453,0.023961268444616587,0.038679495662335237,0.07477304656329857,0.0374950666533673
2023-12-13,0.07597095893508168,0.01887447152852373,0.5384157079705306,0.13552796391452063,0.04697494274408334,0.010771235885040304,0.023933990601914222,0.03911629611603092,0.07322921144340339,0.03718522086087112
2023-12-14,0.07652976771340393,0.019158769541385505,0.5356994080954998,0.13340064101026175,0.047682506018438126,0.010981601677132384,0.02462611382100413,0.03990601402121052,0.07475893190445024,0.03725624619721383
2023-12-15,0.07723374695847263,0.019281372674130853,0.532778315850203,0.1334906011830264,0.048383923533414815,0.011120265021304575,0.024756015924741883,0.040366432804852664,0.07562854028999685,0.03696078575985628
2023-12-18,0.0769976471331624,0.01918235604747635,0.5352239730545405,0.13441715801708667,0.04827879698824887,0.010973699455521273,0.024268714260317667,0.039954431335339234,0.07378755203335687,0.036915671674950225
2023-12-19,0.07668064402710059,0.018957101988501725,0.5366537469627715,0.1336969781202868,0.04801394700995408,0.010994147492096215,0.024506174767711848,0.039697660293969844,0.07458883291853192,0.036210766419075384
2023-12-20,0.07669048056880036,0.01885383372718291,0.5394182219507957,0.13267598704122807,0.0478578435126217,0.010965014597829083,0.024383908026036318,0.04000777285976621,0.07323009870539893,0.035916839010340644
2023-12-21,0.07741809645303746,0.01912568523097021,0.5389603294951494,0.13337769701365304,0.04510634530544637,0.011058082818587923,0.02502627489389516,0.04049101999688706,0.07337359544638546,0.036062873345987914
2023-12-22,0.07731094600810891,0.01903428434673658,0.5391638073479234,0.13377861163796378,0.04557594808106095,0.011005096713507263,0.024636956929253998,0.04006236920135468,0.07293926699458624,0.03649271273950432
2023-12-25,0.07798924237398444,0.01917677758228169,0.5388956010220841,0.13298227124137413,0.0463308706592363,0.010997414084474827,0.024729965613475277,0.04030418327341293,0.07208837908952177,0.036505295060154416
2023-12-26,0.07773636585452977,0.019048203096178738,0.5379502646435115,0.13376521774711503,0.04608244417601541,0.010930001296013212,0.025010304738167906,0.040984731095721955,0.07188747960124428,0.03660498775150217
2023-12-27,0.07754949514371968,0.019200267126037437,0.5378558612517584,0.13367302125529046,0.04586965145660903,0.01087912251809197,0.025590091981252984,0.04098046452456069,0.07192823243061261,0.036473792312066586
2023-12-28,0.07733557013420027,0.01941220464933505,0.5369028890754171,0.13318387119963485,0.0462733918456293,0.0109989577016122,0.025952913258010284,0.04144148631685266,0.07210731712527267,0.03639139869403566
2023-12-29,0.0764694672333929,0.01919245360937282,0.5411392025867395,0.13580451135523203,0.04543789089358945,0.010681219206117979,0.02440433301634685,0.0389273450101165,0.07128697459410525,0.03665660249498662
2024-01-02,0.0833966920822208,0.018904851774279436,0.5369556740315513,0.13487762670534983,0.04486498183348914,0.010590443261106723,0.024330716041277275,0.0384700647165913,0.07145275208467679,0.03615619746945749
2024-01-03,0.07821818543247983,0.01953847275299063,0.5374039664652533,0.134026581218762,0.04579458359276958,0.010687131389257186,0.025454378908680377,0.04039848944663116,0.0720211817017071,0.03645702909146888
2024-01-04,0.07737855376408637,0.01957872798760047,0.5399328586165527,0.1328395989303353,0.045437273451071875,0.010727516737123506,0.025589746523334435,0.04069288983979935,0.07158763579444297,0.03623519835565296
2024-01-05,0.07799259952628013,0.019815085157173937,0.5383864971981337,0.13189154663426628,0.046202712778250214,0.011053818578897014,0.025783819581804375,0.04113791777390375,0.07173110088818956,0.03600490188310101
2024-01-08,0.07927898686043089,0.020070079907590074,0.5384198786023232,0.1312667401959754,0.047856868179458154,0.011227102783012961,0.02587284956673375,0.04100167264461888,0.06895432729661174,0.03605149396324499
2024-01-09,0.07970422301000557,0.02013974269073438,0.5390076989975608,0.1297772517863788,0.04835601301012562,0.011287565754846173,0.026147905162713425,0.04110724076562652,0.0684444128587243,0.03602794596328427
2024-01-10,0.07972953793713315,0.020362882734709254,0.5389315044619989,0.12970104408673014,0.04930590439381738,0.011336060330326319,0.026074917304688524,0.04056455661987768,0.06870952330231027,0.03528406882840866
2024-01-11,0.07930017075665442,0.020350260606397035,0.5387615490685851,0.1306246726959865,0.04954018374285728,0.011360649472145556,0.02601980271644854,0.04035129436764607,0.06916693498444311,0.034524481588836475
2024-01-12,0.07943189021725594,0.020233605723383775,0.5394769890197829,0.13122554645214676,0.04933572573184104,0.010999855862933523,0.02552697117311312,0.0396701563416775,0.06901225250795415,0.03508700696991135
2024-01-15,0.07973847638507618,0.020513464096238297,0.5393011663712093,0.13058064836769018,0.049469148664549996,0.011002899055779303,0.025982180861037367,0.04030632803955292,0.06850377222143725,0.03460191593742928
2024-01-16,0.07990827558107462,0.020771432282648637,0.5379781773760581,0.13043240728364563,0.049763389824292806,0.011061690895035581,0.025694287412725135,0.04075251212346341,0.0691461928438208,0.03449163437723536
2024-01-17,0.0808636202059681,0.02100786524031749,0.5369304698326084,0.12995041309766006,0.05008015706449882,0.011039780380925988,0.025653164063468223,0.04092193240303145,0.06886921473631885,0.03468338297520272
2024-01-18,0.08260485006305972,0.021689653549204282,0.5318803934986744,0.1304163631315452,0.05090778428914653,0.011303899142535075,0.026097668772221198,0.041706866358277646,0.0686957198089493,0.03469680138638647
2024-01-19,0.08265842848136457,0.02135554989883452,0.5335685181233796,0.13090429452590302,0.04995103387478473,0.010982229567171806,0.025453136554756187,0.04067476029556087,0.06944953064859999,0.03500251802964483
2024-01-22,0.08220574582976756,0.021289568099775738,0.5364621643429524,0.13067551202231625,0.04934835220599754,0.010946255510041351,0.02519401897580048,0.040009707568610914,0.06899558470056485,0.03487309074417301
2024-01-23,0.08273078290427023,0.021327962626862908,0.5404163729925925,0.1291554428549101,0.04868868848574283,0.01066501033836669,0.024646572706823733,0.03918960137535024,0.06815493304938568,0.035024632665695075
2024-01-24,0.08278344373724131,0.02151017043157108,0.5367168000810446,0.13048278924029713,0.048968020752539615,0.010648801148190303,0.025199348106578204,0.04004427102669327,0.06784191766429375,0.03580443781155079
2024-01-25,0.08326005638933873,0.021595073359554587,0.535053994231844,0.1301997943754239,0.04963876050846188,0.010671540976806131,0.025774653511598522,0.04050276849440853,0.0677081946991091,0.03559516345345477
2024-01-26,0.08331763617504993,0.02142616761486149,0.5334482847474018,0.13193739023636372,0.04914183031834861,0.01077907587153084,0.025740944950403227,0.04041204186709334,0.06813501723792321,0.03566161098102394
2024-01-29,0.08420111309180871,0.022007734266756875,0.5330236146383454,0.1317764565586204,0.04912310223574409,0.010764514921893719,0.026156123723969037,0.0406765250770117,0.066621231730227,0.035649583755622986
2024-01-30,0.08409312144824185,0.022187278025263577,0.5337325326180155,0.13171731842573078,0.05084057263136247,0.010747930373584789,0.026450311068044418,0.04088112068475113,0.06447244205788023,0.03487737266712524
2024-01-31,0.08533357399365499,0.02242522108194432,0.5318286877851129,0.1301115780156357,0.05195430181766955,0.010671528248004498,0.02694096629028175,0.041197262089573514,0.06477849458891097,0.03475838608921188
2024-02-01,0.08646612308974833,0.02271676309762553,0.5334574032816197,0.12971973727658934,0.05252511060665212,0.01081153110743917,0.02763306344613996,0.04162698655776783,0.06321142982199165,0.03183185171442635
2024-02-02,0.0864039175770926,0.02261978062591257,0.5354550472813783,0.12999696710256708,0.05259887016006435,0.010546268473603047,0.027431255412168037,0.04164999537380965,0.06275661091337557,0.03054128708002882
2024-02-05,0.08710857836595459,0.023190767371088085,0.5351178367819379,0.12828060110905573,0.053508814481093236,0.01068180034728405,0.027933508252307684,0.04261422913660802,0.06120827828629655,0.030355585868374124
2024-02-06,0.08613080245559543,0.022823486267212662,0.5359513686240501,0.12859365546477672,0.05318148194687236,0.011000983867937403,0.02762741199900358,0.041837194866164426,0.06244554297090994,0.030408071537477332
2024-02-07,0.08398320927895543,0.02201124025214244,0.5346323288301074,0.1310852524412858,0.051337467596165066,0.011125503999691422,0.026632818854412956,0.0412289444965004,0.06641402290348379,0.03154921134725545
2024-02-08,0.08288459300725515,0.021319348756153576,0.5369677014929822,0.12981880354459288,0.05177347337896817,0.011671131072216573,0.026444226737601068,0.04033737309964909,0.06667869582247517,0.03210465308810597
2024-02-19,0.08352434496639348,0.02116952876159271,0.536844944667893,0.12989649635703807,0.050981989593071625,0.011785446624545268,0.026254091654097467,0.03999520594763584,0.06690637962345766,0.032641571804275
2024-02-20,0.08397162242591918,0.021706230252592447,0.5320662234094717,0.13202528644091205,0.05202493232791363,0.010963353435878703,0.02739304648484838,0.041460183894767765,0.06638956460593078,0.03199955672176525
2024-02-21,0.08464944265356433,0.0220885837475456,0.5276638706984134,0.13119859096768224,0.05376824759956857,0.011011827469721161,0.027730065610955767,0.042377098038627506,0.06716373513176244,0.03234853808215904
2024-02-22,0.08505674662539062,0.022153418137066526,0.5299588741596176,0.13444334934034285,0.05237922430269274,0.010641891042332888,0.026565268788760022,0.040761519421673845,0.06614818374900802,0.031891524433114715
2024-02-23,0.08543683962061809,0.022105545143947698,0.5284293145332575,0.1340751689135383,0.052771375283927516,0.01070942086667851,0.026714718654008703,0.04141999316563437,0.06625756219885327,0.03208006161953613
2024-02-26,0.085744307251682,0.022080825367495647,0.5271244322099147,0.1346584680419972,0.05255223703184281,0.010529999601017163,0.02671544650305681,0.04217022705527207,0.06619690276185936,0.032227154175862194
2024-02-27,0.08477429227361566,0.021924607263849157,0.527233919667363,0.1343307078066273,0.054215542996203334,0.010806740398962848,0.026154742606235733,0.04167396784382629,0.06646748166269141,0.0324179974806253
2024-02-28,0.08517051646290448,0.02208765656289982,0.5257524172183515,0.1343877306663892,0.054238557282033195,0.010773358274801657,0.026535158462293797,0.041557888253518194,0.0667959388257527,0.032700777991055294
2024-02-29,0.08528455996863245,0.022272437523874943,0.524613115806467,0.13450876938491554,0.0542650084720447,0.01074073137462602,0.02684350343387172,0.041753290934873996,0.06690293472615755,0.03281564837453622
2024-03-01,0.08512566325606913,0.0222743693281763,0.524019891374642,0.1358889026702466,0.05412001386749795,0.0109750066890191,0.026435278273890618,0.041109341771928945,0.0669406607357278,0.03311087203280166
2024-03-04,0.08498732450942988,0.022229970104305406,0.5222961204331555,0.13656648951900244,0.05559410879951848,0.010826278087969314,0.026374996898169058,0.04094933262463605,0.06692515949506143,0.0332502195287525
2024-03-05,0.08419655296665764,0.02209799803224698,0.52007894853888,0.1345307928050063,0.05573084952239929,0.01095819207568173,0.02711827822883999,0.0427668318072413,0.06916347073037864,0.033358085292668004
2024-03-06,0.08424370675812706,0.022298704446987953,0.519870241867447,0.13417940530752206,0.05526936545152867,0.01095638749518649,0.027170728178590422,0.0427589420732111,0.06939681604037834,0.0338557023810208
2024-03-07,0.08439275098155574,0.02258894312976743,0.5197618951627138,0.13289507007395487,0.05562534456766035,0.011128389314668937,0.02729014247298837,0.043386055504375985,0.06904073581836631,0.0338906729739483
2024-03-08,0.08452212137808682,0.02276280965158257,0.5211968357679387,0.13224336789280478,0.05682871180932679,0.011426956212788466,0.02751748658728835,0.04364803428551295,0.06594499024923425,0.033908686165436214
2024-03-11,0.08464440731887324,0.022990681510940938,0.519111982043905,0.13283892476013176,0.057042377063711985,0.01160991790141483,0.028012913723057763,0.044191280448793405,0.06606599029466556,0.03349152493450549
2024-03-12,0.08380312649394396,0.02265872034209173,0.5204117417539064,0.13395945518004726,0.0557185840916807,0.01149834460539817,0.027263493536562246,0.042818888876063506,0.0679969283011335,0.033870716819172614
2024-03-13,0.08203842603011043,0.021575750498954636,0.5249571974212204,0.1378645299531024,0.05294653567633419,0.01117803799593396,0.025759452589776383,0.04077876568965981,0.06863720818182888,0.0342640959630791
2024-03-14,0.08166493723077743,0.022038653018073586,0.5230207952641167,0.13823690432712843,0.05358576135927974,0.011345222570281137,0.026248562372898947,0.04082418946950159,0.06869440461990693,0.03434056976803551
2024-03-15,0.0813871744439268,0.0219657836205407,0.518612982357951,0.13961619214354115,0.05356387214997823,0.011250672528411842,0.02640652590869166,0.04086515561773548,0.07215000963055918,0.03418163159866416
2024-03-18,0.08164023162016466,0.022296468282434444,0.5173104970467254,0.1419227718712449,0.05241690761550742,0.011270956692176167,0.026309144078511617,0.040957907701729024,0.072085720264053,0.03378939482745342
2024-03-19,0.08176838160826198,0.022333879576924065,0.515967674417475,0.14326184772649964,0.05185923270368178,0.010984335079373107,0.02636471191127777,0.0408559198585296,0.07251714847419864,0.03408686864377838
2024-03-20,0.08087506878087156,0.02201213642186496,0.5159321189108109,0.1468842414451351,0.051835863012532145,0.010915288470295801,0.02609773542226343,0.04068571418050121,0.07051294375195825,0.03424888960376673
2024-03-21,0.08129478584330246,0.022128369167850707,0.5162197299187473,0.14643842744543528,0.051776217546440004,0.010820142441206593,0.02637483403408106,0.04080057273073812,0.06996571672245472,0.03418120414974375
2024-03-22,0.08164518527168567,0.022280172051583075,0.5166759613418113,0.14630168545156017,0.05139292226610735,0.010579172299532234,0.026102434953035204,0.04076432857813942,0.07005213738677125,0.034206000399774214
2024-03-25,0.08180239907098552,0.02230526064722459,0.5172541127860953,0.1441365817745941,0.05198161478837936,0.010621060331471515,0.026321304801505477,0.04051424147395709,0.07090901636754132,0.03415440795824585
2024-03-26,0.0823053494189712,0.02264126036211137,0.516025304641947,0.143230417687175,0.052264395885593645,0.010706596133220963,0.02657752796021302,0.04071329042292344,0.07161422669225523,0.03392163079558907
2024-03-27,0.0822601880228521,0.022420008282461944,0.516544115198327,0.1449415801739775,0.05161494070295438,0.010698880772316465,0.026503787188643383,0.0403139937278786,0.0710045033901459,0.03369800254044263
2024-03-28,0.08318950098221435,0.022595493086457766,0.5157725753081008,0.14303187665768866,0.052563817081175225,0.01094915755034074,0.026701131694209436,0.040884438021478176,0.07068966991374578,0.033622339704589096
2024-03-29,0.0814709875587418,0.02254179398985511,0.5158804863092982,0.1434201762092635,0.05327534520809087,0.011136177191053741,0.0267686322450363,0.040790730561218236,0.07113971348127913,0.03357595724616315
2024-04-01,0.07919077867934834,0.022388589572171227,0.5167596070587201,0.14394272889894233,0.05347628737043926,0.011341776568946074,0.027100527801814805,0.041656175995318706,0.07083838412880408,0.03330514392549489
2024-04-02,0.07855627202788962,0.02246026216371077,0.5165302491482322,0.1458339935613796,0.053969865666341446,0.011278954250916982,0.026371116410621512,0.040632908210193865,0.07058215291330873,0.03378422564740526
2024-04-03,0.07790544480760486,0.022592200433011973,0.517918771138408,0.14519023478896462,0.054170589625851445,0.011167536608605765,0.026393866348455877,0.04095990878871847,0.06975535089484282,0.033946096565536155
2024-04-08,0.07720097540660505,0.02269930334251623,0.5195696799191706,0.14471546892782988,0.05482382852637674,0.011147183010078693,0.026388804229251297,0.04106363900194123,0.0688551813751886,0.033535936261041656
2024-04-09,0.07919461822787194,0.023536813813477834,0.5155887078710494,0.14079372302959248,0.0548758456284595,0.011117132440248922,0.02764541997597693,0.042820130617157864,0.07131928261055985,0.033108325785605304
2024-04-10,0.07943466064577141,0.023536363879189365,0.516441019632013,0.1406255402967587,0.0530659560332922,0.011101407298928355,0.027820395618827973,0.042471253378998236,0.07184887645358257,0.03365452676263818
2024-04-11,0.08126967740109275,0.02355309998282757,0.5151807207645467,0.13824888569214214,0.05314161944618111,0.011161977588795585,0.028604467982631478,0.04322643858197247,0.0721499910651391,0.03346312149467099
2024-04-12,0.08102351594096731,0.023612567059262724,0.5159238704632396,0.13769209965309234,0.053189562164482555,0.011198047332106376,0.02899834103644969,0.043826567196253836,0.0714424288922147,0.033093000261930954
2024-04-15,0.08087765185548176,0.023631537954724304,0.5159039026545553,0.13705909073459213,0.05403852699243035,0.011522457967366088,0.029057779285701246,0.04438050824770228,0.07068766154797383,0.03284088275947254
2024-04-16,0.08025605183434954,0.023388307015737676,0.5148355386601743,0.14008548099615437,0.05435415915580728,0.011566846766692127,0.02899813735105283,0.04391891314634189,0.06963341262181738,0.032963152451872764
2024-04-17,0.0812879821770578,0.023476509488242207,0.5152983003045836,0.13822099789612266,0.05447242898604199,0.01176038802289658,0.02892951555450009,0.04385997578665507,0.06935030523365764,0.033343596550242306
2024-04-18,0.08238455052656975,0.02362839155856919,0.5132565857599355,0.13823505557653032,0.05461648819609731,0.011754643949393014,0.029085988602068104,0.043985402024454875,0.06940308961127066,0.03364980419511127
2024-04-19,0.08313132117125689,0.023717829455216603,0.5152618845637164,0.1381562356421276,0.0553003056609013,0.01197191828560626,0.028987166315648436,0.04361545214273225,0.06632188982742965,0.033535996935364645
2024-04-22,0.08346435517258868,0.02396377075858694,0.5136329279797063,0.1377336548135866,0.05584972615028969,0.012129056892507109,0.029319138786480833,0.04402556151404657,0.06602016956722924,0.033861638364978096
2024-04-23,0.08241250918420534,0.023709678747835316,0.517512458223916,0.13800417562056483,0.05480438168017313,0.012007374319564829,0.028929389946407646,0.043207061943188706,0.06567262770845242,0.03374034262569178
2024-04-24,0.08101087263047012,0.023546219669483337,0.5181162588410531,0.13909598770193968,0.05373355276707767,0.011712275737244952,0.028341408697273637,0.0422031189355463,0.06851612265214162,0.033724182367769584
2024-04-25,0.080473272209115,0.023522276192835433,0.517993127590639,0.14079744344885903,0.05329500216924724,0.011688581035610043,0.02854852737294239,0.04277376185153205,0.06787179237236217,0.03303621575685776
2024-04-26,0.08169871442410026,0.023773219419542514,0.5172542803709215,0.14064311949063388,0.05334615556052921,0.01163456785025997,0.028317814935439757,0.042289103385304505,0.06872825683833873,0.03231476772492962
2024-04-29,0.08206219313146201,0.02245661501637869,0.5162838605711043,0.14208498151090773,0.05348021122045368,0.011299686557948864,0.02779654771631911,0.04184833447494129,0.0699506940923784,0.03273687570810583
2024-04-30,0.08340869893669187,0.02292339045762859,0.5134015258623175,0.14127649467994258,0.05471527654611937,0.011328519409357899,0.02726460710626232,0.04092704402148838,0.07065391340701212,0.034100529573179356
2024-05-06,0.08362842553982293,0.023031430601247477,0.5116937001315004,0.13949986540456083,0.056667341688841334,0.011279199076889089,0.028547037429154477,0.0411110013983404,0.07034710269712248,0.03419489603252074
2024-05-07,0.08142172553526618,0.02253600388439425,0.5152381339005346,0.14020365793277564,0.05696322361775628,0.011191674410626518,0.02826020905886087,0.03992982501420709,0.07009943327342949,0.03415611337214902
2024-05-08,0.08136250423489863,0.02196565415773289,0.5177299076259031,0.14094223802902434,0.05595145964984781,0.011013690861005117,0.027475951266344223,0.03927209364522251,0.0701524206542836,0.034134079875737904
2024-05-09,0.08155472065862786,0.022215230139544368,0.5184179307642571,0.1407583489354526,0.05559811419673424,0.010989140245817992,0.027484438446535232,0.039795604367552924,0.06927693803695104,0.03390953420852647
2024-05-10,0.08204991319067304,0.022389454593333982,0.5167455420401693,0.1407955848252948,0.05630350464489904,0.011046593070198769,0.02724072492879627,0.039552099543318966,0.07008414803564056,0.03379243512767524
2024-05-13,0.08340479033390283,0.022746787589807287,0.5137877348001962,0.14098550462161677,0.057244359257530124,0.011122910364693522,0.027384953651307255,0.03983760722067122,0.06973486960767604,0.03375048255259872
2024-05-14,0.08479389286846467,0.023521021035571403,0.5097508855059385,0.13950734471386697,0.05837474261905515,0.011439511859963777,0.028315596408467616,0.04097371822154246,0.06908302415552924,0.034240262611600326
2024-05-15,0.08477829014714555,0.023596295058803868,0.5096441186297973,0.14002962970260194,0.057238540475566375,0.011269239609211376,0.028536449723101407,0.041061894116601765,0.06892757697530735,0.034917965561863135
2024-05-16,0.08451664145311237,0.023700331114954166,0.5107619188173638,0.14052805835141233,0.05759251920066626,0.011353121142620185,0.028329265920218918,0.040769374096981066,0.06815226115460793,0.034296508748062976
2024-05-17,0.08596683091688656,0.023938580679373794,0.5098117281338415,0.14237317349331807,0.056770466243389654,0.011059704855119774,0.028095422459501786,0.04007180488511178,0.0678762592403629,0.034036029093094326
2024-05-20,0.08692126956466761,0.02396237485501887,0.5092705826602475,0.14351676236840846,0.056243193252425855,0.01094053415003396,0.02798187418511638,0.03986929292438696,0.06747955877313995,0.03381455726655444
2024-05-21,0.08785473165793445,0.023953751747323428,0.5083436889918082,0.14457651185667902,0.055844555345750065,0.010865961076307853,0.02799370565761146,0.04044790782347968,0.06617338565204185,0.03394580019106402
2024-05-22,0.08872228916907883,0.024427732627239195,0.5073329467908605,0.1439287850292024,0.05575755944000321,0.010879290811562576,0.02819781357875548,0.0406327354647727,0.06618163963200302,0.033939207456522055
2024-05-23,0.08982090961337298,0.024722968708149617,0.5071994199572134,0.14319791146149335,0.05566081627909105,0.010795408568674962,0.028559632664175726,0.04045400525623823,0.06605388935253248,0.03353503813905807
2024-05-24,0.08985029990874567,0.024801947338251022,0.507616438455752,0.14238938500798043,0.055436975779220674,0.010888539236201842,0.029142262581542643,0.040795610933376435,0.06558441310159493,0.03349412765733416
2024-05-27,0.08942974159785487,0.025138768381367044,0.5069406140973463,0.14117737569262498,0.05578827905045233,0.010843548556241053,0.030133836246307544,0.04197025041827206,0.06514384830933972,0.03343373765019407
2024-05-28,0.09082647986827377,0.025625781751151985,0.5031589038709816,0.1411084542912316,0.056615787205159133,0.01101320157604118,0.030713017018213717,0.04213294144944223,0.06532510087548979,0.033480332094015075
2024-05-29,0.09147251007261041,0.02592987499980406,0.5025937978016477,0.1399679346862517,0.05625111409630665,0.010362764376713837,0.031102002716336577,0.04282984177221982,0.0663404514268147,0.03314970805129464
2024-05-30,0.0901947404285815,0.025623161460610052,0.5052544946637045,0.13915740090787795,0.055718557574489506,0.010230340265853469,0.03155749131840287,0.04316182006197353,0.06593558542058978,0.03316640789791673
2024-05-31,0.09064094375359896,0.02578557574790825,0.5037955269008128,0.13807430534520584,0.05629039084838122,0.010491911663922094,0.031961547541587254,0.043251888299644874,0.06652473553152072,0.033183174367417974
2024-06-03,0.09046725620618168,0.02611023748947722,0.5040673044560968,0.13861062118970327,0.05579123172927923,0.01035473807341804,0.03215276324103692,0.043333475047218316,0.06577538966018494,0.03333698290740349
2024-06-04,0.0901416300924051,0.02544178386493932,0.5020180798451096,0.1381287501931249,0.05694224886709989,0.010318831590598135,0.032344386226553584,0.044975439775976914,0.06608771482773462,0.03360113471645785
2024-06-05,0.08905188873848247,0.025379874664621216,0.501535692596318,0.1385306135419166,0.05654832233372709,0.010306038876642522,0.0320433775440505,0.04529587407902305,0.0675215880938892,0.03378672953132937
2024-06-06,0.08858256075487976,0.025357930505602994,0.501769887511801,0.13746583911220647,0.05596092444731656,0.01042892482827399,0.03229207555792414,0.04605169601538457,0.06807064117692456,0.034019520089686006
2024-06-07,0.08891766871864885,0.025576073982095094,0.5018125380236512,0.1370155976671075,0.05694551196269847,0.010464271887109352,0.032377339276758434,0.04626098907533434,0.0666808643390374,0.03394914506755944
2024-06-11,0.08960844894172494,0.0257572259400524,0.5004882042372543,0.13595003485903825,0.056950734302038564,0.01034675777743573,0.03371211951145156,0.04743541046013535,0.06615931849153815,0.03359174547933092
2024-06-12,0.09088819452107273,0.02578528336829243,0.49529428888090876,0.1350768977688165,0.05741219815821391,0.010526574356606741,0.03382984111042256,0.04799215341227644,0.06848040958050915,0.034714158842880795
2024-06-13,0.09023858097815596,0.02626161462828284,0.49630004817203244,0.13455446171049776,0.057628867329430525,0.010558172617861045,0.0343653963648158,0.04823384372527741,0.06750827563991844,0.03435073883372785
2024-06-14,0.09060162700885403,0.026220910851685073,0.4961700655497688,0.13266824919482229,0.057544814760529854,0.010717427001341503,0.03474363684976765,0.049103916325130226,0.06814929538302865,0.03408005707507187
2024-06-17,0.09210707657558051,0.025058130387292914,0.49603328967308913,0.1337364872165541,0.05853032906625988,0.010975077467037313,0.03356069928158894,0.04803940536388299,0.06787177104779865,0.03408773392091561
2024-06-18,0.09208201843882013,0.02530126001616267,0.49442487244106126,0.13451981969776983,0.05803189192481622,0.010736490590508478,0.03353547951239187,0.048165108214531065,0.06927027189478743,0.03393278726915091
2024-06-19,0.09306281141635636,0.025979616336493976,0.4923571108087508,0.13387825584200164,0.05862136125882045,0.010728887235432255,0.03366138718848144,0.048640521509442494,0.06896709854573788,0.03410294985848264
2024-06-20,0.09496199020103913,0.026512603659851454,0.48916600479395145,0.13515946254520056,0.058408648302305764,0.010684321694404328,0.03380327970531126,0.0489852738329227,0.06844643513623543,0.03387198012877773
2024-06-21,0.09371540068729617,0.026513674006096364,0.49137917382577284,0.13380786344390033,0.058399740386935635,0.010766272431504213,0.03448196332471252,0.049893535081244396,0.06753319501354116,0.03350918179899652
2024-06-24,0.0951563843231991,0.026953001554576365,0.4878460543142517,0.13342424520394963,0.05903761463685086,0.010728904111612782,0.03502934056710646,0.05046718923473638,0.06743089458164102,0.03392637147207574
2024-06-25,0.09511376253403708,0.026751112071805354,0.4875004721916738,0.13367533160475098,0.05927726997657213,0.010643084374608498,0.03549988216181772,0.05019457059431917,0.06754899292980453,0.03379552156061083
2024-06-26,0.0943808687564385,0.026752509625132898,0.4898650886828938,0.13389987713987062,0.059721442151812326,0.010701947526286082,0.03499956291328782,0.04995372730635428,0.06642827725927217,0.033296698638651694
2024-06-27,0.09438268144162272,0.026818937711899936,0.49043818945442186,0.13361148558947483,0.05892043424423838,0.010704383045269213,0.03460874228883096,0.04987867226129297,0.06672568556069408,0.033910788402255
2024-06-28,0.09520976174390382,0.02765574462043569,0.4917527362729499,0.1321733464843428,0.058392040694458844,0.010614458425634476,0.034946024283998164,0.05006430081213492,0.06574177803819514,0.03344980862394612
2024-07-01,0.09695994218742297,0.028467774856695344,0.48827407998106104,0.1316489583250257,0.05850385652753534,0.010637341980088177,0.03601511323993222,0.051398607449396665,0.06498634677361977,0.03310797867922259
2024-07-02,0.09837885525098083,0.028341790833447168,0.48273869623581134,0.1328664506093137,0.05844446975563399,0.010748176645783085,0.03708990340055301,0.05306544192465936,0.06513107126236031,0.03319514408145742
2024-07-03,0.09737294770306097,0.027785882392512756,0.4898038413231086,0.1335701600857452,0.056355420127714294,0.010250127157671384,0.03692782638847359,0.052777890110415504,0.0625187601855556,0.032637144525741964
2024-07-04,0.0959103940578545,0.02746588672346719,0.49149068514140815,0.13263220027686987,0.05600794373667438,0.01006067063753767,0.03700024978782191,0.05281910420006316,0.06434175948146197,0.03227110595684114
2024-07-05,0.09611305465705576,0.02729580930816269,0.4900618727297607,0.13309804232117284,0.05621846750887603,0.010007737402700658,0.03720763375935947,0.053738190773490416,0.06440197294056141,0.031857218598860045
2024-07-08,0.09505977100078727,0.027396646459675145,0.48586780756525255,0.13323781538486854,0.05651355809899736,0.010205403294910128,0.03698624599282563,0.05423921730903112,0.06797243514373878,0.032521099749913344
2024-07-09,0.09677453546977427,0.028108089446617197,0.480880675386858,0.13175370928164512,0.057612875475657015,0.01022085910921944,0.03814055637294545,0.05662840288445031,0.06742804241362126,0.0324522541592119
2024-07-10,0.09169027938311232,0.028175856399016434,0.48527207695882246,0.1324994367860478,0.05806054620228741,0.010174110479342148,0.03794620998226444,0.05681587496264923,0.06681366875602679,0.03255194009043085
2024-07-11,0.0928163559302763,0.02790674935168644,0.48575977371882095,0.13211982230704378,0.057379302614810244,0.0101745160746368,0.03719394579179139,0.05597045212998338,0.06762194650194464,0.03305713557900604
2024-07-12,0.09062377430359861,0.027352930639142403,0.4861728121459088,0.13406461215094506,0.05765829793216362,0.010279870023868772,0.03634528033477681,0.05550817690412787,0.06855471406723536,0.03343953149823276
2024-07-15,0.09236996857738704,0.027410046475619645,0.48933388718248755,0.13026059310844448,0.05765849580756123,0.010261326978362613,0.03587321989536706,0.05433617603101889,0.0693456421775282,0.03315064376622322
2024-07-16,0.09312378399566064,0.02766260735579906,0.487685862254831,0.1302691025789852,0.05726128490916334,0.01031724466931069,0.03620060227862851,0.055576357425303556,0.06847302903275226,0.03343012549956565
2024-07-17,0.09285722199334033,0.027414525608356173,0.48751136686842395,0.13010503080741526,0.05697603758988541,0.010242640700374537,0.03625867690885576,0.05556239559581027,0.06868264683723398,0.03438945709030429
2024-07-18,0.09268651387131549,0.02715326455412188,0.4892334417340215,0.13165831193676758,0.05610774598346662,0.010096612361480765,0.03490107193055709,0.05416168787200813,0.06906641238669235,0.034934937369568514
2024-07-19,0.09190584869702789,0.027162298608784004,0.48668548505431036,0.1316542856203923,0.057344602063710656,0.010157216841121423,0.03548446985801044,0.055230354206169986,0.06956182544692978,0.03481361360354331
2024-07-22,0.09089731876446847,0.026817185106176075,0.48952142752031363,0.13228174518432484,0.056457778441419075,0.009948314647184674,0.035224018213120045,0.05443666518192289,0.06880834990556428,0.03560719703550603
2024-07-23,0.0902993688775687,0.026848122306768783,0.4877822747193534,0.13194048056442803,0.05668732567104624,0.010174140770847434,0.03491118925018232,0.05483352683702712,0.0706737865565922,0.035849784446185765
2024-07-24,0.09315439582174626,0.02765443301901558,0.483820832185294,0.13028501601634684,0.05679437664531124,0.00992989610002048,0.035812944983651465,0.05669999346240259,0.06992323774647902,0.035924874019732635
2024-07-25,0.09311266321838409,0.027712522001016242,0.4817533905333347,0.13031283858974374,0.055730219300860515,0.009896393689879095,0.036963898408282084,0.05819550206611957,0.070331734105239,0.03599083808714091
2024-07-26,0.0932516076355819,0.027786466032199413,0.48272114982360265,0.13115254966100268,0.056562130185976826,0.010462505050999407,0.03554280459286679,0.05792723455875992,0.07104532861296908,0.03354822384604141
2024-07-29,0.09220173075704065,0.02739472554773636,0.4808478314361129,0.13184481112852026,0.06036971677129627,0.010886156358108526,0.03537074349718296,0.056488893540442134,0.07051304549734949,0.03408234546621036
2024-07-30,0.09440629897555142,0.028226163286053013,0.47732008242906576,0.1309247491127265,0.06096287213668852,0.010842794922063794,0.03598165368992529,0.057288532060635264,0.07020027731728883,0.03384657607000151
2024-07-31,0.09528983620560315,0.028683678600001813,0.47642858042323527,0.13152350259974152,0.060343971982111506,0.010703998674352387,0.035338881680890416,0.05723605636373497,0.07012559948123645,0.034325893989092485
2024-08-01,0.09339009189853001,0.02801112781543851,0.47917842917529097,0.1321587639521714,0.06048580845377405,0.010805828570235723,0.033990130264149314,0.05526601057876094,0.0722649481453455,0.03444886114630374
2024-08-02,0.09413258462837498,0.028561305464940033,0.47416735106842006,0.13106707767182119,0.06228980834774935,0.010808768151009564,0.03497400740304841,0.056612814413410706,0.07286936390281296,0.034516918948412835
2024-08-05,0.09351035865675889,0.028973184500707592,0.47421158553458104,0.13082918894745243,0.06237357600957898,0.010745427203726376,0.03489364175558564,0.056892336349944006,0.07329589167710233,0.03427480936456281
2024-08-06,0.09181659828136234,0.02782632780711033,0.477926505847657,0.131966322961448,0.06246621505114366,0.010522018220832903,0.0341119548154748,0.055610767347751715,0.07340957139708267,0.03434371827013643
2024-08-07,0.091187952305931,0.027701556869560755,0.4778258646294662,0.132332174324746,0.06203343167928919,0.010574762736765797,0.03409239855213807,0.055614263848355744,0.07412066633794132,0.034516928715806
2024-08-08,0.09138222387138888,0.02771286271770404,0.47927311243474463,0.1328711087598416,0.061427831867055284,0.01062929849324683,0.03449731722078436,0.055745228124858895,0.07247120778172886,0.03398980872864652
2024-08-09,0.09139256025135722,0.026987775191836202,0.48093479127420874,0.13331842465891994,0.06100142053030112,0.010664440670549601,0.03389033549433384,0.05500741475523791,0.07268437150151831,0.034118465671737125
2024-08-12,0.09107142556789945,0.027451150287785095,0.48334963840439865,0.1331373915615186,0.0607755524981996,0.010406243849263277,0.03267800940968093,0.05485570707788969,0.07246536288680654,0.03380951845655824
2024-08-13,0.09052295207145002,0.027270554958634813,0.4828593144231525,0.13268275558479345,0.060788712337006695,0.010375010192397548,0.03264082040585917,0.054778592926483544,0.07449306999261264,0.03358821710760975
2024-08-14,0.0914196620831195,0.027473192256715104,0.48201331211521475,0.13146022351221232,0.06108856225288364,0.010406715470059462,0.03302406112091808,0.05591367481086274,0.07339533413171935,0.03380526224629507
2024-08-15,0.09149583695518848,0.027759525822481763,0.4803003641938185,0.13055939742062675,0.06112210070748181,0.010564577788687366,0.03383859704902279,0.05736385430073664,0.07334359872555489,0.03365214703640101
2024-08-16,0.09229847819105226,0.02761828776455066,0.48003209146719183,0.1298881958892732,0.061109397976579306,0.010438794690542657,0.03385692107258216,0.05750885198161174,0.07332198597152582,0.03392699499509046
2024-08-19,0.09272379282925682,0.02799924414330845,0.4799399100391156,0.12953434688586568,0.061665319358122896,0.010505926036122501,0.03374848031948028,0.057036351104833044,0.07342771589318862,0.03341891339070612
2024-08-20,0.09440930399116922,0.02850963424065644,0.48009331454715404,0.1289961932400702,0.06151153037237536,0.010661351262121026,0.03325614262539198,0.057381652089487666,0.07202059195741661,0.03316028567415744
2024-08-21,0.09392942693687135,0.028550001658692526,0.479855686319202,0.12834509371541736,0.06193126452868161,0.010771138228900886,0.03334325865057302,0.057704543850950626,0.07236234805888657,0.033207238051824066
2024-08-22,0.09397360107330613,0.028236232994019013,0.48034359867511356,0.12794675695122756,0.06202154788215995,0.010708757071994425,0.03289497531381883,0.057875554120779736,0.07280181118021338,0.033197164737367564
2024-08-23,0.09401742418748178,0.028304582129990822,0.47659391526801315,0.12636217819285558,0.06251755644150732,0.010871688154559677,0.03363480223231249,0.0593286608647718,0.07539975109609659,0.03296944143241075
2024-08-26,0.09652566856466663,0.02827629814975366,0.47684795520654244,0.1261131009411989,0.06351086856845553,0.011172799494599095,0.032755353203418734,0.0568835014059612,0.07464606931674653,0.03326838514865731
2024-08-27,0.09787668578234905,0.028688420589445866,0.47808393124839416,0.1235795287890391,0.06385585923181096,0.010981353411072618,0.032628515155262224,0.05666654962752011,0.074482222411564,0.03315693375354187
2024-08-28,0.09757806421654958,0.028708270503945248,0.478050766581426,0.12382700478318125,0.06375415953602422,0.011066505599054784,0.03240644998356537,0.056153270940513304,0.07538179532658733,0.03307371252915308
2024-08-29,0.0982480208150875,0.028936377107364752,0.4794869692962067,0.12159985612187835,0.06004337279878403,0.01106819846989291,0.03314323651571964,0.057477142394111856,0.07625328341234064,0.03374354306861377
2024-08-30,0.0945047073383927,0.028024438955176208,0.4839083177849912,0.1256682870833247,0.05957048852983208,0.011065587751066117,0.03171563905399285,0.05475293439199905,0.0770589715328885,0.03373062757833659
2024-09-02,0.09221158002935605,0.02758693808322395,0.4874089781287802,0.12839103033927204,0.06010620541797607,0.010731629363925395,0.030862604250696882,0.05318414511764681,0.07568305766948472,0.033833831599637806
2024-09-03,0.09399935690901924,0.02876287744433418,0.4805590596917071,0.12666982463107407,0.0618491695515581,0.01087158791480959,0.032379457951882656,0.05449493156916948,0.07679479939821338,0.033618934938232176
2024-09-04,0.09260257348823994,0.028324304604031986,0.482603528478799,0.12725148225394792,0.06234146349074991,0.01097640626677647,0.03190725187218446,0.05296751671511593,0.07748295457202967,0.033542518258124744
2024-09-05,0.09237864026239612,0.028747826852468912,0.4815542272769589,0.12659572344368886,0.062496048473109696,0.011111978692459536,0.03251432744599656,0.05337772958626782,0.07774446632762601,0.03347903163902757
2024-09-06,0.09241439849989821,0.028766012071011014,0.48164037958286804,0.12664466131525687,0.06199809492863155,0.011276612016665187,0.03197996890822914,0.053349206221505144,0.07834132315908754,0.03358934329684734
2024-09-09,0.0934805796779962,0.028824509324219733,0.482148964087,0.1252496292790724,0.061781484143328305,0.011038190959466274,0.03231454400955779,0.0538660389955144,0.07775919666066716,0.03353686286317781
2024-09-10,0.09238024696891434,0.02903274987330829,0.48095951873026355,0.12561466475257307,0.06099780654646776,0.011114795525141427,0.03225512104332287,0.054481599190401596,0.0791312931636295,0.03403220420597766
2024-09-11,0.09275975015655939,0.029258018424355093,0.4809772493860923,0.12557230337979172,0.06102372504965836,0.011353805668162499,0.032310356548528166,0.05406491037471739,0.07883785940610719,0.03384202160602795
2024-09-12,0.09152563130421926,0.027891094546375686,0.4833885465003678,0.12556434707037237,0.06138209835114532,0.011597576579055002,0.03134443504222666,0.052199348842547885,0.08080807009878825,0.034298851664902
2024-09-13,0.0945254972495809,0.028861732934056875,0.47604483308052875,0.12489945842010607,0.06179704550163594,0.011833146301469564,0.03243628157861093,0.053596574844317554,0.08142629751238621,0.03457913257730738
2024-09-18,0.09567180713085546,0.029560117315500456,0.4724235840188368,0.12223257736884426,0.06372333166339385,0.01207018316848119,0.03312494445222424,0.0540350914373491,0.08235548088693341,0.03480288255758134
2024-09-19,0.0974996321192312,0.030269709944955935,0.46479458503092197,0.12208090692312988,0.06664183563117611,0.01232724101188883,0.03361304485213787,0.05461962924041753,0.08405867559368128,0.03409473965245944
2024-09-20,0.0972175791622266,0.0305213483581596,0.4618665131359128,0.12551238481076915,0.06674530619178498,0.012288200231596182,0.03340543195791396,0.054057143184065466,0.08369675711094593,0.0346893358566252
2024-09-23,0.09854280257136548,0.03103974154831292,0.46347120136435793,0.1249549805741654,0.06751288410738787,0.012388976826947189,0.03335701327423695,0.05380437622418835,0.07952935632141378,0.03539866718762423
2024-09-24,0.0998734869767321,0.030689811009967746,0.46006853216455695,0.12653662075550542,0.06773220716575405,0.012409646096478077,0.034191678899798295,0.054764264991859074,0.0790944123826622,0.03463933955668598
2024-09-25,0.09790400968988218,0.02908403257097715,0.472991065476249,0.12815771871597506,0.06407763601783062,0.011631371399904904,0.03304396355555687,0.05278385735176056,0.07639895223853069,0.03392739298333305
2024-09-26,0.09861356170119076,0.029460582722121754,0.4739945136382976,0.1278276811378975,0.06452067455140731,0.01154850569036229,0.03208708928590154,0.05218894783156699,0.07542596484075981,0.0343324786004944
2024-09-27,0.09645325798585101,0.027904147199094332,0.4833476818452851,0.13119405332427697,0.06289241091741979,0.011057513912178057,0.0294318074509958,0.04892044362997425,0.07458063703254046,0.0342180467023842
2024-09-30,0.09134446524844043,0.02608867867583539,0.4906693508882897,0.13748846735795495,0.05994545909046586,0.010613432972784961,0.028415381382628536,0.04699556617273616,0.07444916440766991,0.03399003380319431
2024-10-08,0.08930655518725743,0.025631562002674895,0.4898630079385544,0.14072360535026499,0.06022683445124531,0.01046414725777362,0.028186733836006252,0.04637988606667238,0.07442684921278826,0.034790818696762274
2024-10-09,0.09199999702412391,0.02647310650879577,0.47902435598475124,0.1409295935158427,0.06418570829300514,0.010350932755846474,0.0270391544901666,0.044497946338550566,0.07907380172285727,0.03642540336606019
2024-10-10,0.0925582414868554,0.026052949293323996,0.47973548503236757,0.13723839973226604,0.06461993771123058,0.010437240306000475,0.028803527700217532,0.04602417841772552,0.0789255376011368,0.035604502718876184
2024-10-11,0.09388880259623336,0.025647518211082684,0.47994062422862666,0.13743069744798433,0.06513609337040396,0.010615499681552462,0.02865295670569762,0.04541366972967683,0.07812254259350954,0.03515159543523257
2024-10-14,0.09405318319623122,0.026309060858445303,0.4804230346054191,0.13841458623202266,0.06520143905542777,0.010770103937402001,0.029183064169346573,0.04503552884667707,0.07630446240408481,0.0343055366949436
2024-10-15,0.096730613928938,0.026475893116996663,0.47661952006920727,0.13767703419808408,0.06647354630836712,0.010594741268122246,0.02858253265581175,0.045274224244607926,0.07763997205417876,0.033931922155686224
2024-10-16,0.09785187487014024,0.02695393652247433,0.47527027348999795,0.13606170659553507,0.0665804413554914,0.01052634338224468,0.02877827735426547,0.04556879992682197,0.07857149575238467,0.03383685075064423
2024-10-17,0.10220010682360713,0.027865892738738587,0.4713892862647554,0.13551664197610805,0.0658871054923591,0.010596867013744042,0.02897316469018517,0.046582863549616355,0.07732245940614564,0.03366561204474058
2024-10-18,0.10198648373201682,0.02820232452055476,0.470986397337277,0.13432558405978706,0.06549399662070164,0.01079148696156018,0.029395290976072765,0.04628302417965679,0.07876254201419769,0.033772869598175284
2024-10-21,0.09964958012201022,0.027591719010809538,0.473754811837049,0.13584406819316538,0.06484121435190077,0.010584960579289104,0.02889668394770185,0.04599027120440986,0.07880704986774091,0.034039640885923365
2024-10-22,0.09838240350403663,0.027164805661592857,0.47295564308639676,0.13670669707375038,0.06483456468258542,0.010505359441965718,0.02867428533190979,0.045392507170206355,0.07942761670292814,0.03595611734462783
2024-10-23,0.09710369428921838,0.02670491780498739,0.4733597632382136,0.13786782531288364,0.06535977704913863,0.010754256154838757,0.028762347916426845,0.04584840143623892,0.0790754650814298,0.03516355171662398
2024-10-24,0.09617286520937388,0.026667510888198638,0.47576905716241735,0.1393017175172835,0.0648686823481491,0.010661351832232832,0.02851093066275432,0.04505706263259113,0.07812781226993872,0.03486300947706064
2024-10-25,0.09726526406965379,0.026956350105642655,0.4762280040296096,0.13884809546398988,0.06481884841175195,0.0107161393541081,0.02892897082395185,0.04554508143440899,0.07582690425347398,0.03486634205340908
2024-10-28,0.09715071777489069,0.026992987384850356,0.4784537921229776,0.14046680428348746,0.0643102388349804,0.010473537233425197,0.02781099622878594,0.04446326045169989,0.07481206449873995,0.03506560118616258
2024-10-29,0.09576234938058606,0.02667122293538959,0.4764641346286453,0.14484570747651168,0.06347889809658254,0.01047447019655061,0.027893627994418763,0.04406073358650662,0.07512033236680342,0.035228523338005385
2024-10-30,0.09714693827777114,0.027044724886153573,0.47329250076815793,0.1439904146422063,0.06419634592303436,0.010503344250417988,0.028696885949289753,0.044367074467529515,0.07560318966800925,0.03515858116743023
2024-10-31,0.0966266428166698,0.02703140393813382,0.47689522825563235,0.14312674321954647,0.06354465171617107,0.01043964851219721,0.02861260930759304,0.04389082929779971,0.07461066980129268,0.035221573134964025
2024-11-01,0.09514101418926035,0.027517163028914875,0.48082478032268855,0.142787971512239,0.061045188544356734,0.010504471508035407,0.028404963020090455,0.04387837098098004,0.07447385313033154,0.03542222376310311
2024-11-04,0.09468333690406143,0.026622155410635565,0.4801158230045381,0.1430777124151232,0.06074623050152862,0.010765805197126797,0.028754395047426815,0.043957399887271875,0.07560108315551048,0.035676058476777135
2024-11-05,0.0942002539810052,0.02682891387228514,0.4816398207714711,0.14284589970317577,0.06006510257081099,0.01063367243574553,0.028594899606311466,0.043819086287891024,0.07581249706732274,0.035559853703981015
2024-11-06,0.09314926951683075,0.026608722279786976,0.4827498676895879,0.1445340674278915,0.059923441544735744,0.01052805870296094,0.02824655270447583,0.04307439521266759,0.07567257667358109,0.035513048247481756
2024-11-07,0.09336303357655779,0.026587726843399682,0.48386060944704223,0.14394384945892938,0.058834565289225454,0.010441195021167223,0.027926034659197154,0.04285266044215424,0.07624536215449865,0.03594496310782813
2024-11-08,0.09220586155066403,0.026067825108922457,0.486246088225337,0.14781216524603233,0.058190087219523956,0.010138485563208984,0.026821470531893075,0.0413192020851452,0.07486232789735481,0.03633648657191817
2024-11-11,0.09299796461615276,0.026252104299821315,0.48415142459560073,0.14539456065966572,0.05933565068826263,0.010248311493838385,0.027088006033867334,0.04218524726194184,0.07558982814976946,0.036756902201079786
2024-11-12,0.09215447995175047,0.02667469664853879,0.48448689237773285,0.1450384829745597,0.05914521300642484,0.01027800119133493,0.027201707459801397,0.04222632448692297,0.07610056446547823,0.03669363743745583
2024-11-13,0.0917332277329702,0.02689269532262785,0.48255545871268796,0.14587472044632935,0.05961848078574967,0.01039161957062417,0.02743258692898931,0.0419991450726635,0.07657976177489197,0.03692230365246597
2024-11-14,0.09162303849549773,0.027144604252473687,0.4818415426702124,0.14519938702604807,0.05978069909509051,0.010320954952802499,0.02784039272376838,0.04295222033465348,0.0764964955710167,0.036800664878436425
2024-11-15,0.09217119434839187,0.027246954691397162,0.4822182588002296,0.1453208207484994,0.05973285413512134,0.010373556193428397,0.028036275481983366,0.0430263654758747,0.07538459734494626,0.03648912278012788
2024-11-18,0.09247549531122182,0.02728353722665134,0.4829777996783139,0.14482546202866553,0.05956605104465369,0.010532017649918615,0.028291860541558293,0.04261541902734691,0.07504023077496962,0.036392126716700425
2024-11-19,0.09479355900563398,0.027386152494626146,0.4827809434267396,0.14289094727296778,0.05919656287996468,0.010385458366485004,0.028758099443548627,0.04290866024517429,0.07422338060630748,0.0366762362585526
2024-11-20,0.09454708129935424,0.02766343760619437,0.48092693031645317,0.14307083224157574,0.059705885992061225,0.010398479945538688,0.02855781767841886,0.04290451182225289,0.07512164825960356,0.037103374838547365
2024-11-21,0.0933916899716339,0.02749035491745332,0.47881365498100764,0.143277071122115,0.05905590805532749,0.01038286165163677,0.028526276561877978,0.042858132695087904,0.07942064867007369,0.036783401373786204
2024-11-22,0.09356261589063078,0.02753707566634256,0.4792632627029981,0.14328606440306202,0.0585182249691769,0.010335043081156929,0.028896856613379335,0.042978382420181274,0.07905348849480193,0.036568985758270174
2024-11-25,0.09379290343533998,0.02798658325697387,0.4804310532936425,0.14265060898448675,0.05867736819942397,0.010329922774608617,0.02890885508240917,0.043007772592520845,0.07810046121378111,0.036114471166813274
2024-11-26,0.09411102487517627,0.028612000075278362,0.4801823240385886,0.1423775998392879,0.05853749082282954,0.010605024878581278,0.028844070688230816,0.042699870729332866,0.07771201709520023,0.03631857695749401
2024-11-27,0.09455451967532869,0.028972854865084486,0.4803931364112667,0.14243927754288085,0.05845651224658873,0.010564786292433332,0.028449481868080433,0.04210403632461329,0.07869603510050609,0.03536935967321769
2024-11-28,0.09423257574590353,0.02895891461586261,0.47795419145183254,0.14296603763636886,0.059051663314538844,0.010539980746100172,0.028323154517386716,0.042514822953052846,0.07987154231936262,0.0355871166995911
2024-11-29,0.09442585632748038,0.02882109890103479,0.48072706143771743,0.14091036417702174,0.05874340728012805,0.010424581652381843,0.0283756345059709,0.0422918991445738,0.07992412973596949,0.035355966837721534
2024-12-02,0.09379190821634957,0.028488074692440465,0.47940249646367095,0.14249863349756717,0.058956880182069606,0.010481456749701096,0.028452218031794714,0.041871371286468596,0.08087918732212589,0.035177773557811924
2024-12-03,0.09441548958788677,0.028133695807639303,0.4786433039622823,0.14295300000195355,0.05883609696626885,0.01067420800826655,0.028588565173833402,0.042275083514070985,0.0804077746910836,0.03507278228671462
2024-12-04,0.09552531085092995,0.02854665984665832,0.4779899514715804,0.14219853396032905,0.0591215894138884,0.010687442060664623,0.029408741022148018,0.04297675972950304,0.07890284927166796,0.034642162372630125
2024-12-05,0.09567305581853121,0.028583496306278364,0.4773920707288142,0.1414276172772975,0.05970159715863597,0.010821605102540523,0.03013585160351604,0.04338335392600039,0.07878676901438764,0.03409458306399814
2024-12-06,0.09552000054333316,0.028679295373627095,0.4779578522951601,0.14175442671138636,0.05969112983977518,0.010838413875200329,0.030238657948692446,0.042651001819704625,0.07862715491992919,0.034042066673191686
2024-12-09,0.0960847594540586,0.028516958938085375,0.47794867173698447,0.14218787253254278,0.05922709629362549,0.010814997923169192,0.029610212428405853,0.04245954725593234,0.07903368762304581,0.03411619581415028
2024-12-10,0.09638307355607278,0.02850138570285365,0.4774448614987978,0.14158415105853242,0.059362892417843,0.010833358646856568,0.030125689610420874,0.04324225612619935,0.07882581127890866,0.033696520103515065
2024-12-11,0.09606256265216373,0.02819371011226895,0.48093245695217335,0.14326502488553786,0.05959561482842161,0.01066680752020797,0.029173100965282226,0.04250810464944715,0.07600103032364926,0.033601587110847965
2024-12-12,0.095707488676986,0.028152547056153564,0.47908404059220805,0.14402498680721484,0.06025051836512902,0.01074366175724521,0.029380038625710016,0.042737190549727605,0.07628244775108774,0.03363707981853788
2024-12-13,0.0953911118150431,0.02802406307868105,0.48169764257974373,0.14431812093718668,0.05961656619343128,0.010656740302388461,0.02917137112627869,0.04262645171395834,0.07504745332218446,0.033450478931104276
2024-12-16,0.09473343557553528,0.02842600995514619,0.4794198654018358,0.14437466002261412,0.06051537251910308,0.01054848414621265,0.02992794259238656,0.04350586425411804,0.07466992080483838,0.033878444728209896
2024-12-17,0.09510745137546649,0.028455671186173617,0.4820517681897685,0.14102290896807082,0.06035198311361409,0.010742789964832104,0.030942089870204574,0.04436916430400568,0.07384323348948361,0.03311293953838036
2024-12-18,0.09476661369899127,0.02811071751503554,0.48627476457376184,0.13973536629344344,0.05984415487385987,0.010654531790904255,0.030614626675022155,0.04347053853423259,0.07369906197717854,0.03282962406757053
2024-12-19,0.09535941970481572,0.028001350194208526,0.4871880579787752,0.13909211521720694,0.060063555006821374,0.010667901027529394,0.03053740805222093,0.04313362471712615,0.07334486066132942,0.03261170743996631
2024-12-20,0.09591206539920513,0.02820110827890909,0.48518761335339383,0.13875605705000865,0.06088612834384939,0.010584809417154515,0.03038684578979668,0.04294129057637287,0.07392923538358358,0.03321484640772634
2024-12-23,0.096926314808147,0.028421523025736136,0.48166707948051046,0.14004232205746986,0.06104608695304676,0.010633579333594486,0.030253086417902912,0.04317016784175994,0.07432566057399108,0.03351417950784123
2024-12-24,0.09808356589559561,0.028599750317483987,0.48105064826086885,0.13871528577509037,0.06251865560880167,0.010548794109458795,0.030537694150324795,0.04357626576532606,0.07337401590139883,0.03299532421565111
2024-12-25,0.0979892226954262,0.02862593997248501,0.4803983645890272,0.13840720941791101,0.06344932739223169,0.010553389341646352,0.030288187870700006,0.043838355119259965,0.07344643605918541,0.03300356754212719
2024-12-26,0.09906028890500992,0.029635503796538322,0.47758165906022054,0.13800308243301357,0.06324606870154834,0.010595809704837877,0.03083985179259476,0.04423509632288408,0.0738963872890599,0.032906251994292826
2024-12-27,0.09960134852899753,0.02939307974549783,0.47874813129248195,0.1379689825273222,0.06349225548299642,0.010717031989215102,0.03043924971689754,0.04337455495681127,0.07337249366612757,0.03289287209365252
2024-12-30,0.10017223054547794,0.029197986055938475,0.47862671195974965,0.13785655728821586,0.06289674340807576,0.010724021627215797,0.03074240233820716,0.04359921903685873,0.07328137717908316,0.03290275056117746
2024-12-31,0.10138334479090577,0.029716886339129164,0.47821290380219866,0.1368266034776797,0.06371907744680651,0.010570569020852839,0.030572492406276183,0.04268639992224675,0.07347232204594698,0.03283940074795755
2025-01-02,0.09979731702485223,0.029552844284349643,0.4799983982135571,0.13628892611780277,0.06383042151206561,0.010693364942564265,0.031061875590475362,0.04291902175973202,0.07341118510810983,0.032446645446490945
2025-01-03,0.10048425580130406,0.029596127497783047,0.4778716644374407,0.13594112524672472,0.06635954224940337,0.010987565238522908,0.030643349055528384,0.042566168296348184,0.07330486073205006,0.03224534144489462
2025-01-06,0.1013740126722748,0.029629831079938454,0.4778911476024403,0.13555304448352795,0.06608031878259393,0.01121923114423016,0.030395596508995027,0.042896653544252976,0.0729832554619793,0.03197690871976712
2025-01-07,0.10423258086093583,0.030439030394113324,0.47246547531334776,0.13263818616654188,0.0673276109934915,0.011382383871815449,0.0302746976958879,0.04334639499437376,0.07499137694787265,0.032902262761620074
2025-01-08,0.10562703899099685,0.03049699108364563,0.47343086886080243,0.13291106511011433,0.06691346976151168,0.011481664877732714,0.02974715552541786,0.04300500665006942,0.07351497329215284,0.03287176584755622
2025-01-09,0.10638615537071071,0.03047430893164835,0.4724881413282457,0.13127097578104532,0.06899601115254002,0.011737307938512504,0.030592970961331702,0.04313254450350435,0.07243658691194169,0.032484997120519735
2025-01-10,0.1063330500252319,0.03033236639267775,0.47346658159287414,0.13229774698181787,0.06944720169367358,0.011531814697158096,0.029982415041447753,0.042519210652287975,0.07172863408974378,0.0323609788330872
2025-01-13,0.10704769006449212,0.030786896862902733,0.47473419261547084,0.13136833265723835,0.06839952049032064,0.011420382055158036,0.029759353280996905,0.04239684943764116,0.07163305020598541,0.032453732329793795
2025-01-14,0.10564264612186552,0.03037274817498899,0.4781891097400536,0.13220706477813046,0.06630157541498476,0.01124974967179478,0.029161794121220046,0.042279581896640765,0.07199104199627814,0.03260468808404291
2025-01-15,0.10522986862176534,0.029960498411166214,0.4778022582749965,0.13337163783570347,0.06603550965680557,0.011101611185850473,0.02893967906401903,0.04198509319519284,0.07297822622095879,0.032595617533541704
2025-01-16,0.10624022191929663,0.03030093019168229,0.47736175178320595,0.13310943518342153,0.06668082291088914,0.011032330606304938,0.029033434656397787,0.04170250649607367,0.07229638572913147,0.032242180523596585
2025-01-17,0.10836807089570512,0.030614045984355402,0.4741354374893871,0.1331782641861056,0.06767682922307418,0.011052209940964229,0.02911948192757929,0.04227435542095451,0.07141213692368126,0.03216916800819354
2025-01-20,0.10765730262182902,0.030464336361265398,0.4758940158800344,0.13373200887524184,0.06709941183051081,0.011120827026151442,0.028729325424232056,0.04181202572623999,0.07116493689551465,0.03232580935898035
2025-01-21,0.10651256356609569,0.03011363857962278,0.477803191661298,0.1344452851323388,0.06512366424870077,0.011050847587743638,0.028260190667078702,0.041223357428844525,0.07324294555523325,0.032224315573044005
2025-01-22,0.1072916226873347,0.03001185752193171,0.47720739628944997,0.13397188120148712,0.06487327430348559,0.010979237729448046,0.02802490741125904,0.04103241909051711,0.07448979838053368,0.03211760538455284
2025-01-23,0.10670155711526683,0.030039899112079584,0.4765504990801872,0.1332016577203762,0.06497233044020113,0.010911210936835834,0.028592118496045153,0.04207967629701271,0.07461325553993492,0.032337795262060494
2025-01-24,0.10984728987343147,0.030742689924434356,0.47591311333189884,0.13110666713853736,0.06510432883844591,0.011131881883939352,0.028377306962028753,0.04187063419034742,0.07362304111229975,0.03228304674463685
2025-01-27,0.11064353626509546,0.030740359439674837,0.47491519482214956,0.1305191333145737,0.06556470132049926,0.01107619048639518,0.027847477126706658,0.041796959157740746,0.07496879657976338,0.031927651487401155
2025-02-05,0.1108066743283838,0.03107134255148721,0.47340880564180887,0.12966662731533724,0.06603528647500628,0.011181414844481955,0.02820936260627366,0.04273368695253158,0.07480035325043527,0.03208644603425419
2025-02-06,0.11175081407851625,0.03132053684732788,0.4712415966828842,0.12966918531346125,0.06560679995706127,0.011146245445006482,0.028305725717585706,0.043098372160310365,0.07502128139172966,0.032839442406117074
2025-02-07,0.11174630207967295,0.0310902315211287,0.4716796008060125,0.1298773709136984,0.06496476291341281,0.011127814941290842,0.028210185174003713,0.0430537612642569,0.07520390258738845,0.033046067799134875
2025-02-10,0.1099017532602047,0.030701204939059,0.47431028753976645,0.13026103364264227,0.06498043464111199,0.010914588126544411,0.027929605677492524,0.0423589919587613,0.07596353272542747,0.03267856748899003
2025-02-11,0.11135243471798159,0.030609125321960674,0.47365393538392997,0.13038654271148487,0.06473995399128209,0.01082391237883249,0.027801731999884706,0.04233823014376,0.07540746489003618,0.03288666846084734
2025-02-12,0.1122585625708298,0.03115209404848371,0.4730017573775828,0.13013854738384614,0.06493954755947026,0.011005620348631213,0.027948792898008216,0.04210919203165419,0.07485231792143948,0.0325935678600542
2025-02-13,0.1133088095646048,0.03073424993152551,0.47533318255424784,0.12997994400900723,0.06427589297761677,0.01088506556402138,0.02740448537596324,0.04125320654425223,0.0743362383608049,0.03248892511795613
2025-02-14,0.11160790329771017,0.030274987649573388,0.47719080818973636,0.1323576606192024,0.06364261783565837,0.01072358516112615,0.02709733044184163,0.040977518114797974,0.07383385984831295,0.032293728842040674
2025-02-17,0.11306364239129543,0.029861327722400736,0.47657448732808616,0.13101636448440598,0.0633770083239365,0.010715885736019613,0.027186721308299164,0.041019179363277584,0.07465259248078913,0.03253279086148974
2025-02-18,0.11219775189978194,0.029815543808463997,0.47657062461532457,0.13163642726294725,0.06305997343606293,0.010825111103269367,0.027902302295929562,0.04134507351798211,0.07442877411287632,0.0322184179473618
2025-02-19,0.11293917294413311,0.029755657357698667,0.4785375075935771,0.1305234647265569,0.062249277158645894,0.010913177573946036,0.02787625060975677,0.04146706466359377,0.0738398054333041,0.03189862193878747
2025-02-20,0.11220862995680655,0.029605106040984725,0.48174372737328885,0.1308964561759001,0.06042349679711787,0.010899318887542614,0.02776187678323448,0.041296928911601256,0.07335636849550262,0.03180809057802099
2025-02-21,0.11179851096788765,0.02963762356881536,0.4781533999874331,0.13080788470597368,0.06053467718010314,0.010992521372122595,0.02821925671433616,0.04150837199853919,0.07659800280356759,0.03174975070122149
2025-02-24,0.1102921457698149,0.029052353641109866,0.4801752686664396,0.13072485130544428,0.059505225232906474,0.010773052480210578,0.02779995041759837,0.04086978106356818,0.07910383876200526,0.031703532660902416
2025-02-25,0.10985760886618448,0.028792212067081407,0.4795218179329356,0.13213506589242432,0.05966135550361328,0.011044101474484262,0.027395010321244744,0.04074119034256533,0.07917155031976962,0.03168008727969691
2025-02-26,0.11112647746520073,0.02900686943168255,0.4787076965256339,0.1309805734629791,0.05945659448953115,0.011106237018865693,0.02754653332203976,0.041090235951406276,0.07919615859875812,0.03178262373390273
2025-02-27,0.11076063492008809,0.02904215524025323,0.47840073214556017,0.13142087186713858,0.059787533051607424,0.01107432964359676,0.02759054225660488,0.04103570645662552,0.07911908480381138,0.03176840961471374
2025-02-28,0.11160584691835451,0.02887654912395199,0.4792332301002382,0.1323259143072086,0.05959511529671799,0.01107155165426737,0.027010061712448782,0.04049256706221189,0.07848336705856271,0.031305796766038056
2025-03-03,0.11086234502942262,0.02874839810075614,0.48486110524214254,0.13135328795814927,0.058847563257713204,0.010923021212127864,0.02731832828001639,0.03995054352016863,0.07540014279622317,0.031735264603280244
2025-03-04,0.11161157053430835,0.028942684385030382,0.4836591274608394,0.1314972771375838,0.058824673909425355,0.010893096960449565,0.027097643292679167,0.03984769179961228,0.07584364316067,0.03178259135940168
2025-03-05,0.11234252777106367,0.029005539603503185,0.47967243091689615,0.13081451617861123,0.0606548908093715,0.010948387450244276,0.02923183753351371,0.03978679563188713,0.07598427172562738,0.03155880237928169
2025-03-06,0.11375277938806734,0.029267124984508047,0.4780293790174343,0.12955059328041915,0.06113913551329566,0.011001101742699367,0.029413732883399258,0.040312180873145524,0.07611578260124088,0.03141818971579041
2025-03-07,0.11202715132119422,0.028753974965843,0.48280800263751367,0.1304453853059494,0.06019764490480666,0.0108331489927516,0.028619975663981813,0.03955240387843158,0.0757337898543705,0.03102852247515764
2025-03-10,0.1124333374952719,0.028351192217138214,0.4841216762263814,0.1325772031252044,0.059410545764719866,0.010708655003827658,0.02823192025949133,0.03967884697314029,0.07383225585989604,0.030654367074928926
2025-03-11,0.11089026331485254,0.028300780787044132,0.4862694287124672,0.13091741471547794,0.06015493987573866,0.01077126012373018,0.02836248132869073,0.039759401026463866,0.07375920810584216,0.03081482200969254
2025-03-12,0.11107308885075239,0.02805930672014392,0.4883401090649223,0.13173192675327314,0.059546072849578115,0.0107155110977726,0.027667538022721462,0.03944476984701607,0.07260005510274922,0.03082162169107048
2025-03-13,0.11131969697613125,0.02805993530514698,0.48933445041235085,0.13033630691682457,0.05957793718226024,0.010735270001684052,0.02815691576295686,0.0391359359022764,0.07248786995230529,0.03085568158806347
2025-03-14,0.1120143141713246,0.028258761045979366,0.48786368180864265,0.12978243954273233,0.06016466339734925,0.010736481515033362,0.02826117051868652,0.03945856677987108,0.072544381166203,0.03091554005417799
2025-03-17,0.10937022462970354,0.027286052709773252,0.49479891809117627,0.13222938386249877,0.05854562190065142,0.010343692100952737,0.027190340742524043,0.03806252387580295,0.07182783570237664,0.030345406384540384
2025-03-18,0.10973230964945428,0.02714798965940059,0.4962478546214203,0.130920280528706,0.05849904356802998,0.010334787167105881,0.02699012563544631,0.03816148069115424,0.07151262393871545,0.03045350454056712
2025-03-19,0.10995268113259843,0.027182403202651893,0.4946176083170675,0.1313309347550806,0.05944277813280201,0.010338232495005774,0.02691757169332643,0.038011602569385655,0.07191694485345727,0.030289242848624415
2025-03-20,0.11178111735950508,0.027274609814268422,0.49402182209974654,0.129645738331201,0.05873066451504483,0.01020369076665704,0.027577943907875952,0.038429724122293125,0.07252769358022436,0.029806995503183532
2025-03-21,0.11314007853049532,0.027759291221241975,0.4920932827840391,0.12891507125811957,0.05842673906775303,0.010194523184822757,0.02781786800755928,0.038860627987417,0.07264457993618875,0.030147938022363156
2025-03-24,0.11142343640782572,0.028075143151091934,0.49021571804752506,0.1295538117177061,0.06075321585628064,0.010424356682156981,0.028601666540046047,0.0391886661279685,0.0709428554605695,0.03082113000882951
2025-03-25,0.11189825551868507,0.028182245528767493,0.4906614695279916,0.12863615070055823,0.062166940604651624,0.010353094206116648,0.02830238926738817,0.03935040792843982,0.0698054599482544,0.03064358676914701
2025-03-26,0.11169220338145233,0.028304211130697754,0.48855656176506673,0.1279754012372236,0.06244380805288708,0.010650524161177413,0.02884862829967679,0.04016792063011581,0.07065570614212041,0.030705035199582044
2025-03-27,0.11016845988033219,0.028089398051472165,0.48877690200391793,0.127791252753731,0.062161739782263144,0.010786481326908912,0.02857581485191265,0.0403066055169518,0.07280699107552902,0.0305363547569811
2025-03-28,0.10939025352505992,0.028081883999314182,0.4888724078849791,0.1272933899651913,0.061994473218770926,0.010888738523602106,0.027877068008154135,0.03954381345398907,0.07560003205133743,0.030457939369601842
2025-03-31,0.10958569882137113,0.02814709129865289,0.48789696329250687,0.12670594314204808,0.06214221562517484,0.011466309137613949,0.0280448562525946,0.03991208056018814,0.07597341725897598,0.030125424610873464
2025-04-01,0.11075312698207192,0.02823705139337942,0.4839901718879596,0.12583960985837284,0.06284953585833288,0.011546948210080675,0.028508596681262235,0.040695237743264764,0.07746284991496011,0.030116871470315585
2025-04-02,0.1088013471386942,0.028210340510182775,0.481523604502855,0.12601972014010604,0.06227399732747024,0.011605807270298224,0.029006207428529517,0.040839132972141166,0.08140046667058333,0.03031937603913939
2025-04-03,0.10923038979379086,0.028608943813246305,0.48147414232929586,0.1259615175746645,0.06260442590350575,0.011756197704154023,0.028936235356483375,0.04084131861110397,0.08026045710238046,0.030326371811374996
2025-04-07,0.10795153443996111,0.028530470924959438,0.48353062376365397,0.1257076870303571,0.062323316090496524,0.011550788095588812,0.02918293290506095,0.041335632122112886,0.07988029356698499,0.030006721060824214
2025-04-08,0.10710537717268265,0.028818938819216572,0.4826031509103535,0.12603851795646964,0.062119191422348584,0.011606492387086397,0.029500919813414624,0.041813898213388746,0.07956509464704246,0.03082841865799686
2025-04-09,0.10785240008561721,0.028458482321826836,0.4841920022799021,0.12662448327854114,0.06235304937734143,0.011349520396767792,0.02885578172160603,0.04198703579637474,0.07750198351342259,0.030825261228600204
2025-04-10,0.10589553030095683,0.028379258649776036,0.4839558115194405,0.12833382091573728,0.06283286619086072,0.01117880767137399,0.02917596241903723,0.042299392292023924,0.07689776763628238,0.031050782404511174
2025-04-11,0.10721033001955899,0.02835732466976985,0.4837178294854161,0.12847999020439557,0.06239569482792809,0.011319086913845398,0.02919084458443258,0.041524377496406736,0.07690899650435004,0.030895525293896626
2025-04-14,0.1067318270178114,0.027997569530689662,0.48800541858569896,0.12647851919319433,0.06254934729804859,0.011198599918058109,0.028777278653730146,0.04122526404792857,0.0764131017979844,0.03062307395685563
2025-04-15,0.10760688534116122,0.028379899159558377,0.485508724690822,0.1266676317515399,0.0612227318535399,0.011325137238092258,0.02930227392648046,0.04164264538684151,0.07763278879579893,0.030711281856165496
2025-04-16,0.10866916128309188,0.028705724572426743,0.48497229477918824,0.1263377678074249,0.0622655385523928,0.011338486091828947,0.029256162886543046,0.04139157276374927,0.0762994668258061,0.03076382443754818
2025-04-17,0.10830183572693215,0.02880021162659856,0.48323811869426164,0.12670133926324526,0.06257676917265317,0.011342846435135804,0.02944565555632757,0.041523485616577246,0.07696110640842435,0.03110863149984434
2025-04-18,0.10754041326134595,0.028706453846678713,0.48547120423372747,0.12662855957020278,0.06201864553618703,0.011249589663673138,0.029220042452458374,0.04138330532467793,0.07659498700979239,0.031186799101256216
2025-04-21,0.10957787018834785,0.02878534430527797,0.4850858229764769,0.12610947992632973,0.06257209127493862,0.011323158172504356,0.028996202855161402,0.04119133971649489,0.07550564647144467,0.03085304411302378
2025-04-22,0.10873721657369002,0.028709580793566027,0.4837832159048054,0.12562334761580563,0.06285217981792124,0.01132193750399782,0.028978265854872443,0.041252965820180176,0.0778814334037827,0.030859856711378548
2025-04-23,0.10817945835043338,0.028630225967652623,0.4817616924821817,0.12504544224304281,0.0631777723980843,0.011151742354128387,0.02907655212435826,0.04167379119934976,0.08050934363579747,0.03079397924497138
2025-04-24,0.10786876551844969,0.028409970202580483,0.48320875250166295,0.12503737295606562,0.06287592679549739,0.011060882548625752,0.02892520651948151,0.04117743145382831,0.08077439362316886,0.030661297880639354
2025-04-25,0.1087396603174225,0.02867002238215789,0.482581493132413,0.1239807620486789,0.06293668309037972,0.011034828889497429,0.029338636205423357,0.04138464030870315,0.08071969560719583,0.030613578018128234
2025-04-28,0.1079257709427436,0.028630896592068467,0.48307167628443554,0.12427722048524557,0.06284191891098462,0.011024297241621935,0.029708952469758805,0.042112017263790415,0.07955793278527275,0.0308493170240783
2025-04-29,0.10812326932016375,0.02872526556456372,0.4805135970880254,0.12534336697873952,0.06434764723085251,0.010910545248953338,0.030282519617836397,0.04255533061590588,0.07866436860334715,0.030534089731612667
2025-04-30,0.1082803752203222,0.028917727351808614,0.48094535024421914,0.1246922604564366,0.06426683872263456,0.011078036549198084,0.030189332978295267,0.042535918150068984,0.07845576100533992,0.030638399321676685
2025-05-06,0.10746573525460773,0.028604478306244605,0.4816918219256421,0.12382580286617569,0.06325599309865518,0.011165084960717681,0.029879945453087985,0.04260855514269106,0.08079687949107518,0.030705703501102806
2025-05-07,0.10675131867559352,0.028578762746218175,0.4827175325806845,0.12459345170969413,0.0631348711226413,0.010945268677405032,0.02958413345834675,0.04234342947339249,0.08064366279057601,0.030707568765448116
2025-05-08,0.10761569469661139,0.02857655736425185,0.4809408487001201,0.12422953572670484,0.06357717129143843,0.01091078231162574,0.02989666341149888,0.04245621342196971,0.08089981909055095,0.030896713985228034
2025-05-09,0.1087532027260143,0.028517584233159136,0.4820462480641072,0.12439372593889969,0.06335897306266906,0.010983656492812317,0.0294861398980568,0.04210357453503957,0.07997183419694658,0.030385060852295625
2025-05-12,0.11045147634676596,0.028429054635238857,0.4808725171066559,0.12287235268333865,0.06333554429799641,0.010969640614492824,0.029463066467626024,0.042437637411871114,0.08104412570907617,0.03012458472693803
2025-05-13,0.11111102552359456,0.02826142012671769,0.4838526065372736,0.12390267384157937,0.06306453675444859,0.010965229019782684,0.029149748593104045,0.04208688633421043,0.07762299280561905,0.029982880463669905
2025-05-14,0.11269141962843139,0.028480050569068285,0.48056789818399953,0.1241790491505428,0.06330349874440586,0.010935986586477132,0.029210376024123706,0.04204452053466277,0.07861307459821201,0.029974125980076528
2025-05-15,0.11231863421168542,0.027967650067943682,0.48427745770299796,0.12379473728854216,0.06194282376529212,0.010649264774597938,0.028650142988234553,0.04116853037987005,0.07956637157710023,0.02966438724373599
2025-05-16,0.11229712717684773,0.027854233273153277,0.4841467969748292,0.12252983307350093,0.06111322841566076,0.010654476845085603,0.029261802379182765,0.041487621926178435,0.0808802304315114,0.029774649504049924
2025-05-19,0.11244335614396933,0.028097541259625297,0.4834792567857011,0.12131916584327307,0.06087691850987511,0.010667838982406006,0.029468803417609362,0.04171767323489437,0.08190676486871183,0.030022680953934684
2025-05-20,0.11388761973104362,0.028353215596070163,0.47860387691200434,0.12110212236779508,0.06178027088027132,0.01107959007919648,0.029898294037427622,0.04291123406499446,0.08227009924615311,0.030113677085043887
2025-05-21,0.1122348519005924,0.028189896588234262,0.4779626150877318,0.12024625046305176,0.06315788923704602,0.011254156530630798,0.030532596551655158,0.0431390632680796,0.08332654180411027,0.029956138568868005
2025-05-22,0.11292822821227687,0.028524392160094787,0.47537944916401087,0.12009766730407902,0.06284210605641018,0.011236618315571162,0.030483359150478537,0.043300938816924026,0.08541496448214952,0.02979227633800512
2025-05-23,0.11377409620830381,0.02884393703507726,0.47467503696181956,0.11983551678102472,0.0630688284596219,0.011292017217985714,0.030380303057585753,0.04352160852169348,0.08482206203361876,0.029786593723269143
2025-05-26,0.11376551942889025,0.028716259642889767,0.47428024343681147,0.11942328676263855,0.06261360917419179,0.011393434328589818,0.03047865618663254,0.043171459152312325,0.08640340757207243,0.029754124314971226
2025-05-27,0.11418404301614998,0.0287679733792192,0.47327763309708076,0.11922828237694036,0.06266405986862185,0.011443777047395508,0.03106168385107444,0.04386919038116175,0.08560442983352562,0.029898927148830554
2025-05-28,0.115029360509652,0.029395438659410664,0.47183158406345865,0.11913604219088539,0.06293044082130121,0.01068360660057399,0.0310796842389925,0.044141069385115916,0.08582016215738308,0.029952611373226613
2025-05-29,0.11388989279571946,0.030492739700723203,0.4696091323732219,0.11982470713892886,0.06359639784161399,0.010667375974058138,0.030896939491704176,0.04395526026060031,0.08713246778669453,0.029935086636735542
2025-05-30,0.11444813032528177,0.030385636820763298,0.4705357339915867,0.12020489853292739,0.06275304832985945,0.010505824525043742,0.03062502709938508,0.043693507365985026,0.08689339392481306,0.029954799084354486
2025-06-03,0.11486301562518653,0.030996107353481427,0.46692791423244834,0.11985973663682309,0.0635008188206346,0.010628805894945383,0.030612782962979635,0.044266902370324386,0.08827903641644705,0.030064879686729537
2025-06-04,0.1206578289655999,0.031090472152567807,0.46434907681189697,0.1185511542139065,0.06171827816276234,0.010616014845867813,0.030235391022658275,0.043740273618329654,0.08877425877237798,0.03026725143403269
2025-06-05,0.12022602452651575,0.031178654482850437,0.4647457533346744,0.11845335491649223,0.062198354069911616,0.010747916111279914,0.029771288281378146,0.043088267051641094,0.08945696973092945,0.03013341749432691
2025-06-06,0.12005141323041875,0.030531037563054423,0.46729079774539944,0.11924199432436923,0.061849105824757285,0.010923637846708604,0.029657774870424675,0.04289903908816557,0.08741914326863813,0.03013605623806394
2025-06-09,0.12049724550116613,0.030783253748790873,0.4658763359887492,0.11953895805590328,0.06187686477411798,0.010906131983961872,0.029815906947525398,0.04311819220109033,0.0874647598989897,0.030122350899704987
2025-06-10,0.12225534967098341,0.031081754352741787,0.46160793493573316,0.11993528513588951,0.062077349398491,0.010820914691250174,0.029985466589765232,0.04317263139813952,0.08876042286386031,0.030302890963146
2025-06-11,0.12271031997885556,0.031431598248451466,0.45967200155032006,0.11978217682376034,0.062045966508558384,0.010794993976574147,0.02986598155720277,0.04313647871463114,0.09031475020639898,0.030245732435247225
2025-06-12,0.12333412394608972,0.031230328023311025,0.46028538349749115,0.1198355210059459,0.062085697798581016,0.010685658860529069,0.02986445475025651,0.043092969230605994,0.08944370669216908,0.03014215619502066
2025-06-13,0.12559778008311306,0.032203096186344426,0.45588054288515356,0.11827296924974105,0.0625020177425538,0.010655999878973229,0.029944665788300236,0.04307103554875186,0.09168603723532623,0.030185855401742345
2025-06-16,0.125676421527816,0.03480304361413623,0.4529799094193607,0.11684456494662819,0.06358415967915539,0.010696410687171315,0.030564023032321235,0.044213095910043895,0.08992821514787329,0.030710156035493773
2025-06-17,0.12822378746647653,0.03515391112695657,0.45180827883379127,0.11608985564697537,0.06317422028245992,0.010622641679548395,0.03022050413316887,0.04428874203694286,0.089772411908495,0.0306456468851852
2025-06-18,0.12776252395633408,0.03500955341922175,0.454519270811704,0.11584981222466102,0.0631304808341891,0.01062672653215313,0.03034208285635498,0.045228945171482585,0.08679824146640043,0.030732362727498935
2025-06-19,0.12808085591066246,0.035426316076581366,0.4531101076207696,0.11626189480757702,0.06306561977583976,0.010722240203487029,0.030472816134490013,0.04569874731949968,0.08660043700460422,0.030560965146488872
2025-06-20,0.12791571618820005,0.035335080173120655,0.4549364307970841,0.11561356529042992,0.06270638723465936,0.01080471717994647,0.030269256768936444,0.045256489353730486,0.08650279371340656,0.030659563300485998
2025-06-23,0.12436033088836561,0.035958763341082736,0.4553616374383231,0.1177516787350883,0.06344402744227916,0.010766213967114729,0.0300786598449459,0.04494042029417068,0.08672402536383184,0.03061424268479791
2025-06-24,0.12783604374047858,0.03544724155550946,0.45369322387188876,0.1167720516592804,0.0632836480328444,0.010547603368594602,0.029947632178299755,0.044682580125503545,0.0872691400347143,0.030520835432886143
2025-06-25,0.12727524331718837,0.034728564675762935,0.45525738759838275,0.11721115941102207,0.0634198394292245,0.010540151753063262,0.02967105559573227,0.044118479344835246,0.08728125333424851,0.030496865540540118
2025-06-26,0.12781179983177918,0.03507245405247099,0.4527637679958738,0.11709690448245934,0.0637921664286397,0.010480132640668632,0.029857555412175225,0.0443244190795265,0.08821702356575267,0.03058377651065412
2025-06-27,0.12918037365188198,0.035717434249461014,0.4503112791637412,0.11732244620191974,0.06433908511416715,0.010509438671466611,0.029926464215485952,0.04484934553660925,0.08726142966318227,0.03058270353208481
2025-06-30,0.12743064542618598,0.03504866931108778,0.45047258621060815,0.11823331459606111,0.06473697457795963,0.010711591795695198,0.030072950635090485,0.0442560232055342,0.08812421414807393,0.03091303009370373
2025-07-01,0.12612314964864124,0.036159112858079705,0.4521154603825643,0.11784566641755721,0.06424759378258164,0.010720030025112237,0.03012669345127502,0.04389307063511146,0.08795739151792048,0.03081183128115657
2025-07-02,0.12684537156751902,0.037034434962948615,0.4492365744274083,0.11719687994993493,0.06479489112005231,0.010783175440338362,0.03057908136925407,0.044254707659885366,0.08861822096768449,0.030656662534974573
2025-07-03,0.1281616187476174,0.036809000191396636,0.4486835361082631,0.11721987941669271,0.06587108468995062,0.010654296891897447,0.030383088970243995,0.04392229318816366,0.08787339493507358,0.03042180686070091
2025-07-04,0.12863254578020825,0.036744875826118545,0.4490549502067162,0.11725095230166592,0.06581592516735,0.01060780282226917,0.030137862482522128,0.0434996085391647,0.08794210692359336,0.030313369950391647
2025-07-07,0.13147681885479992,0.03680420328185569,0.44701635122918804,0.11692319883997074,0.06550649150067998,0.010516509241160274,0.030041648189136815,0.04332575867307123,0.08844731582069908,0.029941704369438125
2025-07-08,0.13353994805318342,0.036735884134682165,0.4451541165937079,0.11691891510858506,0.06541453784376206,0.010497829813923096,0.030341764728175395,0.043723677088884666,0.0877810903196069,0.029892236315489328
2025-07-09,0.1332548756687922,0.03601782843394579,0.4455526020699876,0.11742232257877089,0.06537729011074075,0.010402858497764875,0.029992278309000052,0.0431898783124654,0.08877079709647805,0.030019268922054324
2025-07-10,0.1320380589914862,0.03577431191239006,0.44340585756673156,0.11742024445804622,0.0643778899536239,0.01042622121930289,0.029630198387214306,0.04276353585025098,0.09442842005094486,0.02973526161000891
2025-07-11,0.13091698176080538,0.03576036660628346,0.4444833228784168,0.11802036627890196,0.06438411463097625,0.010336095801919765,0.02940455575545317,0.04223663472971751,0.094827225947151,0.029630335610374738
2025-07-14,0.12861681458104385,0.035018247076251764,0.4455813640334677,0.11992999636419405,0.06536987369216161,0.010367958900710668,0.029267901678184684,0.04228139723973233,0.09387332042437523,0.029693126009878
2025-07-15,0.12951283342649517,0.03516109388858783,0.44326542142016373,0.1206595465087734,0.06560194127020942,0.010408224450341822,0.029443243090458166,0.042251324726378825,0.0941184334733431,0.0295779377452485
2025-07-16,0.12882884077974305,0.035165425284216456,0.4416729535063234,0.12090310404697889,0.0669270074970196,0.010531334439260085,0.02938004168574549,0.04234091729654221,0.09463428668026334,0.029616088783907406
2025-07-17,0.12836894018971504,0.03496958834253777,0.4422780681344754,0.12133736168651184,0.06636038095168917,0.01055353682737866,0.029399695725502065,0.042263285594827144,0.09476192573063989,0.029707216816722865
2025-07-18,0.12776088340622574,0.03576788809131412,0.44220651612756157,0.1213830031282957,0.06621180091965823,0.010591863408564441,0.029304422482587945,0.04182930400413582,0.09523201557678079,0.02971230285487569
2025-07-21,0.1273684595859787,0.03601667689434143,0.44489463090064696,0.11841440065455379,0.06609879494740707,0.010503117331193945,0.029256166344969997,0.041745002992314165,0.09611895740098088,0.02958379294761301
2025-07-22,0.1255386059488065,0.03561669510383196,0.44785314917092434,0.11753621468765066,0.06580498981842031,0.010483462676030831,0.030040208615125977,0.04242600634945246,0.09510955783729749,0.029591109792459477
2025-07-23,0.12331103368007626,0.03552145962054203,0.4496032173087551,0.11904163682202056,0.06553624517596963,0.010364566423857729,0.03048735157204004,0.042832275584474284,0.09309195036386737,0.030210263448397025
2025-07-24,0.12288873592081316,0.03548909160661603,0.4524191801417609,0.11862050531930118,0.06583200612362601,0.010454878538575432,0.029990661395398965,0.04160698537147974,0.09255350847037111,0.0301444471120574
2025-07-25,0.12020827314036762,0.03514362812359775,0.45636594564282074,0.11870262833405881,0.06520276398084847,0.010118693761237873,0.029713294541632355,0.04134434740482088,0.09295755331500317,0.030242871755612286
2025-07-28,0.12154364827717117,0.03561084580017971,0.45305756579908363,0.11886435478788634,0.06497933324368524,0.01027151298005489,0.03059501262991145,0.04180656267687833,0.09278897252916006,0.03048219127598913
2025-07-29,0.12004433276017121,0.03585979493291276,0.4464903806876405,0.1189705203623202,0.06452950848076006,0.010231656007020308,0.03081039459521824,0.04122381198674356,0.1017308316558207,0.030108768531392483
2025-07-30,0.11862936494040313,0.035461012024408115,0.44619019748205563,0.11834506711316228,0.06376575897370867,0.010129394706113449,0.03121707350858842,0.041364081823068284,0.10452177526420581,0.030376274164286197
2025-07-31,0.11828596226459294,0.03562937466033888,0.44694550987310433,0.1186443590906962,0.0637573761405267,0.010203286274656137,0.03124117285385941,0.041444952983151005,0.10360245078701084,0.030245555072063602
2025-08-01,0.11962687439433055,0.03543758742718888,0.4458977612492093,0.11741228974162041,0.0638014835684858,0.01038620784448179,0.03147696999568054,0.04175098091339473,0.10423510447741356,0.029974740388194504
2025-08-04,0.1195497865541849,0.03620765367207268,0.4463151440298974,0.11776352304573676,0.06445087745952499,0.0104181359717841,0.03128914942805294,0.04161186402474169,0.1020304863735982,0.0303633794404064
2025-08-05,0.12043583270033377,0.03626102058404567,0.44531626217210235,0.11725677478451488,0.0645378453396607,0.010312101928880246,0.03103514263542278,0.04159511879754187,0.1028027463604067,0.030447154697090882
2025-08-06,0.12115656854591146,0.03666267405112619,0.44468892995994863,0.1173660915646572,0.06488570520405254,0.010212681734349431,0.03098032457735332,0.04137151283401666,0.10252318881467382,0.030152322713910624
2025-08-07,0.12088803188193314,0.03681798591807807,0.44462188169203476,0.11786913945198767,0.06530242195707164,0.010204959509151464,0.03099993369310065,0.04147741224853489,0.10159772770012003,0.030220505947987815
2025-08-08,0.12142659554009887,0.03732972903126029,0.4443824111421879,0.11830888077533265,0.06547676973588981,0.010220399876155148,0.030976749641602817,0.04132059452655329,0.10038117041886797,0.030176699312051074
2025-08-11,0.1214718970645013,0.03739062421420337,0.444309480158953,0.11808550643212845,0.06614307094197407,0.010244603947539828,0.030164936475826146,0.041353935724954646,0.10075953901888544,0.03007640602103371
2025-08-12,0.11965172281072604,0.03666182741123785,0.4485542158304511,0.11888094095229461,0.06537384741162436,0.010132859020320104,0.02951153423522239,0.04083233855155411,0.10016174532268084,0.0302389684538886
2025-08-13,0.1205009801703814,0.03680662550494843,0.4470999536166865,0.11843085632464997,0.06642459472740908,0.010159922263805826,0.029558968897173812,0.04092539933111423,0.10002837608341536,0.030064323080415404
2025-08-14,0.12009489882016007,0.036126653775160805,0.4439944173202053,0.11901534909877802,0.06654329644859878,0.010222031868096143,0.02946577826654495,0.04099297559059512,0.10342950467222627,0.030115094139634452
2025-08-15,0.11948865762526947,0.03608569212558948,0.44527912521226165,0.11844176217862697,0.06636953712955565,0.010331140111748868,0.029347670386811395,0.04082222388727728,0.1035705317361684,0.030263659606690585
2025-08-18,0.11768516785958812,0.03588586282562166,0.4450775913796025,0.11904835529278344,0.06669414889309738,0.010439983924569558,0.02931601292054379,0.04081009159098997,0.10484019648438354,0.030202588828820084
2025-08-19,0.1189157285411187,0.03531949351878488,0.44577027436793537,0.1193245249264261,0.0663029373115917,0.010381369771657592,0.029070607118004712,0.04073462415780411,0.10400384909151078,0.030176591195166053
2025-08-20,0.11852817648959654,0.0349451770617307,0.448660775312845,0.11994113462435428,0.06547117617303365,0.010369705613342897,0.029085692725725143,0.040951438964297135,0.10169529359891726,0.030351429436157457
2025-08-21,0.11774108269682625,0.034682104679461034,0.4486048412209055,0.1202433841379061,0.06508679612428436,0.010241159076301538,0.028821673602148285,0.04096211775031245,0.10273728950316612,0.030879551208688377
2025-08-22,0.11766132042446142,0.034597549871582464,0.4473638140056116,0.11974065436036119,0.06424137984349873,0.010238962328755114,0.02915064998304929,0.04107520768496372,0.1044374581281241,0.0314930033695924
2025-08-25,0.11752622482952008,0.03416422644114411,0.4485203568892599,0.11908462091802093,0.064358812610581,0.010161205159474187,0.028775923332140577,0.04069585018179205,0.10518710194531566,0.03152567769275149
2025-08-26,0.11643301761024263,0.033699530827100206,0.4488074597697655,0.12090401072376614,0.06458946736049004,0.010116445947473674,0.02855330756639303,0.04051890422217257,0.1054279889541411,0.03094986701845519
2025-08-27,0.11689447598325321,0.03345904240891059,0.4493202879779726,0.12157650877879922,0.06496270950022698,0.010017368767335798,0.02863823185262623,0.03984794600735,0.10463143389621948,0.03065199482730572
2025-08-28,0.11742941152164896,0.03372247332604811,0.4485874175843428,0.12120889208896002,0.06525704720982278,0.010179807451519847,0.028801140586711016,0.040661975685734764,0.10320256341924879,0.03094927112596281
2025-08-29,0.11885555269764252,0.03439818052846109,0.4480628439251969,0.12012520707075623,0.06528019176380932,0.010133825227823445,0.02872628516869373,0.040623391256898095,0.10318457503897611,0.03060994732174242
2025-09-01,0.11572361696879731,0.03354709019593111,0.4536553299111126,0.12268410928089728,0.058225456889772764,0.01005658003325031,0.02798893424553388,0.04005655698134968,0.10726200854595874,0.03080031694739626
2025-09-02,0.11330682183634191,0.03305203460339617,0.45377478015439504,0.12279764189842562,0.056941484645194225,0.010152848339342116,0.027824263320071665,0.040078025372536456,0.11136531219846674,0.03070678763183008
2025-09-03,0.11330624217364349,0.033353260373828145,0.4546925171361522,0.12149888060884756,0.05662511736257993,0.010077494738012836,0.02816154535369291,0.04071392358928605,0.11129347870682815,0.030277539957128702
2025-09-04,0.11221181709090601,0.03341152676950931,0.4526119697780711,0.11998277146085248,0.05680262809903406,0.010033792615584671,0.02796265708204723,0.040250648708739595,0.1166276819913264,0.030104506403929046
2025-09-05,0.11413054264777531,0.03391611711303786,0.45372008569014965,0.1198608816717524,0.05676443084104854,0.010096474562840626,0.028102524447544425,0.04118536480927884,0.11210188139862308,0.030121696817949153
2025-09-08,0.11212398443006606,0.033429675919477084,0.4523812480848906,0.11990314365052485,0.05643427557852798,0.010025774297213748,0.02770724646231594,0.04086521703238362,0.11716787403807818,0.029961560506522048
2025-09-09,0.10987310523487855,0.033051706350358825,0.4548132390491124,0.12122497072464691,0.0561299866606428,0.010005739398622062,0.027556662040224195,0.041195658923817824,0.1161103863320443,0.03003854528565213
2025-09-10,0.11029154366752837,0.033414430940688654,0.45641575822509783,0.12107476012709721,0.05607813785584721,0.010077943473670246,0.027468176372544208,0.04106288769772098,0.11426664862093348,0.029849713018871776
2025-09-11,0.10988327290522117,0.03362028909962109,0.46029347104608054,0.12004509789525594,0.05567902940486494,0.009941601242024171,0.02735329159920976,0.04086199972129084,0.11271533759524979,0.0296066094911819
2025-09-12,0.11161618924032347,0.033648708464738164,0.46072438364240675,0.1204711565720507,0.05596071324374876,0.00991988884901658,0.027390782284381122,0.041034125980058914,0.1094567873418475,0.02977726438142804
2025-09-15,0.11019648218163891,0.033180831421280164,0.4614999387993191,0.12001596943859413,0.05589649664523568,0.009878602762948462,0.027047248629982173,0.04113151953437113,0.11134515368710825,0.02980775689952198
2025-09-16,0.1087894691418816,0.03330131028918849,0.46290066256751106,0.11994035282916693,0.05594912818472982,0.009793253599986252,0.02685252001195116,0.04084170901421915,0.11189518451187332,0.02973640984949207
2025-09-17,0.10787608763095578,0.0329421567353394,0.4625561852246173,0.12024673390340525,0.05586412856509627,0.009866849263936684,0.026649653235035844,0.041045397406135116,0.11302071588637602,0.029932092149102224
2025-09-18,0.10739946922943919,0.03257567474899978,0.46081836474245946,0.1205081020155902,0.056314814401275004,0.009921163660686374,0.02665392468991421,0.04112672800231095,0.11472568377596118,0.029956074733363654
2025-09-19,0.1069549077158397,0.03233753404141659,0.45879015908680193,0.12006736718396852,0.05621250332197493,0.009973984873822814,0.026549766111259292,0.04123984338092448,0.11775930435247832,0.030114629931513343
2025-09-22,0.10737132273204011,0.03239943713427482,0.4596715432284422,0.12043309491815601,0.056642259136911594,0.009977047268862184,0.026580574303349213,0.041273778413038295,0.11559482837069934,0.03005611449422633
2025-09-23,0.10717766234899043,0.03253584695541043,0.4578834039731331,0.11962842921104214,0.05612986210653405,0.010062403365583993,0.026300482215253284,0.041617372069534385,0.1186412230892133,0.030023314665304866
2025-09-24,0.10882946169329163,0.034141606842397434,0.4566907631792168,0.11950248796561276,0.05594487212012475,0.01000462425368302,0.02658146515765536,0.0419511475608925,0.11655939427015125,0.02979417695697447
2025-09-25,0.1080121884423632,0.03432570791946611,0.4553566673659897,0.11977743907140971,0.056485480146006586,0.010025017318604655,0.026603433809673487,0.04203120879258716,0.11734193669224353,0.03004092044165579
2025-09-26,0.10778460787315271,0.03427307285825769,0.4541249978055574,0.118871022774731,0.05575844987273153,0.009855165044504897,0.026304378966232805,0.0420502713835328,0.12088140933686362,0.03009662408443555
2025-09-29,0.10871817879169288,0.03519547104320578,0.4543123558203632,0.11792675066121051,0.05643258626301082,0.009819856287844675,0.026590950346660615,0.043322553797585275,0.11759357281954318,0.03008772416888299
2025-09-30,0.10659607073671729,0.034476226452675604,0.45957839006606815,0.11888842656587023,0.05620281175197028,0.00962093979932895,0.026342570066420563,0.042913275828553456,0.11538356183945905,0.029997726892936352
2025-10-09,0.10597362825789469,0.03409000431157864,0.4561685453792658,0.11895413875662932,0.05612668223324711,0.009653037445908938,0.026371824291328297,0.04291087916590583,0.119800224881258,0.02995103527698323
2025-10-10,0.10526087055499532,0.03388921284054173,0.4549636809587022,0.11892121656822781,0.05719416852367482,0.009623168484071824,0.027243779801954075,0.043558493080727276,0.11941206387784392,0.029933345309260936
2025-10-13,0.10603910609882955,0.0340107052369545,0.45570126772520947,0.11925401885336774,0.05760126627388902,0.009733411817631536,0.027763607858299077,0.044614662313549526,0.11519016997529183,0.030091783846977856
2025-10-14,0.10659714425831207,0.035468416727193953,0.45440887384233275,0.11894737533607397,0.057932291646601464,0.009796059402938803,0.02838673927854189,0.044872707143202246,0.11366720725167191,0.029923185113131006
2025-10-15,0.10787077215434158,0.035948710378737536,0.4578309631139095,0.11938625536121539,0.05727205756328625,0.009804826321692993,0.028759884275338852,0.04600427064158926,0.10747981425559867,0.029642445934289937
2025-10-16,0.10743398423284604,0.03603295759974408,0.45761788403434844,0.11843448729997429,0.05715149527650622,0.009730666573376715,0.028390553398692855,0.045590947673600904,0.11015660448618123,0.029460419424729167
2025-10-17,0.10702709431145713,0.035650742108001024,0.4598587049646086,0.11782135761206217,0.05647600558394686,0.009599704824887449,0.02834674157642668,0.046074920215825516,0.10971034136223963,0.029434387440544954
2025-10-20,0.10742774285577522,0.03630718485566882,0.4581070577858503,0.11815555801251759,0.056642842160389846,0.009761739990238624,0.028618010082948394,0.046561899135868,0.10863551390986054,0.0297824512108825
2025-10-21,0.10780373608124984,0.035842086206247965,0.4590446192712928,0.11756409664842836,0.057419303621561904,0.00971974771728736,0.02859882254906647,0.0469381817192761,0.1086891398712918,0.028380266314297443
2025-10-22,0.10718510151433001,0.03547150386192703,0.460036566399025,0.11752777112682254,0.0572604061531337,0.009629363895681007,0.027932245183240344,0.04680670451451496,0.11005215064326429,0.02809818670806104
2025-10-23,0.10865720764248668,0.035722336919565084,0.459746268449021,0.11732994339094321,0.0571947569487452,0.009620553831330704,0.02818420512785233,0.046985111674489155,0.10901497125935483,0.027544644756211843
2025-10-24,0.10981604495916825,0.03556995981522835,0.45949675153937186,0.1177183396655145,0.05674634466527368,0.009576581640577765,0.02823092881989272,0.04740786491154169,0.10806794824564969,0.02736923573778165
2025-10-27,0.10987136617349859,0.03545921917154193,0.45762439105001085,0.11767502801375916,0.05717355091250095,0.009492235068081088,0.02856539682946092,0.04709582474218272,0.10956436017499188,0.027478627863971896
2025-10-28,0.10903441006621323,0.03538837939676833,0.45488875046567734,0.11775035294650506,0.057874068498938995,0.00952256214746278,0.02882591641016193,0.04754883638448945,0.11216194506985828,0.02700477861392471
2025-10-29,0.10947230629810697,0.0355479035405069,0.4583953826586837,0.11809432235416628,0.05778021289793601,0.009632478959528306,0.029158630324058337,0.04771598076033963,0.10696775898343756,0.027235023223236222
2025-10-30,0.1081132130157268,0.03516304513753569,0.45779203497200416,0.11775931316815437,0.058189176902096684,0.009638248343254314,0.02932535584595545,0.0479940081866093,0.10848209360858743,0.027543510820075796
2025-10-31,0.1086637835123365,0.03505327514157121,0.45800747689795496,0.11788260997676887,0.05811120967571525,0.009657115969202473,0.02969149793149367,0.04857233653735946,0.1069860390205137,0.027374655337083782
2025-11-03,0.10941337089150799,0.03573606439865661,0.45765419484666825,0.11803816820982059,0.05690291135893703,0.009768912439907561,0.029355272794970588,0.046852609387942924,0.10881327430147175,0.027465221370116547
2025-11-04,0.11097114951009744,0.03585230156383182,0.45831358758326696,0.1177872873810978,0.0564581637292675,0.00969378585425027,0.029397416839346577,0.04670944011046087,0.10732154963843485,0.027495317789946138
2025-11-05,0.11433511841978891,0.036589192412022194,0.4573311140386339,0.11622284629691716,0.056845669859918305,0.00970747603355127,0.029723502332227092,0.046900239745383196,0.10503071288222776,0.027314127979330124
2025-11-06,0.11517615969541171,0.036941348195843916,0.45609349968442553,0.11566076688069532,0.057062302609677214,0.009887941618381963,0.02995244022237942,0.04658928004629369,0.10547252083080425,0.02716374021608701
2025-11-07,0.11412524802186536,0.03670807395410856,0.45801655037491174,0.11492050916932738,0.0570874065434897,0.009786698356187293,0.02996729690895464,0.046769903175837395,0.1055845900242813,0.027033723471036695
2025-11-10,0.11435773075752773,0.036639243006099755,0.4581574143980845,0.11567487564250452,0.05721957051266729,0.009775410949453178,0.030095885205935854,0.04670037070562254,0.10432660098019156,0.027052897841913233
2025-11-11,0.11262629727978403,0.0361917328597417,0.4601232599214029,0.11781979590304564,0.057508898770890465,0.009741661551161834,0.02954577256255252,0.045924773953321764,0.10311546385266726,0.027402343345432033
2025-11-12,0.1133239395439761,0.036230702569783266,0.45997088889222437,0.11802844359634809,0.05770489264197526,0.009849297856198225,0.02962314828575665,0.045919910713753856,0.10202854101694435,0.027320234883039925
2025-11-13,0.11305222073250011,0.03593788643261987,0.46015637297579143,0.11719020514363562,0.05780856280683621,0.009807823432232141,0.029309745950583575,0.045792013421101514,0.10337173299120928,0.027573436113490342
2025-11-14,0.11261935026867931,0.035710257323410204,0.4604631054025987,0.11764717274092448,0.0574312262202542,0.00984959193906318,0.028344209618261902,0.045007271944767294,0.10549599800342264,0.027431816538618006
2025-11-17,0.11508032984445446,0.035825500968104246,0.45921018289231974,0.11746958248129884,0.05728093579752286,0.009935892957669258,0.028030715324733738,0.04460587192750415,0.10510144690504396,0.027459540901348937
2025-11-18,0.11407599740078422,0.035749044496987306,0.4635657469392767,0.11736431394279129,0.05665205300636349,0.010044878135573506,0.027798003066415132,0.04435372647030904,0.1032224079119075,0.027173828629591747
2025-11-19,0.11340049218293556,0.03570646247564428,0.46499207480999427,0.11753169414496117,0.056521130082243465,0.010029556829855991,0.027567570135475054,0.04424574373844502,0.10315586915338712,0.026849406447058074
2025-11-20,0.11434764819352491,0.035879798140018015,0.46445596865335786,0.11733444059806916,0.056718091438121676,0.009965095293668019,0.027790650340769853,0.04443860031706721,0.10226524240118215,0.026804464624220883
2025-11-21,0.11492964627829143,0.03547479295134913,0.46363513259083383,0.11779107064888557,0.057036935116888274,0.010087175346193609,0.02789608037108047,0.04480710377228293,0.10155190481515976,0.02679015810903489
2025-11-24,0.11449261246692968,0.035792501248004385,0.46517006066934335,0.11766174323035211,0.05710379085151067,0.010144386582210946,0.02799816697852112,0.04468794306924879,0.10002392328669729,0.026924871617181653
2025-11-25,0.11334869844221561,0.03574153014744171,0.4635333212025824,0.1172788257985508,0.05727511708364597,0.01033495254883462,0.027955724782420196,0.04469349092586497,0.10263691593496274,0.02720142313348098
2025-11-26,0.11532350596767002,0.036646005762068765,0.46067067053614996,0.11713765967683012,0.05715394921126694,0.010223394316894854,0.027965196736136226,0.04483323132203812,0.10289384819241079,0.027152538278534203
2025-11-27,0.11447383105927801,0.03607582273906475,0.46085447888683856,0.11657407278973723,0.057369052148400726,0.010209959924829017,0.027747187529412864,0.04466453095843827,0.1051098516501291,0.026921212313871574
2025-11-28,0.1149284167004685,0.03634919524103938,0.4601496104365181,0.11622919870709715,0.05735452662487309,0.010286722561286918,0.02828886859954073,0.04503163928555908,0.10462825968048872,0.026753562163128217
2025-12-01,0.11359959676021351,0.03637403807295272,0.46188105276810254,0.11632032970005805,0.057486061151869404,0.010306725364237391,0.028027360567637587,0.04486448685431893,0.10477338308788806,0.026366965672721652
2025-12-02,0.11379654149322872,0.037230712859779316,0.46079294279321675,0.11604937677187718,0.05814713204825633,0.010076191509334104,0.02809097300180759,0.04497810711866233,0.10447089214105368,0.026367130262783974
2025-12-03,0.11444809737574801,0.038030622525066886,0.4598175845525747,0.11569710261699581,0.05857932350790415,0.010023928870488487,0.028265169100783,0.04530466169742822,0.10372710420254945,0.02610640555046132
2025-12-04,0.11377335650998906,0.0374872336085151,0.4594628160144208,0.11520178507131902,0.058688542834624734,0.01022729961125976,0.02854472366558082,0.046158892061591766,0.10389407744198333,0.026561273180715633
2025-12-05,0.1138237352639796,0.036960511700275075,0.4595556727289314,0.11448897375606452,0.05909912639408906,0.010195929736753841,0.02863251879161704,0.04623819165580972,0.10476764455676352,0.026237695415716227
2025-12-08,0.11322947444150579,0.03654145086550708,0.46063728569770707,0.11478374570359819,0.05888756990251974,0.010055213005203699,0.028434758173707705,0.04600780977201496,0.10520310384245,0.02621958859578571
2025-12-09,0.11427244805260874,0.03644898928097735,0.45928102174807084,0.11370077337004213,0.05892706624635973,0.010044709452946912,0.028359025827131835,0.045338258025358895,0.10720714226098685,0.026420565735516734
2025-12-10,0.11443217325894532,0.036555935839097956,0.4578502835780946,0.11231793063625131,0.05898271677168054,0.010006764044853268,0.028659737629532847,0.045557738258634184,0.10925989584622003,0.026376824136690076
2025-12-11,0.1122357237226017,0.03676393112577574,0.45781109380802576,0.11291358517392412,0.058931607231256865,0.009890806689385079,0.028808462473653127,0.04578703908133965,0.10963005581923087,0.027227694874806942
2025-12-12,0.1122289038328504,0.03637881051993194,0.4592027304207401,0.11280193537087548,0.059133334828657,0.009773056149795381,0.028604023171845912,0.04572407844411664,0.10928207781787806,0.026871049443309026
2025-12-15,0.11305378204384262,0.03633397998278647,0.4602311318175704,0.11206415360624124,0.05904940028052997,0.01004827197918774,0.02849332799847719,0.04540253602729822,0.10865312274762098,0.0266702935164452
2025-12-16,0.11336773692501613,0.03620438654556618,0.46235160492547833,0.1130123556392289,0.0592729391183594,0.009936356068021738,0.02837214290614706,0.045102931152204755,0.10547913830991416,0.026900408410063307
2025-12-17,0.11258701136610709,0.03646267962712895,0.46393379216530767,0.11427427582664723,0.059613888714094565,0.0099044543782119,0.02836162859372933,0.04572435893087515,0.10228171577561591,0.02685619462228207
2025-12-18,0.1121901308428097,0.036323707127222646,0.46454207515976326,0.1139397436278257,0.05959219228462921,0.009884186460901405,0.027992375493628846,0.04518855586975227,0.1035983210061239,0.026748712127342988
2025-12-19,0.11478453281272416,0.037083853318298034,0.4641626434028053,0.1110276753680928,0.05942777632125591,0.009851168552339973,0.028217889129405156,0.04531442308232107,0.10314986088012704,0.026980177132630612
2025-12-22,0.11617445243734523,0.03671886940000661,0.4595968299960506,0.11167390574045877,0.059982032847942526,0.0098870269631095,0.028148101438729055,0.04543994684484591,0.10512483801963722,0.027253996311874716
2025-12-23,0.11599101764281255,0.03635129711204426,0.4604883224593723,0.11182605895003261,0.05979235317566703,0.00976150746208662,0.02804943643666653,0.04504919928516372,0.10559753996690925,0.027093267509245216
2025-12-24,0.11626612526808439,0.03663892859042233,0.4599156201211007,0.11110103696743034,0.0597641818974815,0.009687332006411503,0.027959867781385542,0.04490875061406495,0.10700252105004572,0.0267556357035728
2025-12-25,0.11658373266650406,0.03662949151424932,0.4595467256780718,0.11111606440854745,0.05980750664266418,0.0096898667719649,0.02828592183903605,0.04504686310120892,0.10645685830691479,0.026836969070838646
2025-12-26,0.11591768417929817,0.03643510195543411,0.46103026693046895,0.11176261861004487,0.05965629513685457,0.009654963434312559,0.027944249000593138,0.04476822041076887,0.10609209717458791,0.026738503167636797
2025-12-29,0.11666262544099655,0.03617339088877468,0.46178514266789833,0.11111878151133273,0.059536565347757274,0.009606265574963784,0.028011668791525047,0.04464845584678542,0.1056803554657762,0.026776748464190096
2025-12-30,0.11882151699572675,0.037560266393182704,0.46020093561086306,0.10994565491286498,0.05978692733674548,0.009343158731991713,0.027695503272175667,0.044440730373620625,0.10527214733862242,0.02693315903420654
2025-12-31,0.11797745587550489,0.03764822692530452,0.4600167145770085,0.11015454750907393,0.060009759892346026,0.009358397344374415,0.027717461085749732,0.044569236599776414,0.10558089346784834,0.026967306723013257
2026-01-05,0.11869722950777431,0.03763552518419376,0.4593002832455629,0.1095165107493538,0.05999942018403151,0.009411093952246402,0.02796891942242161,0.04505387674390663,0.10529807978108754,0.027119061229421426
2026-01-06,0.11570501982652642,0.03635097489852434,0.4638135340615909,0.10878248113651286,0.0593003215217083,0.009244839565259939,0.027339180418809412,0.04403577011754768,0.10874327827412648,0.026684600179393517
2026-01-07,0.1175410638370361,0.03619028801031487,0.46282300621213807,0.10866861793102661,0.05917737158364616,0.009207961720097189,0.027304545195748917,0.043976315571076195,0.10832395343063327,0.02678687650828262
2026-01-08,0.11673274187363111,0.0356715325312229,0.4628888522407523,0.10838391748738405,0.058826375783362084,0.0091498370834306,0.027647091661918193,0.043981107374879,0.11005498315818228,0.026663560805237563
2026-01-09,0.11572835306856732,0.0353884667461512,0.46230526810812306,0.10846589701071079,0.05921231096667926,0.009251775977606035,0.02780754897316975,0.044415753429439625,0.11034326848939927,0.027081357230153567
2026-01-12,0.11502723474900557,0.0349221486341257,0.46348934597746866,0.10846559959894493,0.0591379465636401,0.009256116127126578,0.0277660590614668,0.04446191474375835,0.11040738295648804,0.027066251587975036
2026-01-13,0.11505183475203598,0.03453900862479488,0.4631596840161393,0.10949621598417116,0.05899717875862148,0.009249774528203953,0.02766579451203666,0.04454344460975135,0.11012943373258513,0.027167630481660182
2026-01-14,0.11585362447874864,0.03504951422263615,0.46039900601213085,0.10923070653326193,0.05886193931925671,0.009318201635413238,0.02790611139756432,0.04480736206140118,0.11158056790135266,0.02699296643823437
2026-01-15,0.11436424894704361,0.03482345537470685,0.46127369679126473,0.10947328158792874,0.05932987683418349,0.009462784365113941,0.028029105619511472,0.04506417302330947,0.111239916283904,0.026939461173033565
2026-01-16,0.114060651547018,0.034793415491175865,0.4613215963768079,0.10922549167496626,0.059606804576211696,0.009436604424875787,0.027961312721019815,0.045265958483715125,0.11120739234365189,0.02712077236055759
2026-01-19,0.11350602361814609,0.03450968749350298,0.462260766301289,0.10902929227572242,0.06037004672671111,0.009466556337330215,0.02817930311643485,0.04568377511181819,0.10980877281833439,0.02718577620071081
2026-01-20,0.11389997975585826,0.03453004881596428,0.46185129220286725,0.10877307096699014,0.06084982225634681,0.00949296670674242,0.028641835189721944,0.04609202004517868,0.10873113460661432,0.02713782945371585
2026-01-21,0.11384976869260585,0.03496114672059702,0.4605963370298885,0.10904519095902399,0.061917680134468384,0.009481912054803438,0.02895790920990396,0.046647452309722066,0.10752717263437542,0.027015430254611374
2026-01-22,0.112878510888726,0.035074179577170475,0.460184625304438,0.10879754318256589,0.0621150960492508,0.009607147940112462,0.028869338927882845,0.04672278281723144,0.108497263785121,0.027253511527501113
2026-01-23,0.11217912710724397,0.03529135561871245,0.4597048880971147,0.10926790013235518,0.06268244375874084,0.009660538969627621,0.02916368275080519,0.046802012180119576,0.10807382528915986,0.02717422609612047
2026-01-26,0.11155109298448784,0.035277339665358017,0.4615737900830324,0.11020934329614378,0.060888530225470666,0.009772844486498069,0.029062391856481757,0.04674029368775983,0.1079381509471052,0.026986222767662275
2026-01-27,0.11041429187550163,0.035703363122485815,0.4644079099051781,0.1097756781474558,0.06047689486832566,0.009838307274485108,0.029131893513814018,0.04685207140693511,0.10667393982421568,0.026725650061603008
2026-01-28,0.11060053604766439,0.035740273964129675,0.46702556008504903,0.10888859433158826,0.06052316283374641,0.00975052569406216,0.028940646884917785,0.04671856189599266,0.10542516211036695,0.026386976152482634
2026-01-29,0.11032406057975526,0.03606560422834683,0.4658395985171817,0.10984826685061788,0.060337583828643376,0.009721279546935946,0.028951062593993694,0.04696592387180933,0.1054798659775944,0.026466754005121534
2026-01-30,0.10596292884807225,0.03470463447347378,0.47722159119947405,0.11396763856734066,0.057725939196879184,0.009385678778404105,0.0275819501425186,0.0445443493522719,0.10223120759198519,0.02667408184958023
2026-02-02,0.10715124858148746,0.03524954530199611,0.4750261730886727,0.11035253817465114,0.05869341105830717,0.00937031022779041,0.027632834450367776,0.04580422762753726,0.10451789318508446,0.02620181830410555
2026-02-03,0.10710137537782925,0.035214147833977916,0.47925968205765085,0.11169141454627916,0.05789720700159808,0.009470771356161697,0.027585819893624602,0.04527051465391996,0.10055538707413737,0.025953680204821142
2026-02-04,0.10541018792318899,0.034491002368819954,0.4870155955700748,0.10980112569756843,0.05665679241384286,0.009309240094969855,0.027058160948095808,0.04411548443207748,0.10057787284030556,0.02556453771105628
2026-02-05,0.1046371307996077,0.03435781201344065,0.4923011358377939,0.10858864225123445,0.05614178690485862,0.009221107330410044,0.02690756710442148,0.04380222223783245,0.09855310750633087,0.02548948801406987
2026-02-06,0.10418289619827138,0.03511187127639838,0.49464864220469407,0.10736631545699452,0.05537812415142933,0.0092553496986985,0.026575280798767538,0.043303982032712254,0.0980567897590907,0.02612074842294332
2026-02-09,0.10334301550920903,0.035711999046655715,0.4914836209252166,0.107594717884991,0.05595379611895311,0.009345414758827749,0.027102227336265355,0.04435569341966331,0.09853960189759514,0.02656991310262306
2026-02-10,0.10308050633433063,0.035915545102079005,0.4926707510053142,0.1075113843723783,0.055809685870638184,0.009356500407331896,0.02703172873564799,0.04393239049265128,0.09837283913776766,0.026318668541860973
2026-02-11,0.1033932570949464,0.0363640315594863,0.4891872784676562,0.10731479578271333,0.056419220118833685,0.009387754333243495,0.02705472991201653,0.04430290021487537,0.1006227226375469,0.025953309878681684
2026-02-12,0.10353818845667677,0.0366905664532509,0.48868134955038806,0.10677411756221186,0.05626223466442339,0.009308190072812023,0.026931371497587817,0.04417424705180114,0.10141093526906506,0.026228799421782873
2026-02-13,0.10313331812268096,0.036721383000142264,0.48801986857665636,0.10645638502245036,0.05643034958354525,0.009435876177568019,0.027005844870413024,0.04434754015082442,0.10220312203131608,0.026246312464403284
2026-02-24,0.1026621371936898,0.03668643517482224,0.4879904751379857,0.10800961318850674,0.056388162745454905,0.009416223878422763,0.026838847620733575,0.04409039744131507,0.1013983293386273,0.02651937828044199
2026-02-25,0.10263800402875735,0.03666354923097669,0.48547492677254683,0.10788476124293656,0.05689384289170813,0.00950278422428695,0.02750268549170037,0.04515496928275967,0.10176199540154102,0.02652248143278659
2026-02-26,0.10163302589856552,0.03594951578693848,0.4902046024968249,0.1071304768966919,0.05657889127391305,0.009431239996115625,0.027244783627213116,0.044786108316002785,0.1007796428727304,0.026261712835004
2026-02-27,0.10265791494368433,0.03680587201398352,0.4880333738170141,0.10717633687367778,0.05596604940680284,0.009401158300004802,0.02785023331533714,0.0459064163037543,0.1000636664941375,0.026138978531603775
2026-03-02,0.10326215061075569,0.037065926687962616,0.4855629695261791,0.10762974319761419,0.055902006824814165,0.00950668543380249,0.028263654827009432,0.0465217987852056,0.10003980620287946,0.026245257903777276
2026-03-03,0.10414866468616472,0.03761675315528078,0.48471315025500933,0.10768782727092797,0.056005548785441055,0.009437473903432973,0.02895809860592011,0.04827324369406656,0.09729513275070173,0.025864106893054732
2026-03-04,0.10544867857664308,0.03798483185596074,0.4825934091554354,0.10756061775385888,0.05613837197114279,0.009435922984379253,0.02941567064796394,0.049387076512017056,0.09614720234257589,0.025888218200022923
2026-03-05,0.10508957372303948,0.038413840408477805,0.48033037548153446,0.10734136407879001,0.056565777165236086,0.009447728215931648,0.029712668532834392,0.05100190922235839,0.09625979250019383,0.025836970671603905
2026-03-06,0.10658735601678246,0.038029219491475065,0.47774120411867954,0.10738119762194287,0.05657603756088641,0.009347777753129963,0.02996877229991749,0.05131262753886447,0.09722667132728996,0.025829136271031755
2026-03-09,0.10607210192338155,0.03754244628266574,0.4751513642513039,0.10757157993660217,0.05669627812419386,0.0093751094536888,0.030003338851349738,0.05193516353951891,0.0998005763050768,0.025852041332218658
2026-03-10,0.10534452583515848,0.037262343230420644,0.4758620414753061,0.10718891876134182,0.05687764788511429,0.009411832875442505,0.030525902831838925,0.05255375179178371,0.09918823391757668,0.025784801396016764
2026-03-11,0.10551097233275221,0.03684421617645034,0.47387668761967644,0.1069254623834838,0.057063102592529544,0.00947627298275841,0.031070571156900706,0.05215231275407348,0.10131504895824624,0.02576535304312876
2026-03-12,0.10673809569949068,0.03699458502952531,0.4726040868435169,0.10691754036677975,0.057076879068120395,0.009541315541458827,0.03161134018312401,0.05298613098153644,0.09989043634234518,0.025639589944102505
2026-03-13,0.10751512587596367,0.03729953896606205,0.47080794362363254,0.10721768507730534,0.05730776851017952,0.009544523375343693,0.032450477020882044,0.053239078049111634,0.09913260598302695,0.025485253518492394
2026-03-16,0.10675471857708671,0.03702951996637331,0.47424128607079935,0.10705341085970041,0.05792243623077937,0.009677425469471094,0.03169354471857622,0.052357190534125,0.09798910490164275,0.025281362671445734
2026-03-17,0.1047910002457724,0.03683605342502972,0.4808435953159529,0.10670715957105348,0.057122107991014456,0.009415085589686026,0.03064747233123013,0.05105114310454099,0.09702439856866225,0.02556198385705751
2026-03-18,0.10462806824890561,0.03707361332617656,0.48363343595762154,0.10578481443783384,0.05672634379936639,0.00939066525874415,0.030539071225428312,0.04995613627742116,0.09718183708219426,0.025086014386308104
2026-03-19,0.10496383983770112,0.03727799049147881,0.48141202461347926,0.1053732564728195,0.05720585962526854,0.00940446805751794,0.03052457797728518,0.05003131785477488,0.0988099553021049,0.02499670976756999
2026-03-20,0.10531670093349166,0.03747829822836162,0.48083653272271376,0.10518051228477679,0.057082989158822844,0.00948562406276739,0.0308012202412949,0.050519422023970396,0.09826540541900497,0.02503329492479577
2026-03-23,0.10570034157083637,0.03736625677390936,0.480995742291471,0.1056542485117334,0.056906653749542874,0.009497824328623908,0.030872844392142156,0.05066281658337402,0.09728076830758943,0.025062503490777575
2026-03-24,0.10557471355160007,0.03675649913502913,0.4822620609007438,0.10640700175961135,0.05659195853979705,0.009338445869858195,0.03095594797560253,0.0512112322228004,0.09581093605798728,0.025091203986970016
2026-03-25,0.1073557349764497,0.03735629454659562,0.4775722956579292,0.10659521335122435,0.057072908531679886,0.0094719147869167,0.03138683737193949,0.051749642839962924,0.09647589003732916,0.024963267899972934
2026-03-26,0.10707238325838854,0.03724494412627587,0.47628913791094624,0.10724918392401181,0.057601553465330635,0.009541363701829507,0.0316905890625951,0.05140251345007469,0.09683949590456012,0.025068835195987526
2026-03-27,0.10860324703132024,0.03780618551263535,0.47693426389652305,0.10685673761077268,0.05776448450941553,0.009557434609320032,0.03237452254085429,0.052008622344798576,0.09314371693801361,0.024950785006346617
2026-03-30,0.10643355362475079,0.03724127124616182,0.4769030697534249,0.1071601487925014,0.05706498164729561,0.009458809491214177,0.03151647619452677,0.050909021573636554,0.09849842175627203,0.024814245920215996
2026-03-31,0.10612978688889045,0.037486591429525595,0.4771337193444063,0.10775510710953062,0.056586877082349156,0.009520752781172459,0.030906398899235774,0.05049093938249393,0.09930277281424789,0.02468705426814783
2026-04-01,0.10597206453551576,0.037468386560683235,0.4831294663277746,0.10665551685971847,0.05636584596784623,0.009353480284744026,0.03015745051087183,0.04912578354046262,0.09751664952691658,0.02425535588546654
2026-04-02,0.1055014601331865,0.03696149149991598,0.48181124776081274,0.10682261629081424,0.05614379728055439,0.009417681198192323,0.029564100569973946,0.04842926924640831,0.10101342386317247,0.024334912156969007
2026-04-03,0.10544555565636372,0.03679848248476649,0.48195598984367943,0.1074467159505697,0.05589269982673413,0.009512777737868853,0.02985949852220654,0.0485274510000008,0.10038340395370456,0.024177425024105657
2026-04-07,0.10499314564169826,0.03659283062593499,0.4853200679053038,0.10663196308076997,0.05571319542352911,0.009780555627151131,0.029428018056561766,0.04802141310610854,0.09933157246725476,0.024187238065687587
2026-04-08,0.10517509109382372,0.03687327876228938,0.483648393062532,0.10734347137931752,0.05608131600495337,0.009914354897850116,0.028874824687876634,0.047820429773661,0.0999000562510593,0.024368784086637167
2026-04-09,0.10500356343209487,0.03645374373730549,0.48470304832539063,0.10684934376606085,0.055940066506851106,0.009717705205206659,0.02863430907307165,0.04759912654932652,0.10074165370353229,0.024357439701160027
2026-04-10,0.1047423051537408,0.036254362242195345,0.4866665744313685,0.10597267950830275,0.055625451260666356,0.009704138392257082,0.028669085344623226,0.04754357665169365,0.10059809504317738,0.02422373197197503
2026-04-13,0.10475155602958551,0.0360312481007083,0.48636383034635217,0.10583286420463124,0.05587044185123663,0.009696686236852567,0.02867301987137062,0.047329251921240455,0.10116433330913337,0.024286768128889264
2026-04-14,0.10498712357712706,0.03629463231643627,0.48677669717778665,0.1070701852859413,0.056058935330599906,0.009798120226460311,0.02865041957775257,0.04751825129165537,0.09867248866872591,0.02417314654751461
2026-04-15,0.10536717951984038,0.03639697440320809,0.4857979922483468,0.10729747153931765,0.055987629979251934,0.00977135392225319,0.02837164392353876,0.04700533306039129,0.09997370309644983,0.024030718307402138
2026-04-16,0.10478694275607667,0.03663238049968414,0.4865947520659637,0.1064272983582873,0.05545538912732429,0.00967336534146692,0.028358370405858917,0.046816165006831605,0.10145599478062502,0.023799341657881494
2026-04-17,0.10458343949046968,0.036475402950080706,0.4864487843207137,0.10662092127279232,0.05551123778922777,0.009716168454550835,0.028333895716040575,0.047297534139635285,0.10129041196657224,0.023722203899916812
2026-04-20,0.10599836080740539,0.03739081031658366,0.47970389541628805,0.10762728118339841,0.056340214714183955,0.010145465668613319,0.02876171984479063,0.048230959609184075,0.10177278764033507,0.02402850479921756
2026-04-21,0.10553826194435902,0.0379140950654643,0.47990377247570254,0.10685587017970914,0.05620266130708967,0.009997164692792446,0.029155845015003467,0.04908774193262458,0.1015698231797168,0.023774764207538098
2026-04-22,0.10571633867897544,0.03865905973775432,0.47952804071616634,0.10650856520355337,0.056068541849275184,0.01020095304282942,0.029674307760596624,0.04971777055719395,0.10034782236434678,0.023578600089308555
2026-04-23,0.10503737597188281,0.03876504626628342,0.48082198719828195,0.10641515713204076,0.05636572675761418,0.01019210865585102,0.029458486785472086,0.04938242251649618,0.10023728745362266,0.02332440126245475
2026-04-24,0.10421121884688113,0.03943904448103262,0.4807831411879391,0.10626130224484878,0.05601415370231698,0.01025100383949958,0.029258902430067575,0.04924948696069211,0.10128212024039415,0.023249626066328
2026-04-27,0.10287435346714352,0.03881064217194718,0.48836040297090955,0.10510694696955881,0.05558107254510831,0.010171351908188348,0.028615691258055093,0.048123191965648966,0.09947167928015278,0.022884667463287423
2026-04-28,0.10504787196836396,0.0393484608282552,0.4800380417549002,0.1062520761067424,0.05739870902641442,0.010313140759712012,0.02930196358637989,0.04875979829373092,0.10041437188690194,0.02312556578859893
2026-04-29,0.1046875622949543,0.03937949469472537,0.4797973847105414,0.10606275343449495,0.058717007292732666,0.010371264914648404,0.029686316068300227,0.04913017805838999,0.09925807389044147,0.02290996464077108
2026-04-30,0.10489708193960105,0.03954003342967028,0.4783922176449473,0.104072767517295,0.061805263355580196,0.010399750957660957,0.0297021062692181,0.04876461735820848,0.09950933883909384,0.022916822688724567
2026-05-06,0.10458179402956122,0.040038993950497155,0.47795109886584686,0.10385871312931386,0.06183025636920546,0.01040260707990961,0.03006984906048354,0.048833783624062446,0.09856301455940222,0.02386988933171777
2026-05-07,0.10489327944421355,0.039544227460504074,0.4797314177328967,0.0997751839845923,0.06234637795948177,0.010542495455236806,0.03046365505691226,0.04977994155179406,0.09917223604673639,0.023751185307632258
2026-05-08,0.1048161171567603,0.03925920167464001,0.4790785770370188,0.10029471953697981,0.06234713124210066,0.010558832553216952,0.030398169309989145,0.050063367257019285,0.09941520449252492,0.02376867973975029
2026-05-11,0.10491348066917981,0.03913257973605765,0.48074378883189284,0.0999910209374262,0.06250676410894516,0.010602926720710915,0.030348822377487046,0.04995802107177775,0.09798668731177045,0.023815908234752187
2026-05-12,0.10511760068974527,0.03924335288980362,0.477588506837444,0.09983758398813,0.06349145960437902,0.010822985565294067,0.030407869148295883,0.05015961001294298,0.09951611231999088,0.023814918943974313
2026-05-13,0.10519570698453384,0.038812781183131806,0.4750271668157471,0.09844041697152081,0.06327880688444149,0.010769545187360108,0.030418591540911585,0.05019249575870388,0.10429188591873308,0.023572602754916346
2026-05-14,0.10551790714899845,0.03899401140003697,0.4744062845309429,0.09753422890572595,0.06362475321348106,0.010798591034092527,0.030615247717123276,0.05056950267775715,0.10449845274899211,0.023441020622849595
2026-05-15,0.10597225733504931,0.039406896653853316,0.4757684374817915,0.09777840097603696,0.06377186933281452,0.010890370959396135,0.03031656974138192,0.05047081873567375,0.10205509860897327,0.023569280175029263
2026-05-18,0.10661337148517148,0.039549179397635914,0.47589674534009596,0.09613517493578295,0.06432611438115862,0.011037068402931461,0.03048885959707555,0.05051492406752572,0.10216427286073583,0.023274289531886514
2026-05-19,0.10657487461252778,0.03924836558055054,0.4781266937422636,0.09585577934039516,0.06419216375919204,0.01106830849086862,0.030561793538856786,0.05124085400732749,0.10042685205701012,0.022704314871007915
2026-05-20,0.10663751722299962,0.03933722740025158,0.4775095955882082,0.09587279525042168,0.06380445275817724,0.011169840188864905,0.03164478198037922,0.053109379895032685,0.09859345758065907,0.022320952135005897
2026-05-21,0.10661736995789838,0.039464011992943256,0.4787170581001371,0.09644516886210744,0.06433675627336488,0.01152607830779737,0.031041652028864268,0.05118294494353073,0.09830694127096083,0.022362018262395745
2026-05-22,0.10712793037658914,0.03945358821254037,0.478442042492173,0.09654811370487941,0.06343492363583891,0.011666490256536934,0.030978512876591344,0.05065806532479617,0.09951736499594772,0.022172968124107136
2026-05-25,0.10897473770882546,0.039525772545517236,0.47649942213184837,0.09619518362903295,0.06399763692233737,0.011705004836318145,0.031515373100815314,0.0507162756531512,0.09879284463093,0.02207774884122408
2026-05-26,0.11030478115806475,0.03952687762985825,0.47579507883419886,0.09650184923258079,0.06393566600187729,0.011686791526345698,0.031905628233497164,0.05130689449924244,0.0969386483455083,0.022097784538826257
2026-05-27,0.11180684796993381,0.03941838474995095,0.4724967581520809,0.09587649265976021,0.06453065094162277,0.011781323155212166,0.03289675923185791,0.05244507681519571,0.09675930864180868,0.021988397682577043
2026-05-28,0.11120264528113188,0.03861854283402172,0.47633311681291096,0.09505832973860853,0.063134267153119,0.011684043327344027,0.032199670313500656,0.05232168777703699,0.09759445810466816,0.021853238657658185
2026-05-29,0.11344316458605946,0.03924111832445769,0.47581505904790855,0.09435652652035469,0.06329406008791136,0.010593670738551404,0.03297490315402356,0.05346497739396055,0.09503467331442636,0.02178184683234644
2026-06-01,0.1126028585654635,0.03833239371086392,0.4767440386732882,0.09477015531928565,0.06310357844743782,0.010386487111609766,0.03292102276540173,0.0530489682317746,0.09580881660107723,0.022281680573797483
2026-06-02,0.11297320752880477,0.04019423717631718,0.4739333482833596,0.09372814790280481,0.06338740050916668,0.010693052910739319,0.03362339397367007,0.05447534333097294,0.09447683673866757,0.022515031645496956
2026-06-03,0.1142132387568011,0.04037178542621536,0.4738957539542575,0.09310338394588617,0.06419626167176302,0.01070935198985662,0.03356587408828085,0.055002434373397094,0.09315925964364982,0.021782656149892644
2026-06-04,0.1150652521339495,0.04050064736182425,0.4712256015278757,0.09399575859921729,0.06506195466364056,0.01082163197061546,0.033659132137778984,0.055498441469019916,0.09212126092376174,0.02205031921231665
2026-06-05,0.11526173557001056,0.04053481718095268,0.4720138272032426,0.09374101106485253,0.06485155481981511,0.010827646876967066,0.03344172513667588,0.05536891441316416,0.09216105042660244,0.02179771730771716
2026-06-08,0.11696717060363165,0.041000078228192495,0.47281984632770796,0.0935194858087449,0.0640151853871017,0.010495745902762072,0.032681149663447824,0.053867633757785895,0.09285345025179842,0.02178025406882726
2026-06-09,0.1176267957536295,0.04210603223403743,0.4733223678060066,0.09304791633227834,0.0639967873510471,0.010464403605064114,0.03246787656107704,0.054011598297857184,0.09141091982449484,0.0215453022345079
2026-06-10,0.11747366934130597,0.042628321432598065,0.4723868739333152,0.09238742830651982,0.06383763972587456,0.010354966850416458,0.03282460981870479,0.05426046849596295,0.09261588041023516,0.02123014168506684
2026-06-11,0.1188095945229141,0.04280701368569953,0.4740164394352071,0.09129624840335858,0.06359245714084719,0.010209769254483286,0.032424625171197444,0.053045565415683935,0.09273002104175718,0.021068265928851405
2026-06-12,0.1178498482951629,0.042797119643147495,0.47384555439227605,0.091788451384522,0.06391247921101748,0.010008147092137164,0.032665983674198325,0.05355968326220874,0.0924114557069253,0.021161277338404602
2026-06-15,0.11566106764616281,0.04295315001164387,0.4742825016149732,0.09110319937937446,0.06338150101242611,0.00999009019959302,0.03298056166552138,0.05394879599814595,0.09451561383435124,0.02118351863780781
2026-06-16,0.11515165598457358,0.042142381424511294,0.4742717495021691,0.09225662542303656,0.06329753770106278,0.010122378645123392,0.03294635230289349,0.053607378657000604,0.0948523755905121,0.021351564769116968
2026-06-17,0.11562179670949647,0.041791967275371336,0.47459274820606695,0.09192783194933994,0.06315338475762655,0.01013036572812561,0.03284134700614819,0.05373954116413569,0.09501935891578911,0.02118165828790028
2026-06-18,0.11541806275682981,0.04210499031138989,0.47387591276887875,0.09195215700841212,0.06361513247328497,0.010191540715192666,0.032594378773169314,0.05376689325607493,0.09534434222507242,0.021136589711695002
2026-06-22,0.11383869046168107,0.041662103366176054,0.4717178383624679,0.09143972653642637,0.06388036123078064,0.010192406203007867,0.03249205231640468,0.05381321883968724,0.09981075482877208,0.021152847854596077
2026-06-23,0.11459067716544667,0.040892009899832174,0.4739361191498106,0.09074507735918916,0.06327724594587188,0.00991500196400657,0.032219256420898165,0.053314354971793515,0.10005211016927311,0.021058146953878153
2026-06-24,0.11517736831870895,0.041478284599486145,0.4712133267211898,0.08948063636405762,0.06439038656250097,0.010149052146497884,0.03290123070872377,0.0538876565903567,0.10024247330324206,0.021079584685236092
2026-06-25,0.11313516304976137,0.040691519542106265,0.47142188400044027,0.08884544179852655,0.06490938410871293,0.010140353225311071,0.03291843458445091,0.05317457905110017,0.10414548917123609,0.020617751468354286
2026-06-26,0.11194566851310085,0.04018963556497903,0.4731472907751214,0.0909059859582487,0.06499684569242718,0.010045444473898508,0.032468527415063606,0.05172013707586237,0.10371026418758161,0.020870200343716807
2026-06-29,0.11352862972411289,0.04049876133546047,0.46731893962831045,0.09085372087363174,0.06633327428254976,0.010150039605262319,0.03344067715349528,0.053698374877823724,0.10333423555471637,0.020843346964636973
2026-06-30,0.11150549633683315,0.0396336186987363,0.46627402125086187,0.08965879186570312,0.06630020157667699,0.010158854161786959,0.033355284657061106,0.052106974893574375,0.10965697928923833,0.02134977726952761
2026-07-01,0.11065339318757665,0.038607363231634086,0.4679142944783052,0.09069293344274104,0.06632211305941739,0.01000118916550894,0.033638917195872094,0.05229620551771926,0.1090566715903461,0.02081691913087922
2026-07-02,0.1103755843684992,0.03899845167284739,0.46576263277762947,0.09033721900904537,0.06553103103987491,0.010109782242321985,0.03347315668857975,0.0523094616611617,0.1114776718095009,0.021625008730539134
2026-07-03,0.1119003145640559,0.039622535725353326,0.46610302566171946,0.08842538217627062,0.06597183443696474,0.010323216927985695,0.033616393939968826,0.05272141673351899,0.11003615990782314,0.02127971992633924
2026-07-06,0.11167274693221772,0.04000337563137686,0.4632067446937206,0.08815574463662207,0.06660462507405218,0.010431761396009617,0.03332383304720206,0.05311563904053451,0.11211179780106,0.021373731747204423
2026-07-07,0.11080213912721514,0.04032968095854967,0.4616757201357701,0.08761054244155433,0.06684753935692618,0.010549392662480119,0.033042251592659604,0.05262157593874495,0.1152995406030538,0.021221617183046285
2026-07-08,0.11212713735408358,0.04094596202001736,0.46126449210383885,0.08640817253876794,0.066762274039723,0.010777525310987435,0.033416352729509775,0.05349127630079043,0.11404699385395722,0.020759813748324328
2026-07-09,0.11260489187637875,0.04086236879775169,0.46351974132875584,0.08578241276826,0.06674377724533127,0.010863997149620252,0.0333104880763935,0.05466465531917292,0.11083096437826205,0.020816703060073653
2026-07-10,0.11293486217810787,0.040837883307275946,0.4587789098900647,0.08543497773409806,0.06649557049104118,0.0106328788259101,0.03411789556138802,0.05552485033546078,0.11458178720142272,0.02066038447523069
2026-07-13,0.11220322784607567,0.04024554958607399,0.46084050194440807,0.0875089898248847,0.06554822123210542,0.010388109882544985,0.033623032008216154,0.05483348820581048,0.11320411325303048,0.021604766216850195
2026-07-14,0.11231498112384855,0.04075153461787439,0.45988511658904707,0.0858682839913924,0.06587045116076103,0.010366154722778109,0.03399472275143235,0.05552362404383213,0.11240877176678626,0.02301635923224778
2026-07-15,0.11191476520567147,0.041252352671887094,0.46024529064521685,0.08634264377111013,0.06650879379114916,0.010411353127341347,0.034518856889855155,0.055389185393678535,0.11026597834694254,0.023150780157147853
2026-07-16,0.11110583121680465,0.04085526128215709,0.46101503187643633,0.0874185538611882,0.06576668066789886,0.010332308355837592,0.03430811748134182,0.05387731629598596,0.11249968990798184,0.02282120905436779
2026-07-17,0.11040712444748588,0.04101621700850545,0.4649354855843499,0.0847399422847676,0.0659081906401607,0.010458511091535347,0.034263705906740764,0.05333277614209511,0.10978105863123622,0.025156988263123087
2026-07-20,0.11164938128480188,0.04108366821235611,0.4655572010941625,0.08394367523116546,0.06651160534450792,0.010425085205075681,0.03511590532954365,0.05449003361528606,0.10492971686471282,0.02629372781838795
2026-07-21,0.1106311164951062,0.039716532639684235,0.4730167371196801,0.0843525425337882,0.06479070266116024,0.010323725163849471,0.034109763273752966,0.05384928398996478,0.10513054313704573,0.024079052985968023
2026-07-22,0.109265011608883,0.03960620224258172,0.4718919120760045,0.08332288056258517,0.06561641673777086,0.010311902077369367,0.034720766562981974,0.05479096805908775,0.10521821310557122,0.025255726967164393
2026-07-23,0.11074449401186093,0.03975125859917948,0.4695726462082065,0.08351736566557713,0.06587935065332136,0.010342369842330503,0.035251633303420876,0.05480790152082251,0.10582058956062028,0.024312390634660376
2026-07-24,0.11198144753887321,0.040269947325022544,0.4680316183169784,0.08418145127828157,0.06585261036910843,0.01021504787996347,0.03507168596750828,0.05490732308478207,0.10561054772262427,0.023878320516857864
2026-07-27,0.11294339523036642,0.0405327631531752,0.47221483792305613,0.08314506095597733,0.0659852605326267,0.00999795815473671,0.03453871107770543,0.05446231540831992,0.10328960842213072,0.0228900891419055
2026-07-28,0.11308531546086173,0.04065022567754815,0.47069597527038776,0.0837600423823357,0.06606199131469308,0.010003575418001055,0.03440507293459071,0.05380410725883223,0.1038796460451627,0.023654048237586968
2026-07-29,0.11314434374783097,0.04047744338570714,0.4743051596029894,0.0834562425059163,0.06569052759382633,0.009539275476118565,0.03474212668498525,0.05339235488459737,0.10166610168682168,0.023586424431206975
2026-07-30,0.11260602528592194,0.040554243403079476,0.47266024015918806,0.0835149288748452,0.06677592741653579,0.00978517978447603,0.03484744988535186,0.05332688962396167,0.10237666321232744,0.023552452354312556
2026-07-31,0.11261761463483233,0.040577724931508206,0.4742829848874405,0.0849594627981785,0.06627929820165034,0.010015164274674066,0.034411090182011876,0.052635036213155774,0.10105869147878856,0.023162932397759888
2026-08-03,0.11234139640309546,0.04038565907513076,0.47420788747191717,0.08503739392976321,0.06654892803559745,0.009793026615611426,0.03428525674736113,0.052956898276133396,0.10081502077332154,0.02362853267206858
2026-08-04,0.1135747168319888,0.04043623595668901,0.47733730300187277,0.0851361816631798,0.06446603010260565,0.009587849287689132,0.03423122937267698,0.05297766612501696,0.09884044963347373,0.02341233802480716
2026-08-05,0.11235276726665136,0.040210151813499684,0.47499124573444085,0.08536041194318428,0.06492290162293719,0.00962794465300646,0.034413142356488034,0.052973198981257685,0.10141921220790118,0.023729023420633467
2026-08-06,0.11261177905254835,0.04024021989701814,0.47333427115757154,0.08493670716502826,0.06537556504615805,0.009625438858237434,0.03431143369941541,0.05264774477626625,0.10299118542139228,0.02392565492636442
2026-08-07,0.11360589653472009,0.040511418710001114,0.4751746269859837,0.08398000580208005,0.06549188256130158,0.009603208626505702,0.03459882788765807,0.052767623613710714,0.10046864080945782,0.023797868468581215
2026-08-10,0.11244707096808294,0.04015354329073775,0.47416059735456284,0.08446638428113494,0.0650752539977647,0.00952682845075966,0.032999948705529664,0.052196250193565136,0.10502944224282762,0.023944680515034993
2026-08-11,0.11058784062861018,0.03963054232108824,0.4804397550550355,0.08426424736863143,0.06490899759715099,0.009453635350486912,0.03252273952277113,0.051704818454532925,0.10246076513238377,0.024026658569308697
2026-08-12,0.11003478285602457,0.039656773395733244,0.48034357949924317,0.08307688562362951,0.0648019456698172,0.009454613173695763,0.03261890472496449,0.05199774225444828,0.10411610252848236,0.023898670273961347
2026-08-13,0.10986491921844378,0.03982260522231769,0.4815268325952981,0.083810301339183,0.06463283139741112,0.009562252958703242,0.03214164131171751,0.05178074051238023,0.10348334567211871,0.023374529772426548
2026-08-14,0.10994853707260169,0.039628678199730184,0.48442971616311725,0.0833733847346298,0.06444885160245817,0.009434318480496256,0.031927747795369624,0.05172705721847893,0.10202446715916443,0.023057241573953665
2026-08-17,0.11032897478479908,0.0399673271825556,0.48507305363677433,0.0827738596641234,0.0646233451179236,0.00945489684869003,0.03189353236326316,0.05177036865391485,0.10098462264011437,0.023130019107841716
2026-08-18,0.11132204751602755,0.04110770249781536,0.4768948250673447,0.08308154900242415,0.06591990335395252,0.009722525941408234,0.03270688353723645,0.052547462477893235,0.10352606339271347,0.023171037213184295
2026-08-19,0.11124181731444502,0.041760214328391033,0.4778209809102361,0.08294008090043499,0.0660790031777497,0.00959156945927368,0.03238740380783046,0.05294454033367957,0.10235827915688306,0.02287611061107658
2026-08-20,0.11252834005112583,0.0423851619181492,0.4766164102507286,0.08134725226340296,0.06747145482706532,0.009555668712405178,0.032808165559295936,0.05300915852136224,0.10188927701341703,0.022389110883047767
2026-08-21,0.11344903862459643,0.043480206142822234,0.47632603239648724,0.08255782523298541,0.06845082242531297,0.009763003965766424,0.03292063587135454,0.05304411648291721,0.09693076469817417,0.023077554159583426
2026-08-24,0.11467616393642205,0.04360229197350402,0.47635310350831367,0.08272769058113795,0.06915696437537122,0.009799011314453572,0.03297407068184301,0.05343478977031652,0.09486096622888854,0.02241494762974932
2026-08-25,0.11437462935085277,0.043059426880478285,0.48218630332290174,0.0820305036433397,0.06864370660589426,0.009563496589779069,0.032989507402664875,0.053320336265935395,0.09175686314591486,0.022075226792238965
2026-08-26,0.11294314086629828,0.042474914166368054,0.4827771203810677,0.08221856754693022,0.06904461836463849,0.009646391765868196,0.032951821265139264,0.05401965176378776,0.09138505295895875,0.02253872092094365
2026-08-27,0.11385141210155102,0.04280805872952277,0.48113864399655953,0.08245076547961996,0.0688074786398078,0.009641413094749448,0.03322495096701928,0.053720779713203014,0.09164900010316104,0.022707497174806204
2026-08-28,0.11371108824681421,0.04286123468882759,0.4819660658458467,0.08236034874209508,0.0656255094058257,0.00965294165362374,0.03321817599592863,0.05358338566257902,0.0942752801982263,0.022745969560232997
2026-08-31,0.11042476179020015,0.04289651061627455,0.4855198516489025,0.08309467391544514,0.06539678137234282,0.00965025536039461,0.032684587101296556,0.05332010430154485,0.09402089202376948,0.022991581869829192
2026-09-01,0.11134089303133958,0.043240739047474615,0.48727271471482453,0.08297919092252701,0.06544180305740342,0.009642902885808442,0.03289313194593853,0.05336942170364685,0.0917178510983925,0.022101351592644588
2026-09-02,0.11332513357260182,0.04396504160346154,0.48464321431754237,0.08317733070234247,0.06441823959034051,0.009569094308716474,0.03323996598363579,0.0539690819717382,0.09153690569202641,0.022155992257594417
2026-09-03,0.11327616187246685,0.04388394476475237,0.4850169041499303,0.08220131076383481,0.06445301549619621,0.009457728330378197,0.03394073742954599,0.0551549764001334,0.0904430230900542,0.022172197702707463
2026-09-04,0.11332008084076114,0.04375365950918827,0.48490831354952707,0.08193330107221958,0.06480505532574908,0.009436009234236944,0.03404051517111953,0.05463891767332553,0.09109974334813736,0.02206440427573538
2026-09-07,0.11333894226758648,0.043536854360906686,0.48870461231371404,0.08212586386610662,0.06417934798409838,0.009409629907895402,0.033527810692650525,0.05344961906774432,0.08978172478309254,0.021945594756204997
2026-09-08,0.11317059773102411,0.04369847624345787,0.4873933586363027,0.08217822210163422,0.06455482200821623,0.009439117348932888,0.03379331655144897,0.052879327898541245,0.09096463458032382,0.021928126900117993
2026-09-09,0.11430474584818881,0.04421243239410388,0.4865332405563227,0.08267283976790006,0.06375546015712404,0.009373259279496097,0.033621032431989675,0.05322267967284259,0.09018433425959073,0.022119975632441242
2026-09-10,0.11482531888758707,0.04452389233527873,0.4834695164625022,0.08275466313930793,0.06523136008729456,0.009372850745566692,0.03446160710125714,0.05442367188360469,0.08890668699813024,0.022030432359470897
2026-09-11,0.11619305865006083,0.04614731970144607,0.4835778791922522,0.08234904584042381,0.06567279430245003,0.009318177751156988,0.03484040476187983,0.054511185758150504,0.0857682968210146,0.021621837221165147
2026-09-14,0.11620264388260126,0.04583202746031104,0.4827773656136191,0.08199733604579548,0.0657204464346636,0.009297963803807352,0.035054683226571876,0.05546713538103426,0.08577315705877274,0.02187724109282333
2026-09-15,0.11600123523317167,0.04573951123483366,0.482466606424973,0.08188224111448981,0.06548349324688829,0.009607408365919721,0.03505205910814303,0.055647580972822054,0.08649227726056406,0.02162758703819462
2026-09-16,0.1151597864212053,0.045652636819458275,0.48313662966792303,0.08215480126447974,0.0651454821395063,0.009684423136247707,0.03531734179600751,0.05533064262596824,0.08692663156558135,0.021491624563622524
